ISO-10303-21;
HEADER;
/* Generated by software containing ST-Developer
 * from STEP Tools, Inc. (www.steptools.com) 
 */
/* OPTION: using custom renumber hook */

FILE_DESCRIPTION(
/* description */ ('STEP AP214'),
/* implementation_level */ '2;1');

FILE_NAME(
/* name */ 'TS-112-G-AA',
/* time_stamp */ '2026-02-06T20:49:45+01:00',
/* author */ ('License CC BY-ND 4.0'),
/* organization */ ('CADENAS'),
/* preprocessor_version */ 'ST-DEVELOPER v20',
/* originating_system */ 'PARTsolutions',
/* authorisation */ '  ');

FILE_SCHEMA (('AUTOMOTIVE_DESIGN {1 0 10303 214 3 1 1}'));
ENDSEC;

DATA;
#10=PROPERTY_DEFINITION_REPRESENTATION(#14,#12);
#11=PROPERTY_DEFINITION_REPRESENTATION(#15,#13);
#12=REPRESENTATION('',(#16),#3769);
#13=REPRESENTATION('',(#17),#3769);
#14=PROPERTY_DEFINITION('pmi validation property','',#3781);
#15=PROPERTY_DEFINITION('pmi validation property','',#3781);
#16=VALUE_REPRESENTATION_ITEM('number of annotations',COUNT_MEASURE(0.));
#17=VALUE_REPRESENTATION_ITEM('number of views',COUNT_MEASURE(0.));
#18=DEGENERATE_TOROIDAL_SURFACE('',#2492,0.00199999999999994,0.00700000000000005,
 .T.);
#19=DEGENERATE_TOROIDAL_SURFACE('',#2497,0.00200000000000004,0.00699999999999996,
 .T.);
#20=CONICAL_SURFACE('',#2473,0.026,1.30899693899575);
#21=CONICAL_SURFACE('',#2487,0.0305,0.349065850398866);
#22=DRAUGHTING_PRE_DEFINED_COLOUR('yellow');
#23=CONTEXT_DEPENDENT_SHAPE_REPRESENTATION(#49,#3783);
#24=CONTEXT_DEPENDENT_SHAPE_REPRESENTATION(#50,#3785);
#25=CONTEXT_DEPENDENT_SHAPE_REPRESENTATION(#51,#3786);
#26=CONTEXT_DEPENDENT_SHAPE_REPRESENTATION(#52,#3787);
#27=CONTEXT_DEPENDENT_SHAPE_REPRESENTATION(#53,#3788);
#28=CONTEXT_DEPENDENT_SHAPE_REPRESENTATION(#54,#3789);
#29=CONTEXT_DEPENDENT_SHAPE_REPRESENTATION(#55,#3790);
#30=CONTEXT_DEPENDENT_SHAPE_REPRESENTATION(#56,#3791);
#31=CONTEXT_DEPENDENT_SHAPE_REPRESENTATION(#57,#3792);
#32=CONTEXT_DEPENDENT_SHAPE_REPRESENTATION(#58,#3793);
#33=CONTEXT_DEPENDENT_SHAPE_REPRESENTATION(#59,#3794);
#34=CONTEXT_DEPENDENT_SHAPE_REPRESENTATION(#60,#3795);
#35=CONTEXT_DEPENDENT_SHAPE_REPRESENTATION(#61,#3796);
#36=NEXT_ASSEMBLY_USAGE_OCCURRENCE('NAUO1','TS-112-G-AA_socket',
'TS-112-G-AA_socket',#3797,#3798,'');
#37=NEXT_ASSEMBLY_USAGE_OCCURRENCE('NAUO2','-101-G-AA_pins',
'-101-G-AA_pins',#3797,#3799,'');
#38=NEXT_ASSEMBLY_USAGE_OCCURRENCE('NAUO3','-101-G-AA_pins',
'-101-G-AA_pins',#3797,#3799,'');
#39=NEXT_ASSEMBLY_USAGE_OCCURRENCE('NAUO4','-101-G-AA_pins',
'-101-G-AA_pins',#3797,#3799,'');
#40=NEXT_ASSEMBLY_USAGE_OCCURRENCE('NAUO5','-101-G-AA_pins',
'-101-G-AA_pins',#3797,#3799,'');
#41=NEXT_ASSEMBLY_USAGE_OCCURRENCE('NAUO6','-101-G-AA_pins',
'-101-G-AA_pins',#3797,#3799,'');
#42=NEXT_ASSEMBLY_USAGE_OCCURRENCE('NAUO7','-101-G-AA_pins',
'-101-G-AA_pins',#3797,#3799,'');
#43=NEXT_ASSEMBLY_USAGE_OCCURRENCE('NAUO8','-101-G-AA_pins',
'-101-G-AA_pins',#3797,#3799,'');
#44=NEXT_ASSEMBLY_USAGE_OCCURRENCE('NAUO9','-101-G-AA_pins',
'-101-G-AA_pins',#3797,#3799,'');
#45=NEXT_ASSEMBLY_USAGE_OCCURRENCE('NAUO10','-101-G-AA_pins',
'-101-G-AA_pins',#3797,#3799,'');
#46=NEXT_ASSEMBLY_USAGE_OCCURRENCE('NAUO11','-101-G-AA_pins',
'-101-G-AA_pins',#3797,#3799,'');
#47=NEXT_ASSEMBLY_USAGE_OCCURRENCE('NAUO12','-101-G-AA_pins',
'-101-G-AA_pins',#3797,#3799,'');
#48=NEXT_ASSEMBLY_USAGE_OCCURRENCE('NAUO13','-101-G-AA_pins',
'-101-G-AA_pins',#3797,#3799,'');
#49=(
REPRESENTATION_RELATIONSHIP(' ',' ',#2309,#2308)
REPRESENTATION_RELATIONSHIP_WITH_TRANSFORMATION(#62)
SHAPE_REPRESENTATION_RELATIONSHIP()
);
#50=(
REPRESENTATION_RELATIONSHIP(' ',' ',#2310,#2308)
REPRESENTATION_RELATIONSHIP_WITH_TRANSFORMATION(#63)
SHAPE_REPRESENTATION_RELATIONSHIP()
);
#51=(
REPRESENTATION_RELATIONSHIP(' ',' ',#2310,#2308)
REPRESENTATION_RELATIONSHIP_WITH_TRANSFORMATION(#64)
SHAPE_REPRESENTATION_RELATIONSHIP()
);
#52=(
REPRESENTATION_RELATIONSHIP(' ',' ',#2310,#2308)
REPRESENTATION_RELATIONSHIP_WITH_TRANSFORMATION(#65)
SHAPE_REPRESENTATION_RELATIONSHIP()
);
#53=(
REPRESENTATION_RELATIONSHIP(' ',' ',#2310,#2308)
REPRESENTATION_RELATIONSHIP_WITH_TRANSFORMATION(#66)
SHAPE_REPRESENTATION_RELATIONSHIP()
);
#54=(
REPRESENTATION_RELATIONSHIP(' ',' ',#2310,#2308)
REPRESENTATION_RELATIONSHIP_WITH_TRANSFORMATION(#67)
SHAPE_REPRESENTATION_RELATIONSHIP()
);
#55=(
REPRESENTATION_RELATIONSHIP(' ',' ',#2310,#2308)
REPRESENTATION_RELATIONSHIP_WITH_TRANSFORMATION(#68)
SHAPE_REPRESENTATION_RELATIONSHIP()
);
#56=(
REPRESENTATION_RELATIONSHIP(' ',' ',#2310,#2308)
REPRESENTATION_RELATIONSHIP_WITH_TRANSFORMATION(#69)
SHAPE_REPRESENTATION_RELATIONSHIP()
);
#57=(
REPRESENTATION_RELATIONSHIP(' ',' ',#2310,#2308)
REPRESENTATION_RELATIONSHIP_WITH_TRANSFORMATION(#70)
SHAPE_REPRESENTATION_RELATIONSHIP()
);
#58=(
REPRESENTATION_RELATIONSHIP(' ',' ',#2310,#2308)
REPRESENTATION_RELATIONSHIP_WITH_TRANSFORMATION(#71)
SHAPE_REPRESENTATION_RELATIONSHIP()
);
#59=(
REPRESENTATION_RELATIONSHIP(' ',' ',#2310,#2308)
REPRESENTATION_RELATIONSHIP_WITH_TRANSFORMATION(#72)
SHAPE_REPRESENTATION_RELATIONSHIP()
);
#60=(
REPRESENTATION_RELATIONSHIP(' ',' ',#2310,#2308)
REPRESENTATION_RELATIONSHIP_WITH_TRANSFORMATION(#73)
SHAPE_REPRESENTATION_RELATIONSHIP()
);
#61=(
REPRESENTATION_RELATIONSHIP(' ',' ',#2310,#2308)
REPRESENTATION_RELATIONSHIP_WITH_TRANSFORMATION(#74)
SHAPE_REPRESENTATION_RELATIONSHIP()
);
#62=ITEM_DEFINED_TRANSFORMATION(' ',' ',#2311,#2472);
#63=ITEM_DEFINED_TRANSFORMATION(' ',' ',#2311,#2500);
#64=ITEM_DEFINED_TRANSFORMATION(' ',' ',#2311,#2501);
#65=ITEM_DEFINED_TRANSFORMATION(' ',' ',#2311,#2502);
#66=ITEM_DEFINED_TRANSFORMATION(' ',' ',#2311,#2503);
#67=ITEM_DEFINED_TRANSFORMATION(' ',' ',#2311,#2504);
#68=ITEM_DEFINED_TRANSFORMATION(' ',' ',#2311,#2505);
#69=ITEM_DEFINED_TRANSFORMATION(' ',' ',#2311,#2506);
#70=ITEM_DEFINED_TRANSFORMATION(' ',' ',#2311,#2507);
#71=ITEM_DEFINED_TRANSFORMATION(' ',' ',#2311,#2508);
#72=ITEM_DEFINED_TRANSFORMATION(' ',' ',#2311,#2509);
#73=ITEM_DEFINED_TRANSFORMATION(' ',' ',#2311,#2510);
#74=ITEM_DEFINED_TRANSFORMATION(' ',' ',#2311,#2511);
#75=SHAPE_REPRESENTATION_RELATIONSHIP('','',#2309,#77);
#76=SHAPE_REPRESENTATION_RELATIONSHIP('','',#2310,#78);
#77=ADVANCED_BREP_SHAPE_REPRESENTATION('',(#2303),#3770);
#78=ADVANCED_BREP_SHAPE_REPRESENTATION('',(#2304),#3771);
#79=LINE('',#3222,#301);
#80=LINE('',#3225,#302);
#81=LINE('',#3227,#303);
#82=LINE('',#3229,#304);
#83=LINE('',#3231,#305);
#84=LINE('',#3233,#306);
#85=LINE('',#3235,#307);
#86=LINE('',#3237,#308);
#87=LINE('',#3239,#309);
#88=LINE('',#3241,#310);
#89=LINE('',#3243,#311);
#90=LINE('',#3245,#312);
#91=LINE('',#3247,#313);
#92=LINE('',#3249,#314);
#93=LINE('',#3251,#315);
#94=LINE('',#3253,#316);
#95=LINE('',#3255,#317);
#96=LINE('',#3257,#318);
#97=LINE('',#3259,#319);
#98=LINE('',#3261,#320);
#99=LINE('',#3263,#321);
#100=LINE('',#3265,#322);
#101=LINE('',#3267,#323);
#102=LINE('',#3269,#324);
#103=LINE('',#3271,#325);
#104=LINE('',#3273,#326);
#105=LINE('',#3275,#327);
#106=LINE('',#3277,#328);
#107=LINE('',#3279,#329);
#108=LINE('',#3281,#330);
#109=LINE('',#3283,#331);
#110=LINE('',#3285,#332);
#111=LINE('',#3287,#333);
#112=LINE('',#3289,#334);
#113=LINE('',#3291,#335);
#114=LINE('',#3293,#336);
#115=LINE('',#3295,#337);
#116=LINE('',#3297,#338);
#117=LINE('',#3299,#339);
#118=LINE('',#3301,#340);
#119=LINE('',#3303,#341);
#120=LINE('',#3305,#342);
#121=LINE('',#3307,#343);
#122=LINE('',#3309,#344);
#123=LINE('',#3311,#345);
#124=LINE('',#3313,#346);
#125=LINE('',#3315,#347);
#126=LINE('',#3317,#348);
#127=LINE('',#3319,#349);
#128=LINE('',#3321,#350);
#129=LINE('',#3323,#351);
#130=LINE('',#3325,#352);
#131=LINE('',#3327,#353);
#132=LINE('',#3329,#354);
#133=LINE('',#3331,#355);
#134=LINE('',#3333,#356);
#135=LINE('',#3335,#357);
#136=LINE('',#3337,#358);
#137=LINE('',#3339,#359);
#138=LINE('',#3341,#360);
#139=LINE('',#3343,#361);
#140=LINE('',#3345,#362);
#141=LINE('',#3347,#363);
#142=LINE('',#3349,#364);
#143=LINE('',#3351,#365);
#144=LINE('',#3353,#366);
#145=LINE('',#3355,#367);
#146=LINE('',#3357,#368);
#147=LINE('',#3359,#369);
#148=LINE('',#3361,#370);
#149=LINE('',#3363,#371);
#150=LINE('',#3365,#372);
#151=LINE('',#3367,#373);
#152=LINE('',#3369,#374);
#153=LINE('',#3371,#375);
#154=LINE('',#3374,#376);
#155=LINE('',#3376,#377);
#156=LINE('',#3378,#378);
#157=LINE('',#3380,#379);
#158=LINE('',#3382,#380);
#159=LINE('',#3384,#381);
#160=LINE('',#3386,#382);
#161=LINE('',#3388,#383);
#162=LINE('',#3390,#384);
#163=LINE('',#3392,#385);
#164=LINE('',#3394,#386);
#165=LINE('',#3396,#387);
#166=LINE('',#3398,#388);
#167=LINE('',#3400,#389);
#168=LINE('',#3402,#390);
#169=LINE('',#3404,#391);
#170=LINE('',#3406,#392);
#171=LINE('',#3408,#393);
#172=LINE('',#3410,#394);
#173=LINE('',#3412,#395);
#174=LINE('',#3414,#396);
#175=LINE('',#3416,#397);
#176=LINE('',#3418,#398);
#177=LINE('',#3420,#399);
#178=LINE('',#3422,#400);
#179=LINE('',#3424,#401);
#180=LINE('',#3426,#402);
#181=LINE('',#3428,#403);
#182=LINE('',#3430,#404);
#183=LINE('',#3432,#405);
#184=LINE('',#3434,#406);
#185=LINE('',#3436,#407);
#186=LINE('',#3438,#408);
#187=LINE('',#3440,#409);
#188=LINE('',#3442,#410);
#189=LINE('',#3444,#411);
#190=LINE('',#3446,#412);
#191=LINE('',#3448,#413);
#192=LINE('',#3450,#414);
#193=LINE('',#3452,#415);
#194=LINE('',#3454,#416);
#195=LINE('',#3456,#417);
#196=LINE('',#3458,#418);
#197=LINE('',#3460,#419);
#198=LINE('',#3462,#420);
#199=LINE('',#3464,#421);
#200=LINE('',#3466,#422);
#201=LINE('',#3468,#423);
#202=LINE('',#3470,#424);
#203=LINE('',#3472,#425);
#204=LINE('',#3474,#426);
#205=LINE('',#3476,#427);
#206=LINE('',#3478,#428);
#207=LINE('',#3480,#429);
#208=LINE('',#3482,#430);
#209=LINE('',#3484,#431);
#210=LINE('',#3486,#432);
#211=LINE('',#3488,#433);
#212=LINE('',#3490,#434);
#213=LINE('',#3492,#435);
#214=LINE('',#3494,#436);
#215=LINE('',#3496,#437);
#216=LINE('',#3498,#438);
#217=LINE('',#3500,#439);
#218=LINE('',#3502,#440);
#219=LINE('',#3504,#441);
#220=LINE('',#3506,#442);
#221=LINE('',#3508,#443);
#222=LINE('',#3510,#444);
#223=LINE('',#3512,#445);
#224=LINE('',#3514,#446);
#225=LINE('',#3516,#447);
#226=LINE('',#3518,#448);
#227=LINE('',#3520,#449);
#228=LINE('',#3521,#450);
#229=LINE('',#3523,#451);
#230=LINE('',#3525,#452);
#231=LINE('',#3527,#453);
#232=LINE('',#3529,#454);
#233=LINE('',#3530,#455);
#234=LINE('',#3532,#456);
#235=LINE('',#3535,#457);
#236=LINE('',#3537,#458);
#237=LINE('',#3539,#459);
#238=LINE('',#3541,#460);
#239=LINE('',#3542,#461);
#240=LINE('',#3544,#462);
#241=LINE('',#3547,#463);
#242=LINE('',#3549,#464);
#243=LINE('',#3551,#465);
#244=LINE('',#3553,#466);
#245=LINE('',#3554,#467);
#246=LINE('',#3556,#468);
#247=LINE('',#3559,#469);
#248=LINE('',#3561,#470);
#249=LINE('',#3563,#471);
#250=LINE('',#3565,#472);
#251=LINE('',#3566,#473);
#252=LINE('',#3568,#474);
#253=LINE('',#3571,#475);
#254=LINE('',#3573,#476);
#255=LINE('',#3575,#477);
#256=LINE('',#3577,#478);
#257=LINE('',#3578,#479);
#258=LINE('',#3580,#480);
#259=LINE('',#3583,#481);
#260=LINE('',#3585,#482);
#261=LINE('',#3587,#483);
#262=LINE('',#3589,#484);
#263=LINE('',#3590,#485);
#264=LINE('',#3592,#486);
#265=LINE('',#3595,#487);
#266=LINE('',#3597,#488);
#267=LINE('',#3599,#489);
#268=LINE('',#3601,#490);
#269=LINE('',#3602,#491);
#270=LINE('',#3604,#492);
#271=LINE('',#3607,#493);
#272=LINE('',#3609,#494);
#273=LINE('',#3611,#495);
#274=LINE('',#3613,#496);
#275=LINE('',#3614,#497);
#276=LINE('',#3616,#498);
#277=LINE('',#3619,#499);
#278=LINE('',#3621,#500);
#279=LINE('',#3623,#501);
#280=LINE('',#3625,#502);
#281=LINE('',#3626,#503);
#282=LINE('',#3628,#504);
#283=LINE('',#3631,#505);
#284=LINE('',#3633,#506);
#285=LINE('',#3635,#507);
#286=LINE('',#3637,#508);
#287=LINE('',#3638,#509);
#288=LINE('',#3640,#510);
#289=LINE('',#3643,#511);
#290=LINE('',#3645,#512);
#291=LINE('',#3647,#513);
#292=LINE('',#3649,#514);
#293=LINE('',#3650,#515);
#294=LINE('',#3652,#516);
#295=LINE('',#3655,#517);
#296=LINE('',#3657,#518);
#297=LINE('',#3659,#519);
#298=LINE('',#3661,#520);
#299=LINE('',#3663,#521);
#300=LINE('',#3665,#522);
#301=VECTOR('',#2612,39.3700787401575);
#302=VECTOR('',#2613,39.3700787401575);
#303=VECTOR('',#2614,39.3700787401575);
#304=VECTOR('',#2615,39.3700787401575);
#305=VECTOR('',#2616,39.3700787401575);
#306=VECTOR('',#2617,39.3700787401575);
#307=VECTOR('',#2618,39.3700787401575);
#308=VECTOR('',#2619,39.3700787401575);
#309=VECTOR('',#2620,39.3700787401575);
#310=VECTOR('',#2621,39.3700787401575);
#311=VECTOR('',#2622,39.3700787401575);
#312=VECTOR('',#2623,39.3700787401575);
#313=VECTOR('',#2624,39.3700787401575);
#314=VECTOR('',#2625,39.3700787401575);
#315=VECTOR('',#2626,39.3700787401575);
#316=VECTOR('',#2627,39.3700787401575);
#317=VECTOR('',#2628,39.3700787401575);
#318=VECTOR('',#2629,39.3700787401575);
#319=VECTOR('',#2630,39.3700787401575);
#320=VECTOR('',#2631,39.3700787401575);
#321=VECTOR('',#2632,39.3700787401575);
#322=VECTOR('',#2633,39.3700787401575);
#323=VECTOR('',#2634,39.3700787401575);
#324=VECTOR('',#2635,39.3700787401575);
#325=VECTOR('',#2636,39.3700787401575);
#326=VECTOR('',#2637,39.3700787401575);
#327=VECTOR('',#2638,39.3700787401575);
#328=VECTOR('',#2639,39.3700787401575);
#329=VECTOR('',#2640,39.3700787401575);
#330=VECTOR('',#2641,39.3700787401575);
#331=VECTOR('',#2642,39.3700787401575);
#332=VECTOR('',#2643,39.3700787401575);
#333=VECTOR('',#2644,39.3700787401575);
#334=VECTOR('',#2645,39.3700787401575);
#335=VECTOR('',#2646,39.3700787401575);
#336=VECTOR('',#2647,39.3700787401575);
#337=VECTOR('',#2648,39.3700787401575);
#338=VECTOR('',#2649,39.3700787401575);
#339=VECTOR('',#2650,39.3700787401575);
#340=VECTOR('',#2651,39.3700787401575);
#341=VECTOR('',#2652,39.3700787401575);
#342=VECTOR('',#2653,39.3700787401575);
#343=VECTOR('',#2654,39.3700787401575);
#344=VECTOR('',#2655,39.3700787401575);
#345=VECTOR('',#2656,39.3700787401575);
#346=VECTOR('',#2657,39.3700787401575);
#347=VECTOR('',#2658,39.3700787401575);
#348=VECTOR('',#2659,39.3700787401575);
#349=VECTOR('',#2660,39.3700787401575);
#350=VECTOR('',#2661,39.3700787401575);
#351=VECTOR('',#2662,39.3700787401575);
#352=VECTOR('',#2663,39.3700787401575);
#353=VECTOR('',#2664,39.3700787401575);
#354=VECTOR('',#2665,39.3700787401575);
#355=VECTOR('',#2666,39.3700787401575);
#356=VECTOR('',#2667,39.3700787401575);
#357=VECTOR('',#2668,39.3700787401575);
#358=VECTOR('',#2669,39.3700787401575);
#359=VECTOR('',#2670,39.3700787401575);
#360=VECTOR('',#2671,39.3700787401575);
#361=VECTOR('',#2672,39.3700787401575);
#362=VECTOR('',#2673,39.3700787401575);
#363=VECTOR('',#2674,39.3700787401575);
#364=VECTOR('',#2675,39.3700787401575);
#365=VECTOR('',#2676,39.3700787401575);
#366=VECTOR('',#2677,39.3700787401575);
#367=VECTOR('',#2678,39.3700787401575);
#368=VECTOR('',#2679,39.3700787401575);
#369=VECTOR('',#2680,39.3700787401575);
#370=VECTOR('',#2681,39.3700787401575);
#371=VECTOR('',#2682,39.3700787401575);
#372=VECTOR('',#2683,39.3700787401575);
#373=VECTOR('',#2684,39.3700787401575);
#374=VECTOR('',#2685,39.3700787401575);
#375=VECTOR('',#2688,39.3700787401575);
#376=VECTOR('',#2689,39.3700787401575);
#377=VECTOR('',#2690,39.3700787401575);
#378=VECTOR('',#2691,39.3700787401575);
#379=VECTOR('',#2692,39.3700787401575);
#380=VECTOR('',#2693,39.3700787401575);
#381=VECTOR('',#2694,39.3700787401575);
#382=VECTOR('',#2695,39.3700787401575);
#383=VECTOR('',#2696,39.3700787401575);
#384=VECTOR('',#2697,39.3700787401575);
#385=VECTOR('',#2698,39.3700787401575);
#386=VECTOR('',#2699,39.3700787401575);
#387=VECTOR('',#2700,39.3700787401575);
#388=VECTOR('',#2701,39.3700787401575);
#389=VECTOR('',#2702,39.3700787401575);
#390=VECTOR('',#2703,39.3700787401575);
#391=VECTOR('',#2704,39.3700787401575);
#392=VECTOR('',#2705,39.3700787401575);
#393=VECTOR('',#2706,39.3700787401575);
#394=VECTOR('',#2707,39.3700787401575);
#395=VECTOR('',#2708,39.3700787401575);
#396=VECTOR('',#2709,39.3700787401575);
#397=VECTOR('',#2710,39.3700787401575);
#398=VECTOR('',#2711,39.3700787401575);
#399=VECTOR('',#2712,39.3700787401575);
#400=VECTOR('',#2713,39.3700787401575);
#401=VECTOR('',#2714,39.3700787401575);
#402=VECTOR('',#2715,39.3700787401575);
#403=VECTOR('',#2716,39.3700787401575);
#404=VECTOR('',#2717,39.3700787401575);
#405=VECTOR('',#2718,39.3700787401575);
#406=VECTOR('',#2719,39.3700787401575);
#407=VECTOR('',#2720,39.3700787401575);
#408=VECTOR('',#2721,39.3700787401575);
#409=VECTOR('',#2722,39.3700787401575);
#410=VECTOR('',#2723,39.3700787401575);
#411=VECTOR('',#2724,39.3700787401575);
#412=VECTOR('',#2725,39.3700787401575);
#413=VECTOR('',#2726,39.3700787401575);
#414=VECTOR('',#2727,39.3700787401575);
#415=VECTOR('',#2728,39.3700787401575);
#416=VECTOR('',#2729,39.3700787401575);
#417=VECTOR('',#2730,39.3700787401575);
#418=VECTOR('',#2731,39.3700787401575);
#419=VECTOR('',#2732,39.3700787401575);
#420=VECTOR('',#2733,39.3700787401575);
#421=VECTOR('',#2734,39.3700787401575);
#422=VECTOR('',#2735,39.3700787401575);
#423=VECTOR('',#2736,39.3700787401575);
#424=VECTOR('',#2737,39.3700787401575);
#425=VECTOR('',#2738,39.3700787401575);
#426=VECTOR('',#2739,39.3700787401575);
#427=VECTOR('',#2740,39.3700787401575);
#428=VECTOR('',#2741,39.3700787401575);
#429=VECTOR('',#2742,39.3700787401575);
#430=VECTOR('',#2743,39.3700787401575);
#431=VECTOR('',#2744,39.3700787401575);
#432=VECTOR('',#2745,39.3700787401575);
#433=VECTOR('',#2746,39.3700787401575);
#434=VECTOR('',#2747,39.3700787401575);
#435=VECTOR('',#2748,39.3700787401575);
#436=VECTOR('',#2749,39.3700787401575);
#437=VECTOR('',#2750,39.3700787401575);
#438=VECTOR('',#2751,39.3700787401575);
#439=VECTOR('',#2752,39.3700787401575);
#440=VECTOR('',#2753,39.3700787401575);
#441=VECTOR('',#2754,39.3700787401575);
#442=VECTOR('',#2755,39.3700787401575);
#443=VECTOR('',#2756,39.3700787401575);
#444=VECTOR('',#2757,39.3700787401575);
#445=VECTOR('',#2758,39.3700787401575);
#446=VECTOR('',#2759,39.3700787401575);
#447=VECTOR('',#2760,39.3700787401575);
#448=VECTOR('',#2761,39.3700787401575);
#449=VECTOR('',#2764,39.3700787401575);
#450=VECTOR('',#2765,39.3700787401575);
#451=VECTOR('',#2768,39.3700787401575);
#452=VECTOR('',#2771,39.3700787401575);
#453=VECTOR('',#2774,39.3700787401575);
#454=VECTOR('',#2777,39.3700787401575);
#455=VECTOR('',#2778,39.3700787401575);
#456=VECTOR('',#2781,39.3700787401575);
#457=VECTOR('',#2786,39.3700787401575);
#458=VECTOR('',#2789,39.3700787401575);
#459=VECTOR('',#2792,39.3700787401575);
#460=VECTOR('',#2795,39.3700787401575);
#461=VECTOR('',#2796,39.3700787401575);
#462=VECTOR('',#2799,39.3700787401575);
#463=VECTOR('',#2804,39.3700787401575);
#464=VECTOR('',#2807,39.3700787401575);
#465=VECTOR('',#2810,39.3700787401575);
#466=VECTOR('',#2813,39.3700787401575);
#467=VECTOR('',#2814,39.3700787401575);
#468=VECTOR('',#2817,39.3700787401575);
#469=VECTOR('',#2822,39.3700787401575);
#470=VECTOR('',#2825,39.3700787401575);
#471=VECTOR('',#2828,39.3700787401575);
#472=VECTOR('',#2831,39.3700787401575);
#473=VECTOR('',#2832,39.3700787401575);
#474=VECTOR('',#2835,39.3700787401575);
#475=VECTOR('',#2840,39.3700787401575);
#476=VECTOR('',#2843,39.3700787401575);
#477=VECTOR('',#2846,39.3700787401575);
#478=VECTOR('',#2849,39.3700787401575);
#479=VECTOR('',#2850,39.3700787401575);
#480=VECTOR('',#2853,39.3700787401575);
#481=VECTOR('',#2858,39.3700787401575);
#482=VECTOR('',#2861,39.3700787401575);
#483=VECTOR('',#2864,39.3700787401575);
#484=VECTOR('',#2867,39.3700787401575);
#485=VECTOR('',#2868,39.3700787401575);
#486=VECTOR('',#2871,39.3700787401575);
#487=VECTOR('',#2876,39.3700787401575);
#488=VECTOR('',#2879,39.3700787401575);
#489=VECTOR('',#2882,39.3700787401575);
#490=VECTOR('',#2885,39.3700787401575);
#491=VECTOR('',#2886,39.3700787401575);
#492=VECTOR('',#2889,39.3700787401575);
#493=VECTOR('',#2894,39.3700787401575);
#494=VECTOR('',#2897,39.3700787401575);
#495=VECTOR('',#2900,39.3700787401575);
#496=VECTOR('',#2903,39.3700787401575);
#497=VECTOR('',#2904,39.3700787401575);
#498=VECTOR('',#2907,39.3700787401575);
#499=VECTOR('',#2912,39.3700787401575);
#500=VECTOR('',#2915,39.3700787401575);
#501=VECTOR('',#2918,39.3700787401575);
#502=VECTOR('',#2921,39.3700787401575);
#503=VECTOR('',#2922,39.3700787401575);
#504=VECTOR('',#2925,39.3700787401575);
#505=VECTOR('',#2930,39.3700787401575);
#506=VECTOR('',#2933,39.3700787401575);
#507=VECTOR('',#2936,39.3700787401575);
#508=VECTOR('',#2939,39.3700787401575);
#509=VECTOR('',#2940,39.3700787401575);
#510=VECTOR('',#2943,39.3700787401575);
#511=VECTOR('',#2948,39.3700787401575);
#512=VECTOR('',#2951,39.3700787401575);
#513=VECTOR('',#2954,39.3700787401575);
#514=VECTOR('',#2957,39.3700787401575);
#515=VECTOR('',#2958,39.3700787401575);
#516=VECTOR('',#2961,39.3700787401575);
#517=VECTOR('',#2966,39.3700787401575);
#518=VECTOR('',#2969,39.3700787401575);
#519=VECTOR('',#2972,39.3700787401575);
#520=VECTOR('',#2975,39.3700787401575);
#521=VECTOR('',#2978,39.3700787401575);
#522=VECTOR('',#2981,39.3700787401575);
#523=PLANE('',#2348);
#524=PLANE('',#2361);
#525=PLANE('',#2362);
#526=PLANE('',#2363);
#527=PLANE('',#2364);
#528=PLANE('',#2365);
#529=PLANE('',#2366);
#530=PLANE('',#2367);
#531=PLANE('',#2368);
#532=PLANE('',#2369);
#533=PLANE('',#2370);
#534=PLANE('',#2371);
#535=PLANE('',#2372);
#536=PLANE('',#2373);
#537=PLANE('',#2374);
#538=PLANE('',#2375);
#539=PLANE('',#2376);
#540=PLANE('',#2377);
#541=PLANE('',#2378);
#542=PLANE('',#2379);
#543=PLANE('',#2380);
#544=PLANE('',#2381);
#545=PLANE('',#2382);
#546=PLANE('',#2383);
#547=PLANE('',#2384);
#548=PLANE('',#2385);
#549=PLANE('',#2386);
#550=PLANE('',#2387);
#551=PLANE('',#2388);
#552=PLANE('',#2389);
#553=PLANE('',#2390);
#554=PLANE('',#2391);
#555=PLANE('',#2392);
#556=PLANE('',#2393);
#557=PLANE('',#2394);
#558=PLANE('',#2395);
#559=PLANE('',#2396);
#560=PLANE('',#2397);
#561=PLANE('',#2398);
#562=PLANE('',#2399);
#563=PLANE('',#2400);
#564=PLANE('',#2401);
#565=PLANE('',#2402);
#566=PLANE('',#2403);
#567=PLANE('',#2404);
#568=PLANE('',#2405);
#569=PLANE('',#2406);
#570=PLANE('',#2407);
#571=PLANE('',#2408);
#572=PLANE('',#2409);
#573=PLANE('',#2410);
#574=PLANE('',#2411);
#575=PLANE('',#2412);
#576=PLANE('',#2413);
#577=PLANE('',#2414);
#578=PLANE('',#2415);
#579=PLANE('',#2416);
#580=PLANE('',#2417);
#581=PLANE('',#2418);
#582=PLANE('',#2419);
#583=PLANE('',#2420);
#584=PLANE('',#2421);
#585=PLANE('',#2422);
#586=PLANE('',#2423);
#587=PLANE('',#2424);
#588=PLANE('',#2425);
#589=PLANE('',#2426);
#590=PLANE('',#2427);
#591=PLANE('',#2428);
#592=PLANE('',#2429);
#593=PLANE('',#2430);
#594=PLANE('',#2431);
#595=PLANE('',#2432);
#596=PLANE('',#2433);
#597=PLANE('',#2434);
#598=PLANE('',#2435);
#599=PLANE('',#2438);
#600=PLANE('',#2441);
#601=PLANE('',#2444);
#602=PLANE('',#2447);
#603=PLANE('',#2450);
#604=PLANE('',#2453);
#605=PLANE('',#2456);
#606=PLANE('',#2459);
#607=PLANE('',#2462);
#608=PLANE('',#2465);
#609=PLANE('',#2468);
#610=PLANE('',#2471);
#611=PLANE('',#2476);
#612=PLANE('',#2481);
#613=PLANE('',#2485);
#614=PLANE('',#2490);
#615=PLANE('',#2499);
#616=ORIENTED_EDGE('',*,*,#1182,.F.);
#617=ORIENTED_EDGE('',*,*,#1183,.T.);
#618=ORIENTED_EDGE('',*,*,#1184,.F.);
#619=ORIENTED_EDGE('',*,*,#1185,.T.);
#620=ORIENTED_EDGE('',*,*,#1186,.F.);
#621=ORIENTED_EDGE('',*,*,#1187,.T.);
#622=ORIENTED_EDGE('',*,*,#1188,.F.);
#623=ORIENTED_EDGE('',*,*,#1189,.T.);
#624=ORIENTED_EDGE('',*,*,#1190,.F.);
#625=ORIENTED_EDGE('',*,*,#1191,.T.);
#626=ORIENTED_EDGE('',*,*,#1192,.F.);
#627=ORIENTED_EDGE('',*,*,#1193,.T.);
#628=ORIENTED_EDGE('',*,*,#1194,.F.);
#629=ORIENTED_EDGE('',*,*,#1195,.T.);
#630=ORIENTED_EDGE('',*,*,#1196,.F.);
#631=ORIENTED_EDGE('',*,*,#1197,.T.);
#632=ORIENTED_EDGE('',*,*,#1198,.F.);
#633=ORIENTED_EDGE('',*,*,#1199,.T.);
#634=ORIENTED_EDGE('',*,*,#1200,.F.);
#635=ORIENTED_EDGE('',*,*,#1201,.T.);
#636=ORIENTED_EDGE('',*,*,#1202,.F.);
#637=ORIENTED_EDGE('',*,*,#1203,.T.);
#638=ORIENTED_EDGE('',*,*,#1204,.F.);
#639=ORIENTED_EDGE('',*,*,#1205,.T.);
#640=ORIENTED_EDGE('',*,*,#1206,.F.);
#641=ORIENTED_EDGE('',*,*,#1207,.F.);
#642=ORIENTED_EDGE('',*,*,#1208,.F.);
#643=ORIENTED_EDGE('',*,*,#1209,.F.);
#644=ORIENTED_EDGE('',*,*,#1210,.F.);
#645=ORIENTED_EDGE('',*,*,#1211,.F.);
#646=ORIENTED_EDGE('',*,*,#1212,.F.);
#647=ORIENTED_EDGE('',*,*,#1213,.F.);
#648=ORIENTED_EDGE('',*,*,#1214,.F.);
#649=ORIENTED_EDGE('',*,*,#1215,.F.);
#650=ORIENTED_EDGE('',*,*,#1216,.F.);
#651=ORIENTED_EDGE('',*,*,#1217,.F.);
#652=ORIENTED_EDGE('',*,*,#1218,.T.);
#653=ORIENTED_EDGE('',*,*,#1219,.T.);
#654=ORIENTED_EDGE('',*,*,#1220,.T.);
#655=ORIENTED_EDGE('',*,*,#1221,.T.);
#656=ORIENTED_EDGE('',*,*,#1222,.T.);
#657=ORIENTED_EDGE('',*,*,#1223,.T.);
#658=ORIENTED_EDGE('',*,*,#1224,.T.);
#659=ORIENTED_EDGE('',*,*,#1225,.T.);
#660=ORIENTED_EDGE('',*,*,#1226,.T.);
#661=ORIENTED_EDGE('',*,*,#1227,.T.);
#662=ORIENTED_EDGE('',*,*,#1228,.T.);
#663=ORIENTED_EDGE('',*,*,#1229,.T.);
#664=ORIENTED_EDGE('',*,*,#1230,.T.);
#665=ORIENTED_EDGE('',*,*,#1231,.T.);
#666=ORIENTED_EDGE('',*,*,#1232,.T.);
#667=ORIENTED_EDGE('',*,*,#1233,.T.);
#668=ORIENTED_EDGE('',*,*,#1234,.T.);
#669=ORIENTED_EDGE('',*,*,#1235,.T.);
#670=ORIENTED_EDGE('',*,*,#1236,.T.);
#671=ORIENTED_EDGE('',*,*,#1237,.T.);
#672=ORIENTED_EDGE('',*,*,#1238,.T.);
#673=ORIENTED_EDGE('',*,*,#1239,.T.);
#674=ORIENTED_EDGE('',*,*,#1240,.T.);
#675=ORIENTED_EDGE('',*,*,#1241,.T.);
#676=ORIENTED_EDGE('',*,*,#1242,.T.);
#677=ORIENTED_EDGE('',*,*,#1243,.T.);
#678=ORIENTED_EDGE('',*,*,#1244,.T.);
#679=ORIENTED_EDGE('',*,*,#1245,.T.);
#680=ORIENTED_EDGE('',*,*,#1246,.T.);
#681=ORIENTED_EDGE('',*,*,#1247,.T.);
#682=ORIENTED_EDGE('',*,*,#1248,.T.);
#683=ORIENTED_EDGE('',*,*,#1249,.T.);
#684=ORIENTED_EDGE('',*,*,#1250,.T.);
#685=ORIENTED_EDGE('',*,*,#1251,.T.);
#686=ORIENTED_EDGE('',*,*,#1252,.T.);
#687=ORIENTED_EDGE('',*,*,#1253,.T.);
#688=ORIENTED_EDGE('',*,*,#1254,.T.);
#689=ORIENTED_EDGE('',*,*,#1255,.T.);
#690=ORIENTED_EDGE('',*,*,#1256,.T.);
#691=ORIENTED_EDGE('',*,*,#1257,.T.);
#692=ORIENTED_EDGE('',*,*,#1258,.T.);
#693=ORIENTED_EDGE('',*,*,#1259,.T.);
#694=ORIENTED_EDGE('',*,*,#1260,.T.);
#695=ORIENTED_EDGE('',*,*,#1261,.T.);
#696=ORIENTED_EDGE('',*,*,#1262,.T.);
#697=ORIENTED_EDGE('',*,*,#1263,.T.);
#698=ORIENTED_EDGE('',*,*,#1264,.T.);
#699=ORIENTED_EDGE('',*,*,#1265,.T.);
#700=ORIENTED_EDGE('',*,*,#1266,.T.);
#701=ORIENTED_EDGE('',*,*,#1267,.T.);
#702=ORIENTED_EDGE('',*,*,#1268,.T.);
#703=ORIENTED_EDGE('',*,*,#1269,.T.);
#704=ORIENTED_EDGE('',*,*,#1270,.T.);
#705=ORIENTED_EDGE('',*,*,#1271,.T.);
#706=ORIENTED_EDGE('',*,*,#1272,.T.);
#707=ORIENTED_EDGE('',*,*,#1273,.T.);
#708=ORIENTED_EDGE('',*,*,#1274,.T.);
#709=ORIENTED_EDGE('',*,*,#1275,.T.);
#710=ORIENTED_EDGE('',*,*,#1276,.T.);
#711=ORIENTED_EDGE('',*,*,#1277,.T.);
#712=ORIENTED_EDGE('',*,*,#1278,.T.);
#713=ORIENTED_EDGE('',*,*,#1279,.T.);
#714=ORIENTED_EDGE('',*,*,#1280,.T.);
#715=ORIENTED_EDGE('',*,*,#1281,.T.);
#716=ORIENTED_EDGE('',*,*,#1282,.T.);
#717=ORIENTED_EDGE('',*,*,#1283,.T.);
#718=ORIENTED_EDGE('',*,*,#1284,.T.);
#719=ORIENTED_EDGE('',*,*,#1285,.T.);
#720=ORIENTED_EDGE('',*,*,#1286,.T.);
#721=ORIENTED_EDGE('',*,*,#1287,.T.);
#722=ORIENTED_EDGE('',*,*,#1288,.T.);
#723=ORIENTED_EDGE('',*,*,#1289,.T.);
#724=ORIENTED_EDGE('',*,*,#1290,.T.);
#725=ORIENTED_EDGE('',*,*,#1291,.T.);
#726=ORIENTED_EDGE('',*,*,#1202,.T.);
#727=ORIENTED_EDGE('',*,*,#1200,.T.);
#728=ORIENTED_EDGE('',*,*,#1198,.T.);
#729=ORIENTED_EDGE('',*,*,#1196,.T.);
#730=ORIENTED_EDGE('',*,*,#1194,.T.);
#731=ORIENTED_EDGE('',*,*,#1192,.T.);
#732=ORIENTED_EDGE('',*,*,#1190,.T.);
#733=ORIENTED_EDGE('',*,*,#1188,.T.);
#734=ORIENTED_EDGE('',*,*,#1186,.T.);
#735=ORIENTED_EDGE('',*,*,#1184,.T.);
#736=ORIENTED_EDGE('',*,*,#1182,.T.);
#737=ORIENTED_EDGE('',*,*,#1204,.T.);
#738=ORIENTED_EDGE('',*,*,#1292,.F.);
#739=ORIENTED_EDGE('',*,*,#1293,.F.);
#740=ORIENTED_EDGE('',*,*,#1294,.F.);
#741=ORIENTED_EDGE('',*,*,#1295,.F.);
#742=ORIENTED_EDGE('',*,*,#1296,.F.);
#743=ORIENTED_EDGE('',*,*,#1297,.F.);
#744=ORIENTED_EDGE('',*,*,#1298,.F.);
#745=ORIENTED_EDGE('',*,*,#1299,.F.);
#746=ORIENTED_EDGE('',*,*,#1300,.F.);
#747=ORIENTED_EDGE('',*,*,#1301,.F.);
#748=ORIENTED_EDGE('',*,*,#1302,.F.);
#749=ORIENTED_EDGE('',*,*,#1303,.F.);
#750=ORIENTED_EDGE('',*,*,#1304,.F.);
#751=ORIENTED_EDGE('',*,*,#1305,.F.);
#752=ORIENTED_EDGE('',*,*,#1306,.F.);
#753=ORIENTED_EDGE('',*,*,#1307,.F.);
#754=ORIENTED_EDGE('',*,*,#1308,.F.);
#755=ORIENTED_EDGE('',*,*,#1309,.F.);
#756=ORIENTED_EDGE('',*,*,#1310,.F.);
#757=ORIENTED_EDGE('',*,*,#1311,.F.);
#758=ORIENTED_EDGE('',*,*,#1312,.F.);
#759=ORIENTED_EDGE('',*,*,#1313,.F.);
#760=ORIENTED_EDGE('',*,*,#1314,.F.);
#761=ORIENTED_EDGE('',*,*,#1315,.F.);
#762=ORIENTED_EDGE('',*,*,#1316,.F.);
#763=ORIENTED_EDGE('',*,*,#1317,.F.);
#764=ORIENTED_EDGE('',*,*,#1318,.F.);
#765=ORIENTED_EDGE('',*,*,#1319,.F.);
#766=ORIENTED_EDGE('',*,*,#1320,.F.);
#767=ORIENTED_EDGE('',*,*,#1321,.F.);
#768=ORIENTED_EDGE('',*,*,#1322,.F.);
#769=ORIENTED_EDGE('',*,*,#1323,.F.);
#770=ORIENTED_EDGE('',*,*,#1324,.F.);
#771=ORIENTED_EDGE('',*,*,#1325,.F.);
#772=ORIENTED_EDGE('',*,*,#1326,.F.);
#773=ORIENTED_EDGE('',*,*,#1327,.F.);
#774=ORIENTED_EDGE('',*,*,#1328,.F.);
#775=ORIENTED_EDGE('',*,*,#1329,.F.);
#776=ORIENTED_EDGE('',*,*,#1330,.F.);
#777=ORIENTED_EDGE('',*,*,#1331,.F.);
#778=ORIENTED_EDGE('',*,*,#1332,.F.);
#779=ORIENTED_EDGE('',*,*,#1333,.F.);
#780=ORIENTED_EDGE('',*,*,#1334,.F.);
#781=ORIENTED_EDGE('',*,*,#1335,.F.);
#782=ORIENTED_EDGE('',*,*,#1336,.F.);
#783=ORIENTED_EDGE('',*,*,#1337,.F.);
#784=ORIENTED_EDGE('',*,*,#1338,.F.);
#785=ORIENTED_EDGE('',*,*,#1339,.F.);
#786=ORIENTED_EDGE('',*,*,#1340,.F.);
#787=ORIENTED_EDGE('',*,*,#1341,.F.);
#788=ORIENTED_EDGE('',*,*,#1342,.F.);
#789=ORIENTED_EDGE('',*,*,#1343,.F.);
#790=ORIENTED_EDGE('',*,*,#1344,.F.);
#791=ORIENTED_EDGE('',*,*,#1345,.F.);
#792=ORIENTED_EDGE('',*,*,#1346,.F.);
#793=ORIENTED_EDGE('',*,*,#1347,.F.);
#794=ORIENTED_EDGE('',*,*,#1348,.F.);
#795=ORIENTED_EDGE('',*,*,#1349,.F.);
#796=ORIENTED_EDGE('',*,*,#1350,.F.);
#797=ORIENTED_EDGE('',*,*,#1351,.F.);
#798=ORIENTED_EDGE('',*,*,#1352,.F.);
#799=ORIENTED_EDGE('',*,*,#1353,.F.);
#800=ORIENTED_EDGE('',*,*,#1354,.F.);
#801=ORIENTED_EDGE('',*,*,#1355,.F.);
#802=ORIENTED_EDGE('',*,*,#1356,.F.);
#803=ORIENTED_EDGE('',*,*,#1357,.F.);
#804=ORIENTED_EDGE('',*,*,#1358,.F.);
#805=ORIENTED_EDGE('',*,*,#1359,.F.);
#806=ORIENTED_EDGE('',*,*,#1360,.F.);
#807=ORIENTED_EDGE('',*,*,#1361,.F.);
#808=ORIENTED_EDGE('',*,*,#1362,.F.);
#809=ORIENTED_EDGE('',*,*,#1363,.F.);
#810=ORIENTED_EDGE('',*,*,#1364,.F.);
#811=ORIENTED_EDGE('',*,*,#1365,.F.);
#812=ORIENTED_EDGE('',*,*,#1333,.T.);
#813=ORIENTED_EDGE('',*,*,#1366,.F.);
#814=ORIENTED_EDGE('',*,*,#1252,.F.);
#815=ORIENTED_EDGE('',*,*,#1367,.T.);
#816=ORIENTED_EDGE('',*,*,#1332,.T.);
#817=ORIENTED_EDGE('',*,*,#1368,.F.);
#818=ORIENTED_EDGE('',*,*,#1253,.F.);
#819=ORIENTED_EDGE('',*,*,#1366,.T.);
#820=ORIENTED_EDGE('',*,*,#1331,.T.);
#821=ORIENTED_EDGE('',*,*,#1369,.F.);
#822=ORIENTED_EDGE('',*,*,#1254,.F.);
#823=ORIENTED_EDGE('',*,*,#1368,.T.);
#824=ORIENTED_EDGE('',*,*,#1330,.T.);
#825=ORIENTED_EDGE('',*,*,#1370,.F.);
#826=ORIENTED_EDGE('',*,*,#1255,.F.);
#827=ORIENTED_EDGE('',*,*,#1369,.T.);
#828=ORIENTED_EDGE('',*,*,#1336,.T.);
#829=ORIENTED_EDGE('',*,*,#1371,.F.);
#830=ORIENTED_EDGE('',*,*,#1249,.F.);
#831=ORIENTED_EDGE('',*,*,#1372,.T.);
#832=ORIENTED_EDGE('',*,*,#1335,.T.);
#833=ORIENTED_EDGE('',*,*,#1373,.F.);
#834=ORIENTED_EDGE('',*,*,#1250,.F.);
#835=ORIENTED_EDGE('',*,*,#1371,.T.);
#836=ORIENTED_EDGE('',*,*,#1334,.T.);
#837=ORIENTED_EDGE('',*,*,#1367,.F.);
#838=ORIENTED_EDGE('',*,*,#1251,.F.);
#839=ORIENTED_EDGE('',*,*,#1373,.T.);
#840=ORIENTED_EDGE('',*,*,#1329,.T.);
#841=ORIENTED_EDGE('',*,*,#1374,.F.);
#842=ORIENTED_EDGE('',*,*,#1256,.F.);
#843=ORIENTED_EDGE('',*,*,#1370,.T.);
#844=ORIENTED_EDGE('',*,*,#1328,.T.);
#845=ORIENTED_EDGE('',*,*,#1375,.F.);
#846=ORIENTED_EDGE('',*,*,#1257,.F.);
#847=ORIENTED_EDGE('',*,*,#1374,.T.);
#848=ORIENTED_EDGE('',*,*,#1327,.T.);
#849=ORIENTED_EDGE('',*,*,#1376,.F.);
#850=ORIENTED_EDGE('',*,*,#1258,.F.);
#851=ORIENTED_EDGE('',*,*,#1375,.T.);
#852=ORIENTED_EDGE('',*,*,#1339,.T.);
#853=ORIENTED_EDGE('',*,*,#1377,.F.);
#854=ORIENTED_EDGE('',*,*,#1246,.F.);
#855=ORIENTED_EDGE('',*,*,#1378,.T.);
#856=ORIENTED_EDGE('',*,*,#1338,.T.);
#857=ORIENTED_EDGE('',*,*,#1379,.F.);
#858=ORIENTED_EDGE('',*,*,#1247,.F.);
#859=ORIENTED_EDGE('',*,*,#1377,.T.);
#860=ORIENTED_EDGE('',*,*,#1337,.T.);
#861=ORIENTED_EDGE('',*,*,#1372,.F.);
#862=ORIENTED_EDGE('',*,*,#1248,.F.);
#863=ORIENTED_EDGE('',*,*,#1379,.T.);
#864=ORIENTED_EDGE('',*,*,#1326,.T.);
#865=ORIENTED_EDGE('',*,*,#1380,.F.);
#866=ORIENTED_EDGE('',*,*,#1259,.F.);
#867=ORIENTED_EDGE('',*,*,#1376,.T.);
#868=ORIENTED_EDGE('',*,*,#1325,.T.);
#869=ORIENTED_EDGE('',*,*,#1381,.F.);
#870=ORIENTED_EDGE('',*,*,#1260,.F.);
#871=ORIENTED_EDGE('',*,*,#1380,.T.);
#872=ORIENTED_EDGE('',*,*,#1324,.T.);
#873=ORIENTED_EDGE('',*,*,#1382,.F.);
#874=ORIENTED_EDGE('',*,*,#1261,.F.);
#875=ORIENTED_EDGE('',*,*,#1381,.T.);
#876=ORIENTED_EDGE('',*,*,#1342,.T.);
#877=ORIENTED_EDGE('',*,*,#1383,.F.);
#878=ORIENTED_EDGE('',*,*,#1243,.F.);
#879=ORIENTED_EDGE('',*,*,#1384,.T.);
#880=ORIENTED_EDGE('',*,*,#1341,.T.);
#881=ORIENTED_EDGE('',*,*,#1385,.F.);
#882=ORIENTED_EDGE('',*,*,#1244,.F.);
#883=ORIENTED_EDGE('',*,*,#1383,.T.);
#884=ORIENTED_EDGE('',*,*,#1340,.T.);
#885=ORIENTED_EDGE('',*,*,#1378,.F.);
#886=ORIENTED_EDGE('',*,*,#1245,.F.);
#887=ORIENTED_EDGE('',*,*,#1385,.T.);
#888=ORIENTED_EDGE('',*,*,#1323,.T.);
#889=ORIENTED_EDGE('',*,*,#1386,.F.);
#890=ORIENTED_EDGE('',*,*,#1262,.F.);
#891=ORIENTED_EDGE('',*,*,#1382,.T.);
#892=ORIENTED_EDGE('',*,*,#1322,.T.);
#893=ORIENTED_EDGE('',*,*,#1387,.F.);
#894=ORIENTED_EDGE('',*,*,#1263,.F.);
#895=ORIENTED_EDGE('',*,*,#1386,.T.);
#896=ORIENTED_EDGE('',*,*,#1321,.T.);
#897=ORIENTED_EDGE('',*,*,#1388,.F.);
#898=ORIENTED_EDGE('',*,*,#1264,.F.);
#899=ORIENTED_EDGE('',*,*,#1387,.T.);
#900=ORIENTED_EDGE('',*,*,#1345,.T.);
#901=ORIENTED_EDGE('',*,*,#1389,.F.);
#902=ORIENTED_EDGE('',*,*,#1240,.F.);
#903=ORIENTED_EDGE('',*,*,#1390,.T.);
#904=ORIENTED_EDGE('',*,*,#1344,.T.);
#905=ORIENTED_EDGE('',*,*,#1391,.F.);
#906=ORIENTED_EDGE('',*,*,#1241,.F.);
#907=ORIENTED_EDGE('',*,*,#1389,.T.);
#908=ORIENTED_EDGE('',*,*,#1343,.T.);
#909=ORIENTED_EDGE('',*,*,#1384,.F.);
#910=ORIENTED_EDGE('',*,*,#1242,.F.);
#911=ORIENTED_EDGE('',*,*,#1391,.T.);
#912=ORIENTED_EDGE('',*,*,#1320,.T.);
#913=ORIENTED_EDGE('',*,*,#1392,.F.);
#914=ORIENTED_EDGE('',*,*,#1265,.F.);
#915=ORIENTED_EDGE('',*,*,#1388,.T.);
#916=ORIENTED_EDGE('',*,*,#1319,.T.);
#917=ORIENTED_EDGE('',*,*,#1393,.F.);
#918=ORIENTED_EDGE('',*,*,#1266,.F.);
#919=ORIENTED_EDGE('',*,*,#1392,.T.);
#920=ORIENTED_EDGE('',*,*,#1318,.T.);
#921=ORIENTED_EDGE('',*,*,#1394,.F.);
#922=ORIENTED_EDGE('',*,*,#1267,.F.);
#923=ORIENTED_EDGE('',*,*,#1393,.T.);
#924=ORIENTED_EDGE('',*,*,#1348,.T.);
#925=ORIENTED_EDGE('',*,*,#1395,.F.);
#926=ORIENTED_EDGE('',*,*,#1237,.F.);
#927=ORIENTED_EDGE('',*,*,#1396,.T.);
#928=ORIENTED_EDGE('',*,*,#1347,.T.);
#929=ORIENTED_EDGE('',*,*,#1397,.F.);
#930=ORIENTED_EDGE('',*,*,#1238,.F.);
#931=ORIENTED_EDGE('',*,*,#1395,.T.);
#932=ORIENTED_EDGE('',*,*,#1346,.T.);
#933=ORIENTED_EDGE('',*,*,#1390,.F.);
#934=ORIENTED_EDGE('',*,*,#1239,.F.);
#935=ORIENTED_EDGE('',*,*,#1397,.T.);
#936=ORIENTED_EDGE('',*,*,#1317,.T.);
#937=ORIENTED_EDGE('',*,*,#1398,.F.);
#938=ORIENTED_EDGE('',*,*,#1268,.F.);
#939=ORIENTED_EDGE('',*,*,#1394,.T.);
#940=ORIENTED_EDGE('',*,*,#1316,.T.);
#941=ORIENTED_EDGE('',*,*,#1399,.F.);
#942=ORIENTED_EDGE('',*,*,#1269,.F.);
#943=ORIENTED_EDGE('',*,*,#1398,.T.);
#944=ORIENTED_EDGE('',*,*,#1315,.T.);
#945=ORIENTED_EDGE('',*,*,#1400,.F.);
#946=ORIENTED_EDGE('',*,*,#1270,.F.);
#947=ORIENTED_EDGE('',*,*,#1399,.T.);
#948=ORIENTED_EDGE('',*,*,#1351,.T.);
#949=ORIENTED_EDGE('',*,*,#1401,.F.);
#950=ORIENTED_EDGE('',*,*,#1234,.F.);
#951=ORIENTED_EDGE('',*,*,#1402,.T.);
#952=ORIENTED_EDGE('',*,*,#1350,.T.);
#953=ORIENTED_EDGE('',*,*,#1403,.F.);
#954=ORIENTED_EDGE('',*,*,#1235,.F.);
#955=ORIENTED_EDGE('',*,*,#1401,.T.);
#956=ORIENTED_EDGE('',*,*,#1349,.T.);
#957=ORIENTED_EDGE('',*,*,#1396,.F.);
#958=ORIENTED_EDGE('',*,*,#1236,.F.);
#959=ORIENTED_EDGE('',*,*,#1403,.T.);
#960=ORIENTED_EDGE('',*,*,#1314,.T.);
#961=ORIENTED_EDGE('',*,*,#1404,.F.);
#962=ORIENTED_EDGE('',*,*,#1271,.F.);
#963=ORIENTED_EDGE('',*,*,#1400,.T.);
#964=ORIENTED_EDGE('',*,*,#1313,.T.);
#965=ORIENTED_EDGE('',*,*,#1405,.F.);
#966=ORIENTED_EDGE('',*,*,#1272,.F.);
#967=ORIENTED_EDGE('',*,*,#1404,.T.);
#968=ORIENTED_EDGE('',*,*,#1312,.T.);
#969=ORIENTED_EDGE('',*,*,#1406,.F.);
#970=ORIENTED_EDGE('',*,*,#1273,.F.);
#971=ORIENTED_EDGE('',*,*,#1405,.T.);
#972=ORIENTED_EDGE('',*,*,#1354,.T.);
#973=ORIENTED_EDGE('',*,*,#1407,.F.);
#974=ORIENTED_EDGE('',*,*,#1231,.F.);
#975=ORIENTED_EDGE('',*,*,#1408,.T.);
#976=ORIENTED_EDGE('',*,*,#1353,.T.);
#977=ORIENTED_EDGE('',*,*,#1409,.F.);
#978=ORIENTED_EDGE('',*,*,#1232,.F.);
#979=ORIENTED_EDGE('',*,*,#1407,.T.);
#980=ORIENTED_EDGE('',*,*,#1352,.T.);
#981=ORIENTED_EDGE('',*,*,#1402,.F.);
#982=ORIENTED_EDGE('',*,*,#1233,.F.);
#983=ORIENTED_EDGE('',*,*,#1409,.T.);
#984=ORIENTED_EDGE('',*,*,#1311,.T.);
#985=ORIENTED_EDGE('',*,*,#1410,.F.);
#986=ORIENTED_EDGE('',*,*,#1274,.F.);
#987=ORIENTED_EDGE('',*,*,#1406,.T.);
#988=ORIENTED_EDGE('',*,*,#1310,.T.);
#989=ORIENTED_EDGE('',*,*,#1411,.F.);
#990=ORIENTED_EDGE('',*,*,#1275,.F.);
#991=ORIENTED_EDGE('',*,*,#1410,.T.);
#992=ORIENTED_EDGE('',*,*,#1309,.T.);
#993=ORIENTED_EDGE('',*,*,#1412,.F.);
#994=ORIENTED_EDGE('',*,*,#1276,.F.);
#995=ORIENTED_EDGE('',*,*,#1411,.T.);
#996=ORIENTED_EDGE('',*,*,#1357,.T.);
#997=ORIENTED_EDGE('',*,*,#1413,.F.);
#998=ORIENTED_EDGE('',*,*,#1228,.F.);
#999=ORIENTED_EDGE('',*,*,#1414,.T.);
#1000=ORIENTED_EDGE('',*,*,#1356,.T.);
#1001=ORIENTED_EDGE('',*,*,#1415,.F.);
#1002=ORIENTED_EDGE('',*,*,#1229,.F.);
#1003=ORIENTED_EDGE('',*,*,#1413,.T.);
#1004=ORIENTED_EDGE('',*,*,#1355,.T.);
#1005=ORIENTED_EDGE('',*,*,#1408,.F.);
#1006=ORIENTED_EDGE('',*,*,#1230,.F.);
#1007=ORIENTED_EDGE('',*,*,#1415,.T.);
#1008=ORIENTED_EDGE('',*,*,#1308,.T.);
#1009=ORIENTED_EDGE('',*,*,#1416,.F.);
#1010=ORIENTED_EDGE('',*,*,#1277,.F.);
#1011=ORIENTED_EDGE('',*,*,#1412,.T.);
#1012=ORIENTED_EDGE('',*,*,#1307,.T.);
#1013=ORIENTED_EDGE('',*,*,#1417,.F.);
#1014=ORIENTED_EDGE('',*,*,#1278,.F.);
#1015=ORIENTED_EDGE('',*,*,#1416,.T.);
#1016=ORIENTED_EDGE('',*,*,#1306,.T.);
#1017=ORIENTED_EDGE('',*,*,#1418,.F.);
#1018=ORIENTED_EDGE('',*,*,#1279,.F.);
#1019=ORIENTED_EDGE('',*,*,#1417,.T.);
#1020=ORIENTED_EDGE('',*,*,#1360,.T.);
#1021=ORIENTED_EDGE('',*,*,#1419,.F.);
#1022=ORIENTED_EDGE('',*,*,#1225,.F.);
#1023=ORIENTED_EDGE('',*,*,#1420,.T.);
#1024=ORIENTED_EDGE('',*,*,#1359,.T.);
#1025=ORIENTED_EDGE('',*,*,#1421,.F.);
#1026=ORIENTED_EDGE('',*,*,#1226,.F.);
#1027=ORIENTED_EDGE('',*,*,#1419,.T.);
#1028=ORIENTED_EDGE('',*,*,#1358,.T.);
#1029=ORIENTED_EDGE('',*,*,#1414,.F.);
#1030=ORIENTED_EDGE('',*,*,#1227,.F.);
#1031=ORIENTED_EDGE('',*,*,#1421,.T.);
#1032=ORIENTED_EDGE('',*,*,#1305,.T.);
#1033=ORIENTED_EDGE('',*,*,#1422,.F.);
#1034=ORIENTED_EDGE('',*,*,#1280,.F.);
#1035=ORIENTED_EDGE('',*,*,#1418,.T.);
#1036=ORIENTED_EDGE('',*,*,#1304,.T.);
#1037=ORIENTED_EDGE('',*,*,#1423,.F.);
#1038=ORIENTED_EDGE('',*,*,#1281,.F.);
#1039=ORIENTED_EDGE('',*,*,#1422,.T.);
#1040=ORIENTED_EDGE('',*,*,#1303,.T.);
#1041=ORIENTED_EDGE('',*,*,#1424,.F.);
#1042=ORIENTED_EDGE('',*,*,#1282,.F.);
#1043=ORIENTED_EDGE('',*,*,#1423,.T.);
#1044=ORIENTED_EDGE('',*,*,#1363,.T.);
#1045=ORIENTED_EDGE('',*,*,#1425,.F.);
#1046=ORIENTED_EDGE('',*,*,#1222,.F.);
#1047=ORIENTED_EDGE('',*,*,#1426,.T.);
#1048=ORIENTED_EDGE('',*,*,#1362,.T.);
#1049=ORIENTED_EDGE('',*,*,#1427,.F.);
#1050=ORIENTED_EDGE('',*,*,#1223,.F.);
#1051=ORIENTED_EDGE('',*,*,#1425,.T.);
#1052=ORIENTED_EDGE('',*,*,#1361,.T.);
#1053=ORIENTED_EDGE('',*,*,#1420,.F.);
#1054=ORIENTED_EDGE('',*,*,#1224,.F.);
#1055=ORIENTED_EDGE('',*,*,#1427,.T.);
#1056=ORIENTED_EDGE('',*,*,#1302,.T.);
#1057=ORIENTED_EDGE('',*,*,#1428,.F.);
#1058=ORIENTED_EDGE('',*,*,#1283,.F.);
#1059=ORIENTED_EDGE('',*,*,#1424,.T.);
#1060=ORIENTED_EDGE('',*,*,#1301,.T.);
#1061=ORIENTED_EDGE('',*,*,#1429,.F.);
#1062=ORIENTED_EDGE('',*,*,#1284,.F.);
#1063=ORIENTED_EDGE('',*,*,#1428,.T.);
#1064=ORIENTED_EDGE('',*,*,#1300,.T.);
#1065=ORIENTED_EDGE('',*,*,#1430,.F.);
#1066=ORIENTED_EDGE('',*,*,#1285,.F.);
#1067=ORIENTED_EDGE('',*,*,#1429,.T.);
#1068=ORIENTED_EDGE('',*,*,#1292,.T.);
#1069=ORIENTED_EDGE('',*,*,#1431,.F.);
#1070=ORIENTED_EDGE('',*,*,#1219,.F.);
#1071=ORIENTED_EDGE('',*,*,#1432,.T.);
#1072=ORIENTED_EDGE('',*,*,#1365,.T.);
#1073=ORIENTED_EDGE('',*,*,#1433,.F.);
#1074=ORIENTED_EDGE('',*,*,#1220,.F.);
#1075=ORIENTED_EDGE('',*,*,#1431,.T.);
#1076=ORIENTED_EDGE('',*,*,#1364,.T.);
#1077=ORIENTED_EDGE('',*,*,#1426,.F.);
#1078=ORIENTED_EDGE('',*,*,#1221,.F.);
#1079=ORIENTED_EDGE('',*,*,#1433,.T.);
#1080=ORIENTED_EDGE('',*,*,#1299,.T.);
#1081=ORIENTED_EDGE('',*,*,#1434,.F.);
#1082=ORIENTED_EDGE('',*,*,#1286,.F.);
#1083=ORIENTED_EDGE('',*,*,#1430,.T.);
#1084=ORIENTED_EDGE('',*,*,#1298,.T.);
#1085=ORIENTED_EDGE('',*,*,#1435,.F.);
#1086=ORIENTED_EDGE('',*,*,#1287,.F.);
#1087=ORIENTED_EDGE('',*,*,#1434,.T.);
#1088=ORIENTED_EDGE('',*,*,#1297,.T.);
#1089=ORIENTED_EDGE('',*,*,#1436,.F.);
#1090=ORIENTED_EDGE('',*,*,#1288,.F.);
#1091=ORIENTED_EDGE('',*,*,#1435,.T.);
#1092=ORIENTED_EDGE('',*,*,#1296,.T.);
#1093=ORIENTED_EDGE('',*,*,#1437,.F.);
#1094=ORIENTED_EDGE('',*,*,#1289,.F.);
#1095=ORIENTED_EDGE('',*,*,#1436,.T.);
#1096=ORIENTED_EDGE('',*,*,#1295,.T.);
#1097=ORIENTED_EDGE('',*,*,#1438,.F.);
#1098=ORIENTED_EDGE('',*,*,#1290,.F.);
#1099=ORIENTED_EDGE('',*,*,#1437,.T.);
#1100=ORIENTED_EDGE('',*,*,#1294,.T.);
#1101=ORIENTED_EDGE('',*,*,#1439,.F.);
#1102=ORIENTED_EDGE('',*,*,#1291,.F.);
#1103=ORIENTED_EDGE('',*,*,#1438,.T.);
#1104=ORIENTED_EDGE('',*,*,#1293,.T.);
#1105=ORIENTED_EDGE('',*,*,#1432,.F.);
#1106=ORIENTED_EDGE('',*,*,#1218,.F.);
#1107=ORIENTED_EDGE('',*,*,#1439,.T.);
#1108=ORIENTED_EDGE('',*,*,#1440,.F.);
#1109=ORIENTED_EDGE('',*,*,#1217,.T.);
#1110=ORIENTED_EDGE('',*,*,#1205,.F.);
#1111=ORIENTED_EDGE('',*,*,#1440,.T.);
#1112=ORIENTED_EDGE('',*,*,#1441,.F.);
#1113=ORIENTED_EDGE('',*,*,#1206,.T.);
#1114=ORIENTED_EDGE('',*,*,#1203,.F.);
#1115=ORIENTED_EDGE('',*,*,#1441,.T.);
#1116=ORIENTED_EDGE('',*,*,#1442,.F.);
#1117=ORIENTED_EDGE('',*,*,#1207,.T.);
#1118=ORIENTED_EDGE('',*,*,#1201,.F.);
#1119=ORIENTED_EDGE('',*,*,#1442,.T.);
#1120=ORIENTED_EDGE('',*,*,#1443,.F.);
#1121=ORIENTED_EDGE('',*,*,#1208,.T.);
#1122=ORIENTED_EDGE('',*,*,#1199,.F.);
#1123=ORIENTED_EDGE('',*,*,#1443,.T.);
#1124=ORIENTED_EDGE('',*,*,#1444,.F.);
#1125=ORIENTED_EDGE('',*,*,#1209,.T.);
#1126=ORIENTED_EDGE('',*,*,#1197,.F.);
#1127=ORIENTED_EDGE('',*,*,#1444,.T.);
#1128=ORIENTED_EDGE('',*,*,#1445,.F.);
#1129=ORIENTED_EDGE('',*,*,#1210,.T.);
#1130=ORIENTED_EDGE('',*,*,#1195,.F.);
#1131=ORIENTED_EDGE('',*,*,#1445,.T.);
#1132=ORIENTED_EDGE('',*,*,#1446,.F.);
#1133=ORIENTED_EDGE('',*,*,#1211,.T.);
#1134=ORIENTED_EDGE('',*,*,#1193,.F.);
#1135=ORIENTED_EDGE('',*,*,#1446,.T.);
#1136=ORIENTED_EDGE('',*,*,#1447,.F.);
#1137=ORIENTED_EDGE('',*,*,#1212,.T.);
#1138=ORIENTED_EDGE('',*,*,#1191,.F.);
#1139=ORIENTED_EDGE('',*,*,#1447,.T.);
#1140=ORIENTED_EDGE('',*,*,#1448,.F.);
#1141=ORIENTED_EDGE('',*,*,#1213,.T.);
#1142=ORIENTED_EDGE('',*,*,#1189,.F.);
#1143=ORIENTED_EDGE('',*,*,#1448,.T.);
#1144=ORIENTED_EDGE('',*,*,#1449,.F.);
#1145=ORIENTED_EDGE('',*,*,#1214,.T.);
#1146=ORIENTED_EDGE('',*,*,#1187,.F.);
#1147=ORIENTED_EDGE('',*,*,#1449,.T.);
#1148=ORIENTED_EDGE('',*,*,#1450,.F.);
#1149=ORIENTED_EDGE('',*,*,#1215,.T.);
#1150=ORIENTED_EDGE('',*,*,#1185,.F.);
#1151=ORIENTED_EDGE('',*,*,#1450,.T.);
#1152=ORIENTED_EDGE('',*,*,#1451,.F.);
#1153=ORIENTED_EDGE('',*,*,#1216,.T.);
#1154=ORIENTED_EDGE('',*,*,#1183,.F.);
#1155=ORIENTED_EDGE('',*,*,#1451,.T.);
#1156=ORIENTED_EDGE('',*,*,#1452,.F.);
#1157=ORIENTED_EDGE('',*,*,#1453,.T.);
#1158=ORIENTED_EDGE('',*,*,#1454,.F.);
#1159=ORIENTED_EDGE('',*,*,#1455,.T.);
#1160=ORIENTED_EDGE('',*,*,#1456,.F.);
#1161=ORIENTED_EDGE('',*,*,#1454,.T.);
#1162=ORIENTED_EDGE('',*,*,#1457,.F.);
#1163=ORIENTED_EDGE('',*,*,#1456,.T.);
#1164=ORIENTED_EDGE('',*,*,#1458,.F.);
#1165=ORIENTED_EDGE('',*,*,#1457,.T.);
#1166=ORIENTED_EDGE('',*,*,#1459,.F.);
#1167=ORIENTED_EDGE('',*,*,#1458,.T.);
#1168=ORIENTED_EDGE('',*,*,#1460,.F.);
#1169=ORIENTED_EDGE('',*,*,#1459,.T.);
#1170=ORIENTED_EDGE('',*,*,#1453,.F.);
#1171=ORIENTED_EDGE('',*,*,#1460,.T.);
#1172=ORIENTED_EDGE('',*,*,#1461,.F.);
#1173=ORIENTED_EDGE('',*,*,#1461,.T.);
#1174=ORIENTED_EDGE('',*,*,#1462,.F.);
#1175=ORIENTED_EDGE('',*,*,#1455,.F.);
#1176=ORIENTED_EDGE('',*,*,#1462,.T.);
#1177=ORIENTED_EDGE('',*,*,#1463,.F.);
#1178=ORIENTED_EDGE('',*,*,#1452,.T.);
#1179=ORIENTED_EDGE('',*,*,#1463,.T.);
#1180=ORIENTED_EDGE('',*,*,#1464,.F.);
#1181=ORIENTED_EDGE('',*,*,#1464,.T.);
#1182=EDGE_CURVE('',#1465,#1465,#1674,.T.);
#1183=EDGE_CURVE('',#1466,#1466,#1675,.T.);
#1184=EDGE_CURVE('',#1467,#1467,#1676,.T.);
#1185=EDGE_CURVE('',#1468,#1468,#1677,.T.);
#1186=EDGE_CURVE('',#1469,#1469,#1678,.T.);
#1187=EDGE_CURVE('',#1470,#1470,#1679,.T.);
#1188=EDGE_CURVE('',#1471,#1471,#1680,.T.);
#1189=EDGE_CURVE('',#1472,#1472,#1681,.T.);
#1190=EDGE_CURVE('',#1473,#1473,#1682,.T.);
#1191=EDGE_CURVE('',#1474,#1474,#1683,.T.);
#1192=EDGE_CURVE('',#1475,#1475,#1684,.T.);
#1193=EDGE_CURVE('',#1476,#1476,#1685,.T.);
#1194=EDGE_CURVE('',#1477,#1477,#1686,.T.);
#1195=EDGE_CURVE('',#1478,#1478,#1687,.T.);
#1196=EDGE_CURVE('',#1479,#1479,#1688,.T.);
#1197=EDGE_CURVE('',#1480,#1480,#1689,.T.);
#1198=EDGE_CURVE('',#1481,#1481,#1690,.T.);
#1199=EDGE_CURVE('',#1482,#1482,#1691,.T.);
#1200=EDGE_CURVE('',#1483,#1483,#1692,.T.);
#1201=EDGE_CURVE('',#1484,#1484,#1693,.T.);
#1202=EDGE_CURVE('',#1485,#1485,#1694,.T.);
#1203=EDGE_CURVE('',#1486,#1486,#1695,.T.);
#1204=EDGE_CURVE('',#1487,#1487,#1696,.T.);
#1205=EDGE_CURVE('',#1488,#1488,#1697,.T.);
#1206=EDGE_CURVE('',#1489,#1489,#1698,.T.);
#1207=EDGE_CURVE('',#1490,#1490,#1699,.T.);
#1208=EDGE_CURVE('',#1491,#1491,#1700,.T.);
#1209=EDGE_CURVE('',#1492,#1492,#1701,.T.);
#1210=EDGE_CURVE('',#1493,#1493,#1702,.T.);
#1211=EDGE_CURVE('',#1494,#1494,#1703,.T.);
#1212=EDGE_CURVE('',#1495,#1495,#1704,.T.);
#1213=EDGE_CURVE('',#1496,#1496,#1705,.T.);
#1214=EDGE_CURVE('',#1497,#1497,#1706,.T.);
#1215=EDGE_CURVE('',#1498,#1498,#1707,.T.);
#1216=EDGE_CURVE('',#1499,#1499,#1708,.T.);
#1217=EDGE_CURVE('',#1500,#1500,#1709,.T.);
#1218=EDGE_CURVE('',#1501,#1502,#79,.T.);
#1219=EDGE_CURVE('',#1502,#1503,#80,.T.);
#1220=EDGE_CURVE('',#1503,#1504,#81,.T.);
#1221=EDGE_CURVE('',#1504,#1505,#82,.T.);
#1222=EDGE_CURVE('',#1505,#1506,#83,.T.);
#1223=EDGE_CURVE('',#1506,#1507,#84,.T.);
#1224=EDGE_CURVE('',#1507,#1508,#85,.T.);
#1225=EDGE_CURVE('',#1508,#1509,#86,.T.);
#1226=EDGE_CURVE('',#1509,#1510,#87,.T.);
#1227=EDGE_CURVE('',#1510,#1511,#88,.T.);
#1228=EDGE_CURVE('',#1511,#1512,#89,.T.);
#1229=EDGE_CURVE('',#1512,#1513,#90,.T.);
#1230=EDGE_CURVE('',#1513,#1514,#91,.T.);
#1231=EDGE_CURVE('',#1514,#1515,#92,.T.);
#1232=EDGE_CURVE('',#1515,#1516,#93,.T.);
#1233=EDGE_CURVE('',#1516,#1517,#94,.T.);
#1234=EDGE_CURVE('',#1517,#1518,#95,.T.);
#1235=EDGE_CURVE('',#1518,#1519,#96,.T.);
#1236=EDGE_CURVE('',#1519,#1520,#97,.T.);
#1237=EDGE_CURVE('',#1520,#1521,#98,.T.);
#1238=EDGE_CURVE('',#1521,#1522,#99,.T.);
#1239=EDGE_CURVE('',#1522,#1523,#100,.T.);
#1240=EDGE_CURVE('',#1523,#1524,#101,.T.);
#1241=EDGE_CURVE('',#1524,#1525,#102,.T.);
#1242=EDGE_CURVE('',#1525,#1526,#103,.T.);
#1243=EDGE_CURVE('',#1526,#1527,#104,.T.);
#1244=EDGE_CURVE('',#1527,#1528,#105,.T.);
#1245=EDGE_CURVE('',#1528,#1529,#106,.T.);
#1246=EDGE_CURVE('',#1529,#1530,#107,.T.);
#1247=EDGE_CURVE('',#1530,#1531,#108,.T.);
#1248=EDGE_CURVE('',#1531,#1532,#109,.T.);
#1249=EDGE_CURVE('',#1532,#1533,#110,.T.);
#1250=EDGE_CURVE('',#1533,#1534,#111,.T.);
#1251=EDGE_CURVE('',#1534,#1535,#112,.T.);
#1252=EDGE_CURVE('',#1535,#1536,#113,.T.);
#1253=EDGE_CURVE('',#1536,#1537,#114,.T.);
#1254=EDGE_CURVE('',#1537,#1538,#115,.T.);
#1255=EDGE_CURVE('',#1538,#1539,#116,.T.);
#1256=EDGE_CURVE('',#1539,#1540,#117,.T.);
#1257=EDGE_CURVE('',#1540,#1541,#118,.T.);
#1258=EDGE_CURVE('',#1541,#1542,#119,.T.);
#1259=EDGE_CURVE('',#1542,#1543,#120,.T.);
#1260=EDGE_CURVE('',#1543,#1544,#121,.T.);
#1261=EDGE_CURVE('',#1544,#1545,#122,.T.);
#1262=EDGE_CURVE('',#1545,#1546,#123,.T.);
#1263=EDGE_CURVE('',#1546,#1547,#124,.T.);
#1264=EDGE_CURVE('',#1547,#1548,#125,.T.);
#1265=EDGE_CURVE('',#1548,#1549,#126,.T.);
#1266=EDGE_CURVE('',#1549,#1550,#127,.T.);
#1267=EDGE_CURVE('',#1550,#1551,#128,.T.);
#1268=EDGE_CURVE('',#1551,#1552,#129,.T.);
#1269=EDGE_CURVE('',#1552,#1553,#130,.T.);
#1270=EDGE_CURVE('',#1553,#1554,#131,.T.);
#1271=EDGE_CURVE('',#1554,#1555,#132,.T.);
#1272=EDGE_CURVE('',#1555,#1556,#133,.T.);
#1273=EDGE_CURVE('',#1556,#1557,#134,.T.);
#1274=EDGE_CURVE('',#1557,#1558,#135,.T.);
#1275=EDGE_CURVE('',#1558,#1559,#136,.T.);
#1276=EDGE_CURVE('',#1559,#1560,#137,.T.);
#1277=EDGE_CURVE('',#1560,#1561,#138,.T.);
#1278=EDGE_CURVE('',#1561,#1562,#139,.T.);
#1279=EDGE_CURVE('',#1562,#1563,#140,.T.);
#1280=EDGE_CURVE('',#1563,#1564,#141,.T.);
#1281=EDGE_CURVE('',#1564,#1565,#142,.T.);
#1282=EDGE_CURVE('',#1565,#1566,#143,.T.);
#1283=EDGE_CURVE('',#1566,#1567,#144,.T.);
#1284=EDGE_CURVE('',#1567,#1568,#145,.T.);
#1285=EDGE_CURVE('',#1568,#1569,#146,.T.);
#1286=EDGE_CURVE('',#1569,#1570,#147,.T.);
#1287=EDGE_CURVE('',#1570,#1571,#148,.T.);
#1288=EDGE_CURVE('',#1571,#1572,#149,.T.);
#1289=EDGE_CURVE('',#1572,#1573,#150,.T.);
#1290=EDGE_CURVE('',#1573,#1574,#151,.T.);
#1291=EDGE_CURVE('',#1574,#1501,#152,.T.);
#1292=EDGE_CURVE('',#1575,#1576,#153,.T.);
#1293=EDGE_CURVE('',#1577,#1575,#154,.T.);
#1294=EDGE_CURVE('',#1578,#1577,#155,.T.);
#1295=EDGE_CURVE('',#1579,#1578,#156,.T.);
#1296=EDGE_CURVE('',#1580,#1579,#157,.T.);
#1297=EDGE_CURVE('',#1581,#1580,#158,.T.);
#1298=EDGE_CURVE('',#1582,#1581,#159,.T.);
#1299=EDGE_CURVE('',#1583,#1582,#160,.T.);
#1300=EDGE_CURVE('',#1584,#1583,#161,.T.);
#1301=EDGE_CURVE('',#1585,#1584,#162,.T.);
#1302=EDGE_CURVE('',#1586,#1585,#163,.T.);
#1303=EDGE_CURVE('',#1587,#1586,#164,.T.);
#1304=EDGE_CURVE('',#1588,#1587,#165,.T.);
#1305=EDGE_CURVE('',#1589,#1588,#166,.T.);
#1306=EDGE_CURVE('',#1590,#1589,#167,.T.);
#1307=EDGE_CURVE('',#1591,#1590,#168,.T.);
#1308=EDGE_CURVE('',#1592,#1591,#169,.T.);
#1309=EDGE_CURVE('',#1593,#1592,#170,.T.);
#1310=EDGE_CURVE('',#1594,#1593,#171,.T.);
#1311=EDGE_CURVE('',#1595,#1594,#172,.T.);
#1312=EDGE_CURVE('',#1596,#1595,#173,.T.);
#1313=EDGE_CURVE('',#1597,#1596,#174,.T.);
#1314=EDGE_CURVE('',#1598,#1597,#175,.T.);
#1315=EDGE_CURVE('',#1599,#1598,#176,.T.);
#1316=EDGE_CURVE('',#1600,#1599,#177,.T.);
#1317=EDGE_CURVE('',#1601,#1600,#178,.T.);
#1318=EDGE_CURVE('',#1602,#1601,#179,.T.);
#1319=EDGE_CURVE('',#1603,#1602,#180,.T.);
#1320=EDGE_CURVE('',#1604,#1603,#181,.T.);
#1321=EDGE_CURVE('',#1605,#1604,#182,.T.);
#1322=EDGE_CURVE('',#1606,#1605,#183,.T.);
#1323=EDGE_CURVE('',#1607,#1606,#184,.T.);
#1324=EDGE_CURVE('',#1608,#1607,#185,.T.);
#1325=EDGE_CURVE('',#1609,#1608,#186,.T.);
#1326=EDGE_CURVE('',#1610,#1609,#187,.T.);
#1327=EDGE_CURVE('',#1611,#1610,#188,.T.);
#1328=EDGE_CURVE('',#1612,#1611,#189,.T.);
#1329=EDGE_CURVE('',#1613,#1612,#190,.T.);
#1330=EDGE_CURVE('',#1614,#1613,#191,.T.);
#1331=EDGE_CURVE('',#1615,#1614,#192,.T.);
#1332=EDGE_CURVE('',#1616,#1615,#193,.T.);
#1333=EDGE_CURVE('',#1617,#1616,#194,.T.);
#1334=EDGE_CURVE('',#1618,#1617,#195,.T.);
#1335=EDGE_CURVE('',#1619,#1618,#196,.T.);
#1336=EDGE_CURVE('',#1620,#1619,#197,.T.);
#1337=EDGE_CURVE('',#1621,#1620,#198,.T.);
#1338=EDGE_CURVE('',#1622,#1621,#199,.T.);
#1339=EDGE_CURVE('',#1623,#1622,#200,.T.);
#1340=EDGE_CURVE('',#1624,#1623,#201,.T.);
#1341=EDGE_CURVE('',#1625,#1624,#202,.T.);
#1342=EDGE_CURVE('',#1626,#1625,#203,.T.);
#1343=EDGE_CURVE('',#1627,#1626,#204,.T.);
#1344=EDGE_CURVE('',#1628,#1627,#205,.T.);
#1345=EDGE_CURVE('',#1629,#1628,#206,.T.);
#1346=EDGE_CURVE('',#1630,#1629,#207,.T.);
#1347=EDGE_CURVE('',#1631,#1630,#208,.T.);
#1348=EDGE_CURVE('',#1632,#1631,#209,.T.);
#1349=EDGE_CURVE('',#1633,#1632,#210,.T.);
#1350=EDGE_CURVE('',#1634,#1633,#211,.T.);
#1351=EDGE_CURVE('',#1635,#1634,#212,.T.);
#1352=EDGE_CURVE('',#1636,#1635,#213,.T.);
#1353=EDGE_CURVE('',#1637,#1636,#214,.T.);
#1354=EDGE_CURVE('',#1638,#1637,#215,.T.);
#1355=EDGE_CURVE('',#1639,#1638,#216,.T.);
#1356=EDGE_CURVE('',#1640,#1639,#217,.T.);
#1357=EDGE_CURVE('',#1641,#1640,#218,.T.);
#1358=EDGE_CURVE('',#1642,#1641,#219,.T.);
#1359=EDGE_CURVE('',#1643,#1642,#220,.T.);
#1360=EDGE_CURVE('',#1644,#1643,#221,.T.);
#1361=EDGE_CURVE('',#1645,#1644,#222,.T.);
#1362=EDGE_CURVE('',#1646,#1645,#223,.T.);
#1363=EDGE_CURVE('',#1647,#1646,#224,.T.);
#1364=EDGE_CURVE('',#1648,#1647,#225,.T.);
#1365=EDGE_CURVE('',#1576,#1648,#226,.T.);
#1366=EDGE_CURVE('',#1536,#1616,#227,.T.);
#1367=EDGE_CURVE('',#1535,#1617,#228,.T.);
#1368=EDGE_CURVE('',#1537,#1615,#229,.T.);
#1369=EDGE_CURVE('',#1538,#1614,#230,.T.);
#1370=EDGE_CURVE('',#1539,#1613,#231,.T.);
#1371=EDGE_CURVE('',#1533,#1619,#232,.T.);
#1372=EDGE_CURVE('',#1532,#1620,#233,.T.);
#1373=EDGE_CURVE('',#1534,#1618,#234,.T.);
#1374=EDGE_CURVE('',#1540,#1612,#235,.T.);
#1375=EDGE_CURVE('',#1541,#1611,#236,.T.);
#1376=EDGE_CURVE('',#1542,#1610,#237,.T.);
#1377=EDGE_CURVE('',#1530,#1622,#238,.T.);
#1378=EDGE_CURVE('',#1529,#1623,#239,.T.);
#1379=EDGE_CURVE('',#1531,#1621,#240,.T.);
#1380=EDGE_CURVE('',#1543,#1609,#241,.T.);
#1381=EDGE_CURVE('',#1544,#1608,#242,.T.);
#1382=EDGE_CURVE('',#1545,#1607,#243,.T.);
#1383=EDGE_CURVE('',#1527,#1625,#244,.T.);
#1384=EDGE_CURVE('',#1526,#1626,#245,.T.);
#1385=EDGE_CURVE('',#1528,#1624,#246,.T.);
#1386=EDGE_CURVE('',#1546,#1606,#247,.T.);
#1387=EDGE_CURVE('',#1547,#1605,#248,.T.);
#1388=EDGE_CURVE('',#1548,#1604,#249,.T.);
#1389=EDGE_CURVE('',#1524,#1628,#250,.T.);
#1390=EDGE_CURVE('',#1523,#1629,#251,.T.);
#1391=EDGE_CURVE('',#1525,#1627,#252,.T.);
#1392=EDGE_CURVE('',#1549,#1603,#253,.T.);
#1393=EDGE_CURVE('',#1550,#1602,#254,.T.);
#1394=EDGE_CURVE('',#1551,#1601,#255,.T.);
#1395=EDGE_CURVE('',#1521,#1631,#256,.T.);
#1396=EDGE_CURVE('',#1520,#1632,#257,.T.);
#1397=EDGE_CURVE('',#1522,#1630,#258,.T.);
#1398=EDGE_CURVE('',#1552,#1600,#259,.T.);
#1399=EDGE_CURVE('',#1553,#1599,#260,.T.);
#1400=EDGE_CURVE('',#1554,#1598,#261,.T.);
#1401=EDGE_CURVE('',#1518,#1634,#262,.T.);
#1402=EDGE_CURVE('',#1517,#1635,#263,.T.);
#1403=EDGE_CURVE('',#1519,#1633,#264,.T.);
#1404=EDGE_CURVE('',#1555,#1597,#265,.T.);
#1405=EDGE_CURVE('',#1556,#1596,#266,.T.);
#1406=EDGE_CURVE('',#1557,#1595,#267,.T.);
#1407=EDGE_CURVE('',#1515,#1637,#268,.T.);
#1408=EDGE_CURVE('',#1514,#1638,#269,.T.);
#1409=EDGE_CURVE('',#1516,#1636,#270,.T.);
#1410=EDGE_CURVE('',#1558,#1594,#271,.T.);
#1411=EDGE_CURVE('',#1559,#1593,#272,.T.);
#1412=EDGE_CURVE('',#1560,#1592,#273,.T.);
#1413=EDGE_CURVE('',#1512,#1640,#274,.T.);
#1414=EDGE_CURVE('',#1511,#1641,#275,.T.);
#1415=EDGE_CURVE('',#1513,#1639,#276,.T.);
#1416=EDGE_CURVE('',#1561,#1591,#277,.T.);
#1417=EDGE_CURVE('',#1562,#1590,#278,.T.);
#1418=EDGE_CURVE('',#1563,#1589,#279,.T.);
#1419=EDGE_CURVE('',#1509,#1643,#280,.T.);
#1420=EDGE_CURVE('',#1508,#1644,#281,.T.);
#1421=EDGE_CURVE('',#1510,#1642,#282,.T.);
#1422=EDGE_CURVE('',#1564,#1588,#283,.T.);
#1423=EDGE_CURVE('',#1565,#1587,#284,.T.);
#1424=EDGE_CURVE('',#1566,#1586,#285,.T.);
#1425=EDGE_CURVE('',#1506,#1646,#286,.T.);
#1426=EDGE_CURVE('',#1505,#1647,#287,.T.);
#1427=EDGE_CURVE('',#1507,#1645,#288,.T.);
#1428=EDGE_CURVE('',#1567,#1585,#289,.T.);
#1429=EDGE_CURVE('',#1568,#1584,#290,.T.);
#1430=EDGE_CURVE('',#1569,#1583,#291,.T.);
#1431=EDGE_CURVE('',#1503,#1576,#292,.T.);
#1432=EDGE_CURVE('',#1502,#1575,#293,.T.);
#1433=EDGE_CURVE('',#1504,#1648,#294,.T.);
#1434=EDGE_CURVE('',#1570,#1582,#295,.T.);
#1435=EDGE_CURVE('',#1571,#1581,#296,.T.);
#1436=EDGE_CURVE('',#1572,#1580,#297,.T.);
#1437=EDGE_CURVE('',#1573,#1579,#298,.T.);
#1438=EDGE_CURVE('',#1574,#1578,#299,.T.);
#1439=EDGE_CURVE('',#1501,#1577,#300,.T.);
#1440=EDGE_CURVE('',#1649,#1649,#1710,.T.);
#1441=EDGE_CURVE('',#1650,#1650,#1711,.T.);
#1442=EDGE_CURVE('',#1651,#1651,#1712,.T.);
#1443=EDGE_CURVE('',#1652,#1652,#1713,.T.);
#1444=EDGE_CURVE('',#1653,#1653,#1714,.T.);
#1445=EDGE_CURVE('',#1654,#1654,#1715,.T.);
#1446=EDGE_CURVE('',#1655,#1655,#1716,.T.);
#1447=EDGE_CURVE('',#1656,#1656,#1717,.T.);
#1448=EDGE_CURVE('',#1657,#1657,#1718,.T.);
#1449=EDGE_CURVE('',#1658,#1658,#1719,.T.);
#1450=EDGE_CURVE('',#1659,#1659,#1720,.T.);
#1451=EDGE_CURVE('',#1660,#1660,#1721,.T.);
#1452=EDGE_CURVE('',#1661,#1661,#1722,.F.);
#1453=EDGE_CURVE('',#1662,#1662,#1723,.T.);
#1454=EDGE_CURVE('',#1663,#1663,#1724,.T.);
#1455=EDGE_CURVE('',#1664,#1664,#1725,.T.);
#1456=EDGE_CURVE('',#1665,#1665,#1726,.T.);
#1457=EDGE_CURVE('',#1666,#1666,#1727,.T.);
#1458=EDGE_CURVE('',#1667,#1667,#1728,.T.);
#1459=EDGE_CURVE('',#1668,#1668,#1729,.T.);
#1460=EDGE_CURVE('',#1669,#1669,#1730,.T.);
#1461=EDGE_CURVE('',#1670,#1670,#1731,.T.);
#1462=EDGE_CURVE('',#1671,#1671,#1732,.T.);
#1463=EDGE_CURVE('',#1672,#1672,#1733,.T.);
#1464=EDGE_CURVE('',#1673,#1673,#1734,.T.);
#1465=VERTEX_POINT('',#3139);
#1466=VERTEX_POINT('',#3141);
#1467=VERTEX_POINT('',#3144);
#1468=VERTEX_POINT('',#3146);
#1469=VERTEX_POINT('',#3149);
#1470=VERTEX_POINT('',#3151);
#1471=VERTEX_POINT('',#3154);
#1472=VERTEX_POINT('',#3156);
#1473=VERTEX_POINT('',#3159);
#1474=VERTEX_POINT('',#3161);
#1475=VERTEX_POINT('',#3164);
#1476=VERTEX_POINT('',#3166);
#1477=VERTEX_POINT('',#3169);
#1478=VERTEX_POINT('',#3171);
#1479=VERTEX_POINT('',#3174);
#1480=VERTEX_POINT('',#3176);
#1481=VERTEX_POINT('',#3179);
#1482=VERTEX_POINT('',#3181);
#1483=VERTEX_POINT('',#3184);
#1484=VERTEX_POINT('',#3186);
#1485=VERTEX_POINT('',#3189);
#1486=VERTEX_POINT('',#3191);
#1487=VERTEX_POINT('',#3194);
#1488=VERTEX_POINT('',#3196);
#1489=VERTEX_POINT('',#3199);
#1490=VERTEX_POINT('',#3201);
#1491=VERTEX_POINT('',#3203);
#1492=VERTEX_POINT('',#3205);
#1493=VERTEX_POINT('',#3207);
#1494=VERTEX_POINT('',#3209);
#1495=VERTEX_POINT('',#3211);
#1496=VERTEX_POINT('',#3213);
#1497=VERTEX_POINT('',#3215);
#1498=VERTEX_POINT('',#3217);
#1499=VERTEX_POINT('',#3219);
#1500=VERTEX_POINT('',#3221);
#1501=VERTEX_POINT('',#3223);
#1502=VERTEX_POINT('',#3224);
#1503=VERTEX_POINT('',#3226);
#1504=VERTEX_POINT('',#3228);
#1505=VERTEX_POINT('',#3230);
#1506=VERTEX_POINT('',#3232);
#1507=VERTEX_POINT('',#3234);
#1508=VERTEX_POINT('',#3236);
#1509=VERTEX_POINT('',#3238);
#1510=VERTEX_POINT('',#3240);
#1511=VERTEX_POINT('',#3242);
#1512=VERTEX_POINT('',#3244);
#1513=VERTEX_POINT('',#3246);
#1514=VERTEX_POINT('',#3248);
#1515=VERTEX_POINT('',#3250);
#1516=VERTEX_POINT('',#3252);
#1517=VERTEX_POINT('',#3254);
#1518=VERTEX_POINT('',#3256);
#1519=VERTEX_POINT('',#3258);
#1520=VERTEX_POINT('',#3260);
#1521=VERTEX_POINT('',#3262);
#1522=VERTEX_POINT('',#3264);
#1523=VERTEX_POINT('',#3266);
#1524=VERTEX_POINT('',#3268);
#1525=VERTEX_POINT('',#3270);
#1526=VERTEX_POINT('',#3272);
#1527=VERTEX_POINT('',#3274);
#1528=VERTEX_POINT('',#3276);
#1529=VERTEX_POINT('',#3278);
#1530=VERTEX_POINT('',#3280);
#1531=VERTEX_POINT('',#3282);
#1532=VERTEX_POINT('',#3284);
#1533=VERTEX_POINT('',#3286);
#1534=VERTEX_POINT('',#3288);
#1535=VERTEX_POINT('',#3290);
#1536=VERTEX_POINT('',#3292);
#1537=VERTEX_POINT('',#3294);
#1538=VERTEX_POINT('',#3296);
#1539=VERTEX_POINT('',#3298);
#1540=VERTEX_POINT('',#3300);
#1541=VERTEX_POINT('',#3302);
#1542=VERTEX_POINT('',#3304);
#1543=VERTEX_POINT('',#3306);
#1544=VERTEX_POINT('',#3308);
#1545=VERTEX_POINT('',#3310);
#1546=VERTEX_POINT('',#3312);
#1547=VERTEX_POINT('',#3314);
#1548=VERTEX_POINT('',#3316);
#1549=VERTEX_POINT('',#3318);
#1550=VERTEX_POINT('',#3320);
#1551=VERTEX_POINT('',#3322);
#1552=VERTEX_POINT('',#3324);
#1553=VERTEX_POINT('',#3326);
#1554=VERTEX_POINT('',#3328);
#1555=VERTEX_POINT('',#3330);
#1556=VERTEX_POINT('',#3332);
#1557=VERTEX_POINT('',#3334);
#1558=VERTEX_POINT('',#3336);
#1559=VERTEX_POINT('',#3338);
#1560=VERTEX_POINT('',#3340);
#1561=VERTEX_POINT('',#3342);
#1562=VERTEX_POINT('',#3344);
#1563=VERTEX_POINT('',#3346);
#1564=VERTEX_POINT('',#3348);
#1565=VERTEX_POINT('',#3350);
#1566=VERTEX_POINT('',#3352);
#1567=VERTEX_POINT('',#3354);
#1568=VERTEX_POINT('',#3356);
#1569=VERTEX_POINT('',#3358);
#1570=VERTEX_POINT('',#3360);
#1571=VERTEX_POINT('',#3362);
#1572=VERTEX_POINT('',#3364);
#1573=VERTEX_POINT('',#3366);
#1574=VERTEX_POINT('',#3368);
#1575=VERTEX_POINT('',#3372);
#1576=VERTEX_POINT('',#3373);
#1577=VERTEX_POINT('',#3375);
#1578=VERTEX_POINT('',#3377);
#1579=VERTEX_POINT('',#3379);
#1580=VERTEX_POINT('',#3381);
#1581=VERTEX_POINT('',#3383);
#1582=VERTEX_POINT('',#3385);
#1583=VERTEX_POINT('',#3387);
#1584=VERTEX_POINT('',#3389);
#1585=VERTEX_POINT('',#3391);
#1586=VERTEX_POINT('',#3393);
#1587=VERTEX_POINT('',#3395);
#1588=VERTEX_POINT('',#3397);
#1589=VERTEX_POINT('',#3399);
#1590=VERTEX_POINT('',#3401);
#1591=VERTEX_POINT('',#3403);
#1592=VERTEX_POINT('',#3405);
#1593=VERTEX_POINT('',#3407);
#1594=VERTEX_POINT('',#3409);
#1595=VERTEX_POINT('',#3411);
#1596=VERTEX_POINT('',#3413);
#1597=VERTEX_POINT('',#3415);
#1598=VERTEX_POINT('',#3417);
#1599=VERTEX_POINT('',#3419);
#1600=VERTEX_POINT('',#3421);
#1601=VERTEX_POINT('',#3423);
#1602=VERTEX_POINT('',#3425);
#1603=VERTEX_POINT('',#3427);
#1604=VERTEX_POINT('',#3429);
#1605=VERTEX_POINT('',#3431);
#1606=VERTEX_POINT('',#3433);
#1607=VERTEX_POINT('',#3435);
#1608=VERTEX_POINT('',#3437);
#1609=VERTEX_POINT('',#3439);
#1610=VERTEX_POINT('',#3441);
#1611=VERTEX_POINT('',#3443);
#1612=VERTEX_POINT('',#3445);
#1613=VERTEX_POINT('',#3447);
#1614=VERTEX_POINT('',#3449);
#1615=VERTEX_POINT('',#3451);
#1616=VERTEX_POINT('',#3453);
#1617=VERTEX_POINT('',#3455);
#1618=VERTEX_POINT('',#3457);
#1619=VERTEX_POINT('',#3459);
#1620=VERTEX_POINT('',#3461);
#1621=VERTEX_POINT('',#3463);
#1622=VERTEX_POINT('',#3465);
#1623=VERTEX_POINT('',#3467);
#1624=VERTEX_POINT('',#3469);
#1625=VERTEX_POINT('',#3471);
#1626=VERTEX_POINT('',#3473);
#1627=VERTEX_POINT('',#3475);
#1628=VERTEX_POINT('',#3477);
#1629=VERTEX_POINT('',#3479);
#1630=VERTEX_POINT('',#3481);
#1631=VERTEX_POINT('',#3483);
#1632=VERTEX_POINT('',#3485);
#1633=VERTEX_POINT('',#3487);
#1634=VERTEX_POINT('',#3489);
#1635=VERTEX_POINT('',#3491);
#1636=VERTEX_POINT('',#3493);
#1637=VERTEX_POINT('',#3495);
#1638=VERTEX_POINT('',#3497);
#1639=VERTEX_POINT('',#3499);
#1640=VERTEX_POINT('',#3501);
#1641=VERTEX_POINT('',#3503);
#1642=VERTEX_POINT('',#3505);
#1643=VERTEX_POINT('',#3507);
#1644=VERTEX_POINT('',#3509);
#1645=VERTEX_POINT('',#3511);
#1646=VERTEX_POINT('',#3513);
#1647=VERTEX_POINT('',#3515);
#1648=VERTEX_POINT('',#3517);
#1649=VERTEX_POINT('',#3669);
#1650=VERTEX_POINT('',#3673);
#1651=VERTEX_POINT('',#3677);
#1652=VERTEX_POINT('',#3681);
#1653=VERTEX_POINT('',#3685);
#1654=VERTEX_POINT('',#3689);
#1655=VERTEX_POINT('',#3693);
#1656=VERTEX_POINT('',#3697);
#1657=VERTEX_POINT('',#3701);
#1658=VERTEX_POINT('',#3705);
#1659=VERTEX_POINT('',#3709);
#1660=VERTEX_POINT('',#3713);
#1661=VERTEX_POINT('',#3718);
#1662=VERTEX_POINT('',#3720);
#1663=VERTEX_POINT('',#3723);
#1664=VERTEX_POINT('',#3725);
#1665=VERTEX_POINT('',#3728);
#1666=VERTEX_POINT('',#3731);
#1667=VERTEX_POINT('',#3734);
#1668=VERTEX_POINT('',#3737);
#1669=VERTEX_POINT('',#3740);
#1670=VERTEX_POINT('',#3744);
#1671=VERTEX_POINT('',#3747);
#1672=VERTEX_POINT('',#3751);
#1673=VERTEX_POINT('',#3754);
#1674=CIRCLE('',#2313,0.026);
#1675=CIRCLE('',#2314,0.026);
#1676=CIRCLE('',#2316,0.026);
#1677=CIRCLE('',#2317,0.026);
#1678=CIRCLE('',#2319,0.026);
#1679=CIRCLE('',#2320,0.026);
#1680=CIRCLE('',#2322,0.026);
#1681=CIRCLE('',#2323,0.026);
#1682=CIRCLE('',#2325,0.026);
#1683=CIRCLE('',#2326,0.026);
#1684=CIRCLE('',#2328,0.026);
#1685=CIRCLE('',#2329,0.026);
#1686=CIRCLE('',#2331,0.026);
#1687=CIRCLE('',#2332,0.026);
#1688=CIRCLE('',#2334,0.026);
#1689=CIRCLE('',#2335,0.026);
#1690=CIRCLE('',#2337,0.026);
#1691=CIRCLE('',#2338,0.026);
#1692=CIRCLE('',#2340,0.026);
#1693=CIRCLE('',#2341,0.026);
#1694=CIRCLE('',#2343,0.026);
#1695=CIRCLE('',#2344,0.026);
#1696=CIRCLE('',#2346,0.026);
#1697=CIRCLE('',#2347,0.026);
#1698=CIRCLE('',#2349,0.035);
#1699=CIRCLE('',#2350,0.035);
#1700=CIRCLE('',#2351,0.035);
#1701=CIRCLE('',#2352,0.035);
#1702=CIRCLE('',#2353,0.035);
#1703=CIRCLE('',#2354,0.035);
#1704=CIRCLE('',#2355,0.035);
#1705=CIRCLE('',#2356,0.035);
#1706=CIRCLE('',#2357,0.035);
#1707=CIRCLE('',#2358,0.035);
#1708=CIRCLE('',#2359,0.035);
#1709=CIRCLE('',#2360,0.035);
#1710=CIRCLE('',#2437,0.035);
#1711=CIRCLE('',#2440,0.035);
#1712=CIRCLE('',#2443,0.035);
#1713=CIRCLE('',#2446,0.035);
#1714=CIRCLE('',#2449,0.035);
#1715=CIRCLE('',#2452,0.035);
#1716=CIRCLE('',#2455,0.035);
#1717=CIRCLE('',#2458,0.035);
#1718=CIRCLE('',#2461,0.035);
#1719=CIRCLE('',#2464,0.035);
#1720=CIRCLE('',#2467,0.035);
#1721=CIRCLE('',#2470,0.035);
#1722=CIRCLE('',#2474,0.009);
#1723=CIRCLE('',#2475,0.026);
#1724=CIRCLE('',#2477,0.035);
#1725=CIRCLE('',#2478,0.009);
#1726=CIRCLE('',#2480,0.035);
#1727=CIRCLE('',#2482,0.026);
#1728=CIRCLE('',#2484,0.026);
#1729=CIRCLE('',#2486,0.0305);
#1730=CIRCLE('',#2488,0.026);
#1731=CIRCLE('',#2491,0.002);
#1732=CIRCLE('',#2493,0.009);
#1733=CIRCLE('',#2496,0.009);
#1734=CIRCLE('',#2498,0.002);
#1735=EDGE_LOOP('',(#616));
#1736=EDGE_LOOP('',(#617));
#1737=EDGE_LOOP('',(#618));
#1738=EDGE_LOOP('',(#619));
#1739=EDGE_LOOP('',(#620));
#1740=EDGE_LOOP('',(#621));
#1741=EDGE_LOOP('',(#622));
#1742=EDGE_LOOP('',(#623));
#1743=EDGE_LOOP('',(#624));
#1744=EDGE_LOOP('',(#625));
#1745=EDGE_LOOP('',(#626));
#1746=EDGE_LOOP('',(#627));
#1747=EDGE_LOOP('',(#628));
#1748=EDGE_LOOP('',(#629));
#1749=EDGE_LOOP('',(#630));
#1750=EDGE_LOOP('',(#631));
#1751=EDGE_LOOP('',(#632));
#1752=EDGE_LOOP('',(#633));
#1753=EDGE_LOOP('',(#634));
#1754=EDGE_LOOP('',(#635));
#1755=EDGE_LOOP('',(#636));
#1756=EDGE_LOOP('',(#637));
#1757=EDGE_LOOP('',(#638));
#1758=EDGE_LOOP('',(#639));
#1759=EDGE_LOOP('',(#640));
#1760=EDGE_LOOP('',(#641));
#1761=EDGE_LOOP('',(#642));
#1762=EDGE_LOOP('',(#643));
#1763=EDGE_LOOP('',(#644));
#1764=EDGE_LOOP('',(#645));
#1765=EDGE_LOOP('',(#646));
#1766=EDGE_LOOP('',(#647));
#1767=EDGE_LOOP('',(#648));
#1768=EDGE_LOOP('',(#649));
#1769=EDGE_LOOP('',(#650));
#1770=EDGE_LOOP('',(#651));
#1771=EDGE_LOOP('',(#652,#653,#654,#655,#656,#657,#658,#659,#660,#661,#662,
#663,#664,#665,#666,#667,#668,#669,#670,#671,#672,#673,#674,#675,#676,#677,
#678,#679,#680,#681,#682,#683,#684,#685,#686,#687,#688,#689,#690,#691,#692,
#693,#694,#695,#696,#697,#698,#699,#700,#701,#702,#703,#704,#705,#706,#707,
#708,#709,#710,#711,#712,#713,#714,#715,#716,#717,#718,#719,#720,#721,#722,
#723,#724,#725));
#1772=EDGE_LOOP('',(#726));
#1773=EDGE_LOOP('',(#727));
#1774=EDGE_LOOP('',(#728));
#1775=EDGE_LOOP('',(#729));
#1776=EDGE_LOOP('',(#730));
#1777=EDGE_LOOP('',(#731));
#1778=EDGE_LOOP('',(#732));
#1779=EDGE_LOOP('',(#733));
#1780=EDGE_LOOP('',(#734));
#1781=EDGE_LOOP('',(#735));
#1782=EDGE_LOOP('',(#736));
#1783=EDGE_LOOP('',(#737));
#1784=EDGE_LOOP('',(#738,#739,#740,#741,#742,#743,#744,#745,#746,#747,#748,
#749,#750,#751,#752,#753,#754,#755,#756,#757,#758,#759,#760,#761,#762,#763,
#764,#765,#766,#767,#768,#769,#770,#771,#772,#773,#774,#775,#776,#777,#778,
#779,#780,#781,#782,#783,#784,#785,#786,#787,#788,#789,#790,#791,#792,#793,
#794,#795,#796,#797,#798,#799,#800,#801,#802,#803,#804,#805,#806,#807,#808,
#809,#810,#811));
#1785=EDGE_LOOP('',(#812,#813,#814,#815));
#1786=EDGE_LOOP('',(#816,#817,#818,#819));
#1787=EDGE_LOOP('',(#820,#821,#822,#823));
#1788=EDGE_LOOP('',(#824,#825,#826,#827));
#1789=EDGE_LOOP('',(#828,#829,#830,#831));
#1790=EDGE_LOOP('',(#832,#833,#834,#835));
#1791=EDGE_LOOP('',(#836,#837,#838,#839));
#1792=EDGE_LOOP('',(#840,#841,#842,#843));
#1793=EDGE_LOOP('',(#844,#845,#846,#847));
#1794=EDGE_LOOP('',(#848,#849,#850,#851));
#1795=EDGE_LOOP('',(#852,#853,#854,#855));
#1796=EDGE_LOOP('',(#856,#857,#858,#859));
#1797=EDGE_LOOP('',(#860,#861,#862,#863));
#1798=EDGE_LOOP('',(#864,#865,#866,#867));
#1799=EDGE_LOOP('',(#868,#869,#870,#871));
#1800=EDGE_LOOP('',(#872,#873,#874,#875));
#1801=EDGE_LOOP('',(#876,#877,#878,#879));
#1802=EDGE_LOOP('',(#880,#881,#882,#883));
#1803=EDGE_LOOP('',(#884,#885,#886,#887));
#1804=EDGE_LOOP('',(#888,#889,#890,#891));
#1805=EDGE_LOOP('',(#892,#893,#894,#895));
#1806=EDGE_LOOP('',(#896,#897,#898,#899));
#1807=EDGE_LOOP('',(#900,#901,#902,#903));
#1808=EDGE_LOOP('',(#904,#905,#906,#907));
#1809=EDGE_LOOP('',(#908,#909,#910,#911));
#1810=EDGE_LOOP('',(#912,#913,#914,#915));
#1811=EDGE_LOOP('',(#916,#917,#918,#919));
#1812=EDGE_LOOP('',(#920,#921,#922,#923));
#1813=EDGE_LOOP('',(#924,#925,#926,#927));
#1814=EDGE_LOOP('',(#928,#929,#930,#931));
#1815=EDGE_LOOP('',(#932,#933,#934,#935));
#1816=EDGE_LOOP('',(#936,#937,#938,#939));
#1817=EDGE_LOOP('',(#940,#941,#942,#943));
#1818=EDGE_LOOP('',(#944,#945,#946,#947));
#1819=EDGE_LOOP('',(#948,#949,#950,#951));
#1820=EDGE_LOOP('',(#952,#953,#954,#955));
#1821=EDGE_LOOP('',(#956,#957,#958,#959));
#1822=EDGE_LOOP('',(#960,#961,#962,#963));
#1823=EDGE_LOOP('',(#964,#965,#966,#967));
#1824=EDGE_LOOP('',(#968,#969,#970,#971));
#1825=EDGE_LOOP('',(#972,#973,#974,#975));
#1826=EDGE_LOOP('',(#976,#977,#978,#979));
#1827=EDGE_LOOP('',(#980,#981,#982,#983));
#1828=EDGE_LOOP('',(#984,#985,#986,#987));
#1829=EDGE_LOOP('',(#988,#989,#990,#991));
#1830=EDGE_LOOP('',(#992,#993,#994,#995));
#1831=EDGE_LOOP('',(#996,#997,#998,#999));
#1832=EDGE_LOOP('',(#1000,#1001,#1002,#1003));
#1833=EDGE_LOOP('',(#1004,#1005,#1006,#1007));
#1834=EDGE_LOOP('',(#1008,#1009,#1010,#1011));
#1835=EDGE_LOOP('',(#1012,#1013,#1014,#1015));
#1836=EDGE_LOOP('',(#1016,#1017,#1018,#1019));
#1837=EDGE_LOOP('',(#1020,#1021,#1022,#1023));
#1838=EDGE_LOOP('',(#1024,#1025,#1026,#1027));
#1839=EDGE_LOOP('',(#1028,#1029,#1030,#1031));
#1840=EDGE_LOOP('',(#1032,#1033,#1034,#1035));
#1841=EDGE_LOOP('',(#1036,#1037,#1038,#1039));
#1842=EDGE_LOOP('',(#1040,#1041,#1042,#1043));
#1843=EDGE_LOOP('',(#1044,#1045,#1046,#1047));
#1844=EDGE_LOOP('',(#1048,#1049,#1050,#1051));
#1845=EDGE_LOOP('',(#1052,#1053,#1054,#1055));
#1846=EDGE_LOOP('',(#1056,#1057,#1058,#1059));
#1847=EDGE_LOOP('',(#1060,#1061,#1062,#1063));
#1848=EDGE_LOOP('',(#1064,#1065,#1066,#1067));
#1849=EDGE_LOOP('',(#1068,#1069,#1070,#1071));
#1850=EDGE_LOOP('',(#1072,#1073,#1074,#1075));
#1851=EDGE_LOOP('',(#1076,#1077,#1078,#1079));
#1852=EDGE_LOOP('',(#1080,#1081,#1082,#1083));
#1853=EDGE_LOOP('',(#1084,#1085,#1086,#1087));
#1854=EDGE_LOOP('',(#1088,#1089,#1090,#1091));
#1855=EDGE_LOOP('',(#1092,#1093,#1094,#1095));
#1856=EDGE_LOOP('',(#1096,#1097,#1098,#1099));
#1857=EDGE_LOOP('',(#1100,#1101,#1102,#1103));
#1858=EDGE_LOOP('',(#1104,#1105,#1106,#1107));
#1859=EDGE_LOOP('',(#1108));
#1860=EDGE_LOOP('',(#1109));
#1861=EDGE_LOOP('',(#1110));
#1862=EDGE_LOOP('',(#1111));
#1863=EDGE_LOOP('',(#1112));
#1864=EDGE_LOOP('',(#1113));
#1865=EDGE_LOOP('',(#1114));
#1866=EDGE_LOOP('',(#1115));
#1867=EDGE_LOOP('',(#1116));
#1868=EDGE_LOOP('',(#1117));
#1869=EDGE_LOOP('',(#1118));
#1870=EDGE_LOOP('',(#1119));
#1871=EDGE_LOOP('',(#1120));
#1872=EDGE_LOOP('',(#1121));
#1873=EDGE_LOOP('',(#1122));
#1874=EDGE_LOOP('',(#1123));
#1875=EDGE_LOOP('',(#1124));
#1876=EDGE_LOOP('',(#1125));
#1877=EDGE_LOOP('',(#1126));
#1878=EDGE_LOOP('',(#1127));
#1879=EDGE_LOOP('',(#1128));
#1880=EDGE_LOOP('',(#1129));
#1881=EDGE_LOOP('',(#1130));
#1882=EDGE_LOOP('',(#1131));
#1883=EDGE_LOOP('',(#1132));
#1884=EDGE_LOOP('',(#1133));
#1885=EDGE_LOOP('',(#1134));
#1886=EDGE_LOOP('',(#1135));
#1887=EDGE_LOOP('',(#1136));
#1888=EDGE_LOOP('',(#1137));
#1889=EDGE_LOOP('',(#1138));
#1890=EDGE_LOOP('',(#1139));
#1891=EDGE_LOOP('',(#1140));
#1892=EDGE_LOOP('',(#1141));
#1893=EDGE_LOOP('',(#1142));
#1894=EDGE_LOOP('',(#1143));
#1895=EDGE_LOOP('',(#1144));
#1896=EDGE_LOOP('',(#1145));
#1897=EDGE_LOOP('',(#1146));
#1898=EDGE_LOOP('',(#1147));
#1899=EDGE_LOOP('',(#1148));
#1900=EDGE_LOOP('',(#1149));
#1901=EDGE_LOOP('',(#1150));
#1902=EDGE_LOOP('',(#1151));
#1903=EDGE_LOOP('',(#1152));
#1904=EDGE_LOOP('',(#1153));
#1905=EDGE_LOOP('',(#1154));
#1906=EDGE_LOOP('',(#1155));
#1907=EDGE_LOOP('',(#1156));
#1908=EDGE_LOOP('',(#1157));
#1909=EDGE_LOOP('',(#1158));
#1910=EDGE_LOOP('',(#1159));
#1911=EDGE_LOOP('',(#1160));
#1912=EDGE_LOOP('',(#1161));
#1913=EDGE_LOOP('',(#1162));
#1914=EDGE_LOOP('',(#1163));
#1915=EDGE_LOOP('',(#1164));
#1916=EDGE_LOOP('',(#1165));
#1917=EDGE_LOOP('',(#1166));
#1918=EDGE_LOOP('',(#1167));
#1919=EDGE_LOOP('',(#1168));
#1920=EDGE_LOOP('',(#1169));
#1921=EDGE_LOOP('',(#1170));
#1922=EDGE_LOOP('',(#1171));
#1923=EDGE_LOOP('',(#1172));
#1924=EDGE_LOOP('',(#1173));
#1925=EDGE_LOOP('',(#1174));
#1926=EDGE_LOOP('',(#1175));
#1927=EDGE_LOOP('',(#1176));
#1928=EDGE_LOOP('',(#1177));
#1929=EDGE_LOOP('',(#1178));
#1930=EDGE_LOOP('',(#1179));
#1931=EDGE_LOOP('',(#1180));
#1932=EDGE_LOOP('',(#1181));
#1933=FACE_BOUND('',#1735,.T.);
#1934=FACE_BOUND('',#1736,.T.);
#1935=FACE_BOUND('',#1737,.T.);
#1936=FACE_BOUND('',#1738,.T.);
#1937=FACE_BOUND('',#1739,.T.);
#1938=FACE_BOUND('',#1740,.T.);
#1939=FACE_BOUND('',#1741,.T.);
#1940=FACE_BOUND('',#1742,.T.);
#1941=FACE_BOUND('',#1743,.T.);
#1942=FACE_BOUND('',#1744,.T.);
#1943=FACE_BOUND('',#1745,.T.);
#1944=FACE_BOUND('',#1746,.T.);
#1945=FACE_BOUND('',#1747,.T.);
#1946=FACE_BOUND('',#1748,.T.);
#1947=FACE_BOUND('',#1749,.T.);
#1948=FACE_BOUND('',#1750,.T.);
#1949=FACE_BOUND('',#1751,.T.);
#1950=FACE_BOUND('',#1752,.T.);
#1951=FACE_BOUND('',#1753,.T.);
#1952=FACE_BOUND('',#1754,.T.);
#1953=FACE_BOUND('',#1755,.T.);
#1954=FACE_BOUND('',#1756,.T.);
#1955=FACE_BOUND('',#1757,.T.);
#1956=FACE_BOUND('',#1758,.T.);
#1957=FACE_BOUND('',#1759,.T.);
#1958=FACE_BOUND('',#1760,.T.);
#1959=FACE_BOUND('',#1761,.T.);
#1960=FACE_BOUND('',#1762,.T.);
#1961=FACE_BOUND('',#1763,.T.);
#1962=FACE_BOUND('',#1764,.T.);
#1963=FACE_BOUND('',#1765,.T.);
#1964=FACE_BOUND('',#1766,.T.);
#1965=FACE_BOUND('',#1767,.T.);
#1966=FACE_BOUND('',#1768,.T.);
#1967=FACE_BOUND('',#1769,.T.);
#1968=FACE_BOUND('',#1770,.T.);
#1969=FACE_BOUND('',#1771,.T.);
#1970=FACE_BOUND('',#1772,.T.);
#1971=FACE_BOUND('',#1773,.T.);
#1972=FACE_BOUND('',#1774,.T.);
#1973=FACE_BOUND('',#1775,.T.);
#1974=FACE_BOUND('',#1776,.T.);
#1975=FACE_BOUND('',#1777,.T.);
#1976=FACE_BOUND('',#1778,.T.);
#1977=FACE_BOUND('',#1779,.T.);
#1978=FACE_BOUND('',#1780,.T.);
#1979=FACE_BOUND('',#1781,.T.);
#1980=FACE_BOUND('',#1782,.T.);
#1981=FACE_BOUND('',#1783,.T.);
#1982=FACE_BOUND('',#1784,.T.);
#1983=FACE_BOUND('',#1785,.T.);
#1984=FACE_BOUND('',#1786,.T.);
#1985=FACE_BOUND('',#1787,.T.);
#1986=FACE_BOUND('',#1788,.T.);
#1987=FACE_BOUND('',#1789,.T.);
#1988=FACE_BOUND('',#1790,.T.);
#1989=FACE_BOUND('',#1791,.T.);
#1990=FACE_BOUND('',#1792,.T.);
#1991=FACE_BOUND('',#1793,.T.);
#1992=FACE_BOUND('',#1794,.T.);
#1993=FACE_BOUND('',#1795,.T.);
#1994=FACE_BOUND('',#1796,.T.);
#1995=FACE_BOUND('',#1797,.T.);
#1996=FACE_BOUND('',#1798,.T.);
#1997=FACE_BOUND('',#1799,.T.);
#1998=FACE_BOUND('',#1800,.T.);
#1999=FACE_BOUND('',#1801,.T.);
#2000=FACE_BOUND('',#1802,.T.);
#2001=FACE_BOUND('',#1803,.T.);
#2002=FACE_BOUND('',#1804,.T.);
#2003=FACE_BOUND('',#1805,.T.);
#2004=FACE_BOUND('',#1806,.T.);
#2005=FACE_BOUND('',#1807,.T.);
#2006=FACE_BOUND('',#1808,.T.);
#2007=FACE_BOUND('',#1809,.T.);
#2008=FACE_BOUND('',#1810,.T.);
#2009=FACE_BOUND('',#1811,.T.);
#2010=FACE_BOUND('',#1812,.T.);
#2011=FACE_BOUND('',#1813,.T.);
#2012=FACE_BOUND('',#1814,.T.);
#2013=FACE_BOUND('',#1815,.T.);
#2014=FACE_BOUND('',#1816,.T.);
#2015=FACE_BOUND('',#1817,.T.);
#2016=FACE_BOUND('',#1818,.T.);
#2017=FACE_BOUND('',#1819,.T.);
#2018=FACE_BOUND('',#1820,.T.);
#2019=FACE_BOUND('',#1821,.T.);
#2020=FACE_BOUND('',#1822,.T.);
#2021=FACE_BOUND('',#1823,.T.);
#2022=FACE_BOUND('',#1824,.T.);
#2023=FACE_BOUND('',#1825,.T.);
#2024=FACE_BOUND('',#1826,.T.);
#2025=FACE_BOUND('',#1827,.T.);
#2026=FACE_BOUND('',#1828,.T.);
#2027=FACE_BOUND('',#1829,.T.);
#2028=FACE_BOUND('',#1830,.T.);
#2029=FACE_BOUND('',#1831,.T.);
#2030=FACE_BOUND('',#1832,.T.);
#2031=FACE_BOUND('',#1833,.T.);
#2032=FACE_BOUND('',#1834,.T.);
#2033=FACE_BOUND('',#1835,.T.);
#2034=FACE_BOUND('',#1836,.T.);
#2035=FACE_BOUND('',#1837,.T.);
#2036=FACE_BOUND('',#1838,.T.);
#2037=FACE_BOUND('',#1839,.T.);
#2038=FACE_BOUND('',#1840,.T.);
#2039=FACE_BOUND('',#1841,.T.);
#2040=FACE_BOUND('',#1842,.T.);
#2041=FACE_BOUND('',#1843,.T.);
#2042=FACE_BOUND('',#1844,.T.);
#2043=FACE_BOUND('',#1845,.T.);
#2044=FACE_BOUND('',#1846,.T.);
#2045=FACE_BOUND('',#1847,.T.);
#2046=FACE_BOUND('',#1848,.T.);
#2047=FACE_BOUND('',#1849,.T.);
#2048=FACE_BOUND('',#1850,.T.);
#2049=FACE_BOUND('',#1851,.T.);
#2050=FACE_BOUND('',#1852,.T.);
#2051=FACE_BOUND('',#1853,.T.);
#2052=FACE_BOUND('',#1854,.T.);
#2053=FACE_BOUND('',#1855,.T.);
#2054=FACE_BOUND('',#1856,.T.);
#2055=FACE_BOUND('',#1857,.T.);
#2056=FACE_BOUND('',#1858,.T.);
#2057=FACE_BOUND('',#1859,.T.);
#2058=FACE_BOUND('',#1860,.T.);
#2059=FACE_BOUND('',#1861,.T.);
#2060=FACE_BOUND('',#1862,.T.);
#2061=FACE_BOUND('',#1863,.T.);
#2062=FACE_BOUND('',#1864,.T.);
#2063=FACE_BOUND('',#1865,.T.);
#2064=FACE_BOUND('',#1866,.T.);
#2065=FACE_BOUND('',#1867,.T.);
#2066=FACE_BOUND('',#1868,.T.);
#2067=FACE_BOUND('',#1869,.T.);
#2068=FACE_BOUND('',#1870,.T.);
#2069=FACE_BOUND('',#1871,.T.);
#2070=FACE_BOUND('',#1872,.T.);
#2071=FACE_BOUND('',#1873,.T.);
#2072=FACE_BOUND('',#1874,.T.);
#2073=FACE_BOUND('',#1875,.T.);
#2074=FACE_BOUND('',#1876,.T.);
#2075=FACE_BOUND('',#1877,.T.);
#2076=FACE_BOUND('',#1878,.T.);
#2077=FACE_BOUND('',#1879,.T.);
#2078=FACE_BOUND('',#1880,.T.);
#2079=FACE_BOUND('',#1881,.T.);
#2080=FACE_BOUND('',#1882,.T.);
#2081=FACE_BOUND('',#1883,.T.);
#2082=FACE_BOUND('',#1884,.T.);
#2083=FACE_BOUND('',#1885,.T.);
#2084=FACE_BOUND('',#1886,.T.);
#2085=FACE_BOUND('',#1887,.T.);
#2086=FACE_BOUND('',#1888,.T.);
#2087=FACE_BOUND('',#1889,.T.);
#2088=FACE_BOUND('',#1890,.T.);
#2089=FACE_BOUND('',#1891,.T.);
#2090=FACE_BOUND('',#1892,.T.);
#2091=FACE_BOUND('',#1893,.T.);
#2092=FACE_BOUND('',#1894,.T.);
#2093=FACE_BOUND('',#1895,.T.);
#2094=FACE_BOUND('',#1896,.T.);
#2095=FACE_BOUND('',#1897,.T.);
#2096=FACE_BOUND('',#1898,.T.);
#2097=FACE_BOUND('',#1899,.T.);
#2098=FACE_BOUND('',#1900,.T.);
#2099=FACE_BOUND('',#1901,.T.);
#2100=FACE_BOUND('',#1902,.T.);
#2101=FACE_BOUND('',#1903,.T.);
#2102=FACE_BOUND('',#1904,.T.);
#2103=FACE_BOUND('',#1905,.T.);
#2104=FACE_BOUND('',#1906,.T.);
#2105=FACE_BOUND('',#1907,.T.);
#2106=FACE_BOUND('',#1908,.T.);
#2107=FACE_BOUND('',#1909,.T.);
#2108=FACE_BOUND('',#1910,.T.);
#2109=FACE_BOUND('',#1911,.T.);
#2110=FACE_BOUND('',#1912,.T.);
#2111=FACE_BOUND('',#1913,.T.);
#2112=FACE_BOUND('',#1914,.T.);
#2113=FACE_BOUND('',#1915,.T.);
#2114=FACE_BOUND('',#1916,.T.);
#2115=FACE_BOUND('',#1917,.T.);
#2116=FACE_BOUND('',#1918,.T.);
#2117=FACE_BOUND('',#1919,.T.);
#2118=FACE_BOUND('',#1920,.T.);
#2119=FACE_BOUND('',#1921,.T.);
#2120=FACE_BOUND('',#1922,.T.);
#2121=FACE_BOUND('',#1923,.T.);
#2122=FACE_BOUND('',#1924,.T.);
#2123=FACE_BOUND('',#1925,.T.);
#2124=FACE_BOUND('',#1926,.T.);
#2125=FACE_BOUND('',#1927,.T.);
#2126=FACE_BOUND('',#1928,.T.);
#2127=FACE_BOUND('',#1929,.T.);
#2128=FACE_BOUND('',#1930,.T.);
#2129=FACE_BOUND('',#1931,.T.);
#2130=FACE_BOUND('',#1932,.T.);
#2131=CYLINDRICAL_SURFACE('',#2312,0.026);
#2132=CYLINDRICAL_SURFACE('',#2315,0.026);
#2133=CYLINDRICAL_SURFACE('',#2318,0.026);
#2134=CYLINDRICAL_SURFACE('',#2321,0.026);
#2135=CYLINDRICAL_SURFACE('',#2324,0.026);
#2136=CYLINDRICAL_SURFACE('',#2327,0.026);
#2137=CYLINDRICAL_SURFACE('',#2330,0.026);
#2138=CYLINDRICAL_SURFACE('',#2333,0.026);
#2139=CYLINDRICAL_SURFACE('',#2336,0.026);
#2140=CYLINDRICAL_SURFACE('',#2339,0.026);
#2141=CYLINDRICAL_SURFACE('',#2342,0.026);
#2142=CYLINDRICAL_SURFACE('',#2345,0.026);
#2143=CYLINDRICAL_SURFACE('',#2436,0.035);
#2144=CYLINDRICAL_SURFACE('',#2439,0.035);
#2145=CYLINDRICAL_SURFACE('',#2442,0.035);
#2146=CYLINDRICAL_SURFACE('',#2445,0.035);
#2147=CYLINDRICAL_SURFACE('',#2448,0.035);
#2148=CYLINDRICAL_SURFACE('',#2451,0.035);
#2149=CYLINDRICAL_SURFACE('',#2454,0.035);
#2150=CYLINDRICAL_SURFACE('',#2457,0.035);
#2151=CYLINDRICAL_SURFACE('',#2460,0.035);
#2152=CYLINDRICAL_SURFACE('',#2463,0.035);
#2153=CYLINDRICAL_SURFACE('',#2466,0.035);
#2154=CYLINDRICAL_SURFACE('',#2469,0.035);
#2155=CYLINDRICAL_SURFACE('',#2479,0.035);
#2156=CYLINDRICAL_SURFACE('',#2483,0.026);
#2157=CYLINDRICAL_SURFACE('',#2489,0.026);
#2158=CYLINDRICAL_SURFACE('',#2494,0.009);
#2159=CYLINDRICAL_SURFACE('',#2495,0.009);
#2160=ADVANCED_FACE('',(#1933,#1934),#2131,.F.);
#2161=ADVANCED_FACE('',(#1935,#1936),#2132,.F.);
#2162=ADVANCED_FACE('',(#1937,#1938),#2133,.F.);
#2163=ADVANCED_FACE('',(#1939,#1940),#2134,.F.);
#2164=ADVANCED_FACE('',(#1941,#1942),#2135,.F.);
#2165=ADVANCED_FACE('',(#1943,#1944),#2136,.F.);
#2166=ADVANCED_FACE('',(#1945,#1946),#2137,.F.);
#2167=ADVANCED_FACE('',(#1947,#1948),#2138,.F.);
#2168=ADVANCED_FACE('',(#1949,#1950),#2139,.F.);
#2169=ADVANCED_FACE('',(#1951,#1952),#2140,.F.);
#2170=ADVANCED_FACE('',(#1953,#1954),#2141,.F.);
#2171=ADVANCED_FACE('',(#1955,#1956),#2142,.F.);
#2172=ADVANCED_FACE('',(#1957,#1958,#1959,#1960,#1961,#1962,#1963,#1964,
#1965,#1966,#1967,#1968,#1969),#523,.T.);
#2173=ADVANCED_FACE('',(#1970,#1971,#1972,#1973,#1974,#1975,#1976,#1977,
#1978,#1979,#1980,#1981,#1982),#524,.F.);
#2174=ADVANCED_FACE('',(#1983),#525,.F.);
#2175=ADVANCED_FACE('',(#1984),#526,.F.);
#2176=ADVANCED_FACE('',(#1985),#527,.F.);
#2177=ADVANCED_FACE('',(#1986),#528,.F.);
#2178=ADVANCED_FACE('',(#1987),#529,.F.);
#2179=ADVANCED_FACE('',(#1988),#530,.F.);
#2180=ADVANCED_FACE('',(#1989),#531,.F.);
#2181=ADVANCED_FACE('',(#1990),#532,.F.);
#2182=ADVANCED_FACE('',(#1991),#533,.F.);
#2183=ADVANCED_FACE('',(#1992),#534,.F.);
#2184=ADVANCED_FACE('',(#1993),#535,.F.);
#2185=ADVANCED_FACE('',(#1994),#536,.F.);
#2186=ADVANCED_FACE('',(#1995),#537,.F.);
#2187=ADVANCED_FACE('',(#1996),#538,.F.);
#2188=ADVANCED_FACE('',(#1997),#539,.F.);
#2189=ADVANCED_FACE('',(#1998),#540,.F.);
#2190=ADVANCED_FACE('',(#1999),#541,.F.);
#2191=ADVANCED_FACE('',(#2000),#542,.F.);
#2192=ADVANCED_FACE('',(#2001),#543,.F.);
#2193=ADVANCED_FACE('',(#2002),#544,.F.);
#2194=ADVANCED_FACE('',(#2003),#545,.F.);
#2195=ADVANCED_FACE('',(#2004),#546,.F.);
#2196=ADVANCED_FACE('',(#2005),#547,.F.);
#2197=ADVANCED_FACE('',(#2006),#548,.F.);
#2198=ADVANCED_FACE('',(#2007),#549,.F.);
#2199=ADVANCED_FACE('',(#2008),#550,.F.);
#2200=ADVANCED_FACE('',(#2009),#551,.F.);
#2201=ADVANCED_FACE('',(#2010),#552,.F.);
#2202=ADVANCED_FACE('',(#2011),#553,.F.);
#2203=ADVANCED_FACE('',(#2012),#554,.F.);
#2204=ADVANCED_FACE('',(#2013),#555,.F.);
#2205=ADVANCED_FACE('',(#2014),#556,.F.);
#2206=ADVANCED_FACE('',(#2015),#557,.F.);
#2207=ADVANCED_FACE('',(#2016),#558,.F.);
#2208=ADVANCED_FACE('',(#2017),#559,.F.);
#2209=ADVANCED_FACE('',(#2018),#560,.F.);
#2210=ADVANCED_FACE('',(#2019),#561,.F.);
#2211=ADVANCED_FACE('',(#2020),#562,.F.);
#2212=ADVANCED_FACE('',(#2021),#563,.F.);
#2213=ADVANCED_FACE('',(#2022),#564,.F.);
#2214=ADVANCED_FACE('',(#2023),#565,.F.);
#2215=ADVANCED_FACE('',(#2024),#566,.F.);
#2216=ADVANCED_FACE('',(#2025),#567,.F.);
#2217=ADVANCED_FACE('',(#2026),#568,.F.);
#2218=ADVANCED_FACE('',(#2027),#569,.F.);
#2219=ADVANCED_FACE('',(#2028),#570,.F.);
#2220=ADVANCED_FACE('',(#2029),#571,.F.);
#2221=ADVANCED_FACE('',(#2030),#572,.F.);
#2222=ADVANCED_FACE('',(#2031),#573,.F.);
#2223=ADVANCED_FACE('',(#2032),#574,.F.);
#2224=ADVANCED_FACE('',(#2033),#575,.F.);
#2225=ADVANCED_FACE('',(#2034),#576,.F.);
#2226=ADVANCED_FACE('',(#2035),#577,.F.);
#2227=ADVANCED_FACE('',(#2036),#578,.F.);
#2228=ADVANCED_FACE('',(#2037),#579,.F.);
#2229=ADVANCED_FACE('',(#2038),#580,.F.);
#2230=ADVANCED_FACE('',(#2039),#581,.F.);
#2231=ADVANCED_FACE('',(#2040),#582,.F.);
#2232=ADVANCED_FACE('',(#2041),#583,.F.);
#2233=ADVANCED_FACE('',(#2042),#584,.F.);
#2234=ADVANCED_FACE('',(#2043),#585,.F.);
#2235=ADVANCED_FACE('',(#2044),#586,.F.);
#2236=ADVANCED_FACE('',(#2045),#587,.F.);
#2237=ADVANCED_FACE('',(#2046),#588,.F.);
#2238=ADVANCED_FACE('',(#2047),#589,.F.);
#2239=ADVANCED_FACE('',(#2048),#590,.F.);
#2240=ADVANCED_FACE('',(#2049),#591,.F.);
#2241=ADVANCED_FACE('',(#2050),#592,.F.);
#2242=ADVANCED_FACE('',(#2051),#593,.F.);
#2243=ADVANCED_FACE('',(#2052),#594,.F.);
#2244=ADVANCED_FACE('',(#2053),#595,.F.);
#2245=ADVANCED_FACE('',(#2054),#596,.F.);
#2246=ADVANCED_FACE('',(#2055),#597,.F.);
#2247=ADVANCED_FACE('',(#2056),#598,.F.);
#2248=ADVANCED_FACE('',(#2057,#2058),#2143,.F.);
#2249=ADVANCED_FACE('',(#2059,#2060),#599,.T.);
#2250=ADVANCED_FACE('',(#2061,#2062),#2144,.F.);
#2251=ADVANCED_FACE('',(#2063,#2064),#600,.T.);
#2252=ADVANCED_FACE('',(#2065,#2066),#2145,.F.);
#2253=ADVANCED_FACE('',(#2067,#2068),#601,.T.);
#2254=ADVANCED_FACE('',(#2069,#2070),#2146,.F.);
#2255=ADVANCED_FACE('',(#2071,#2072),#602,.T.);
#2256=ADVANCED_FACE('',(#2073,#2074),#2147,.F.);
#2257=ADVANCED_FACE('',(#2075,#2076),#603,.T.);
#2258=ADVANCED_FACE('',(#2077,#2078),#2148,.F.);
#2259=ADVANCED_FACE('',(#2079,#2080),#604,.T.);
#2260=ADVANCED_FACE('',(#2081,#2082),#2149,.F.);
#2261=ADVANCED_FACE('',(#2083,#2084),#605,.T.);
#2262=ADVANCED_FACE('',(#2085,#2086),#2150,.F.);
#2263=ADVANCED_FACE('',(#2087,#2088),#606,.T.);
#2264=ADVANCED_FACE('',(#2089,#2090),#2151,.F.);
#2265=ADVANCED_FACE('',(#2091,#2092),#607,.T.);
#2266=ADVANCED_FACE('',(#2093,#2094),#2152,.F.);
#2267=ADVANCED_FACE('',(#2095,#2096),#608,.T.);
#2268=ADVANCED_FACE('',(#2097,#2098),#2153,.F.);
#2269=ADVANCED_FACE('',(#2099,#2100),#609,.T.);
#2270=ADVANCED_FACE('',(#2101,#2102),#2154,.F.);
#2271=ADVANCED_FACE('',(#2103,#2104),#610,.T.);
#2272=ADVANCED_FACE('',(#2105,#2106),#20,.T.);
#2273=ADVANCED_FACE('',(#2107,#2108),#611,.F.);
#2274=ADVANCED_FACE('',(#2109,#2110),#2155,.T.);
#2275=ADVANCED_FACE('',(#2111,#2112),#612,.F.);
#2276=ADVANCED_FACE('',(#2113,#2114),#2156,.T.);
#2277=ADVANCED_FACE('',(#2115,#2116),#613,.F.);
#2278=ADVANCED_FACE('',(#2117,#2118),#21,.T.);
#2279=ADVANCED_FACE('',(#2119,#2120),#2157,.T.);
#2280=ADVANCED_FACE('',(#2121),#614,.F.);
#2281=ADVANCED_FACE('',(#2122,#2123),#18,.T.);
#2282=ADVANCED_FACE('',(#2124,#2125),#2158,.T.);
#2283=ADVANCED_FACE('',(#2126,#2127),#2159,.T.);
#2284=ADVANCED_FACE('',(#2128,#2129),#19,.T.);
#2285=ADVANCED_FACE('',(#2130),#615,.F.);
#2286=CLOSED_SHELL('',(#2160,#2161,#2162,#2163,#2164,#2165,#2166,#2167,
#2168,#2169,#2170,#2171,#2172,#2173,#2174,#2175,#2176,#2177,#2178,#2179,
#2180,#2181,#2182,#2183,#2184,#2185,#2186,#2187,#2188,#2189,#2190,#2191,
#2192,#2193,#2194,#2195,#2196,#2197,#2198,#2199,#2200,#2201,#2202,#2203,
#2204,#2205,#2206,#2207,#2208,#2209,#2210,#2211,#2212,#2213,#2214,#2215,
#2216,#2217,#2218,#2219,#2220,#2221,#2222,#2223,#2224,#2225,#2226,#2227,
#2228,#2229,#2230,#2231,#2232,#2233,#2234,#2235,#2236,#2237,#2238,#2239,
#2240,#2241,#2242,#2243,#2244,#2245,#2246,#2247,#2248,#2249,#2250,#2251,
#2252,#2253,#2254,#2255,#2256,#2257,#2258,#2259,#2260,#2261,#2262,#2263,
#2264,#2265,#2266,#2267,#2268,#2269,#2270,#2271));
#2287=CLOSED_SHELL('',(#2272,#2273,#2274,#2275,#2276,#2277,#2278,#2279,
#2280,#2281,#2282,#2283,#2284,#2285));
#2288=STYLED_ITEM('',(#2290),#2303);
#2289=STYLED_ITEM('',(#2291),#2304);
#2290=PRESENTATION_STYLE_ASSIGNMENT((#2292));
#2291=PRESENTATION_STYLE_ASSIGNMENT((#2293));
#2292=SURFACE_STYLE_USAGE(.BOTH.,#2294);
#2293=SURFACE_STYLE_USAGE(.BOTH.,#2295);
#2294=SURFACE_SIDE_STYLE('',(#2296));
#2295=SURFACE_SIDE_STYLE('',(#2297));
#2296=SURFACE_STYLE_FILL_AREA(#2298);
#2297=SURFACE_STYLE_FILL_AREA(#2299);
#2298=FILL_AREA_STYLE('',(#2300));
#2299=FILL_AREA_STYLE('',(#2301));
#2300=FILL_AREA_STYLE_COLOUR('',#2302);
#2301=FILL_AREA_STYLE_COLOUR('',#22);
#2302=COLOUR_RGB('',0.5,0.5,0.5);
#2303=MANIFOLD_SOLID_BREP('TS-112-G-AA_socket',#2286);
#2304=MANIFOLD_SOLID_BREP('-101-G-AA_pins',#2287);
#2305=SHAPE_DEFINITION_REPRESENTATION(#3781,#2308);
#2306=SHAPE_DEFINITION_REPRESENTATION(#3782,#2309);
#2307=SHAPE_DEFINITION_REPRESENTATION(#3784,#2310);
#2308=SHAPE_REPRESENTATION('TS-112-G-AA',(#2311,#2472,#2500,#2501,#2502,
#2503,#2504,#2505,#2506,#2507,#2508,#2509,#2510,#2511),#3769);
#2309=SHAPE_REPRESENTATION('TS-112-G-AA_socket',(#2311),#3770);
#2310=SHAPE_REPRESENTATION('-101-G-AA_pins',(#2311),#3771);
#2311=AXIS2_PLACEMENT_3D('',#3136,#2512,#2513);
#2312=AXIS2_PLACEMENT_3D('',#3137,#2514,#2515);
#2313=AXIS2_PLACEMENT_3D('',#3138,#2516,#2517);
#2314=AXIS2_PLACEMENT_3D('',#3140,#2518,#2519);
#2315=AXIS2_PLACEMENT_3D('',#3142,#2520,#2521);
#2316=AXIS2_PLACEMENT_3D('',#3143,#2522,#2523);
#2317=AXIS2_PLACEMENT_3D('',#3145,#2524,#2525);
#2318=AXIS2_PLACEMENT_3D('',#3147,#2526,#2527);
#2319=AXIS2_PLACEMENT_3D('',#3148,#2528,#2529);
#2320=AXIS2_PLACEMENT_3D('',#3150,#2530,#2531);
#2321=AXIS2_PLACEMENT_3D('',#3152,#2532,#2533);
#2322=AXIS2_PLACEMENT_3D('',#3153,#2534,#2535);
#2323=AXIS2_PLACEMENT_3D('',#3155,#2536,#2537);
#2324=AXIS2_PLACEMENT_3D('',#3157,#2538,#2539);
#2325=AXIS2_PLACEMENT_3D('',#3158,#2540,#2541);
#2326=AXIS2_PLACEMENT_3D('',#3160,#2542,#2543);
#2327=AXIS2_PLACEMENT_3D('',#3162,#2544,#2545);
#2328=AXIS2_PLACEMENT_3D('',#3163,#2546,#2547);
#2329=AXIS2_PLACEMENT_3D('',#3165,#2548,#2549);
#2330=AXIS2_PLACEMENT_3D('',#3167,#2550,#2551);
#2331=AXIS2_PLACEMENT_3D('',#3168,#2552,#2553);
#2332=AXIS2_PLACEMENT_3D('',#3170,#2554,#2555);
#2333=AXIS2_PLACEMENT_3D('',#3172,#2556,#2557);
#2334=AXIS2_PLACEMENT_3D('',#3173,#2558,#2559);
#2335=AXIS2_PLACEMENT_3D('',#3175,#2560,#2561);
#2336=AXIS2_PLACEMENT_3D('',#3177,#2562,#2563);
#2337=AXIS2_PLACEMENT_3D('',#3178,#2564,#2565);
#2338=AXIS2_PLACEMENT_3D('',#3180,#2566,#2567);
#2339=AXIS2_PLACEMENT_3D('',#3182,#2568,#2569);
#2340=AXIS2_PLACEMENT_3D('',#3183,#2570,#2571);
#2341=AXIS2_PLACEMENT_3D('',#3185,#2572,#2573);
#2342=AXIS2_PLACEMENT_3D('',#3187,#2574,#2575);
#2343=AXIS2_PLACEMENT_3D('',#3188,#2576,#2577);
#2344=AXIS2_PLACEMENT_3D('',#3190,#2578,#2579);
#2345=AXIS2_PLACEMENT_3D('',#3192,#2580,#2581);
#2346=AXIS2_PLACEMENT_3D('',#3193,#2582,#2583);
#2347=AXIS2_PLACEMENT_3D('',#3195,#2584,#2585);
#2348=AXIS2_PLACEMENT_3D('',#3197,#2586,#2587);
#2349=AXIS2_PLACEMENT_3D('',#3198,#2588,#2589);
#2350=AXIS2_PLACEMENT_3D('',#3200,#2590,#2591);
#2351=AXIS2_PLACEMENT_3D('',#3202,#2592,#2593);
#2352=AXIS2_PLACEMENT_3D('',#3204,#2594,#2595);
#2353=AXIS2_PLACEMENT_3D('',#3206,#2596,#2597);
#2354=AXIS2_PLACEMENT_3D('',#3208,#2598,#2599);
#2355=AXIS2_PLACEMENT_3D('',#3210,#2600,#2601);
#2356=AXIS2_PLACEMENT_3D('',#3212,#2602,#2603);
#2357=AXIS2_PLACEMENT_3D('',#3214,#2604,#2605);
#2358=AXIS2_PLACEMENT_3D('',#3216,#2606,#2607);
#2359=AXIS2_PLACEMENT_3D('',#3218,#2608,#2609);
#2360=AXIS2_PLACEMENT_3D('',#3220,#2610,#2611);
#2361=AXIS2_PLACEMENT_3D('',#3370,#2686,#2687);
#2362=AXIS2_PLACEMENT_3D('',#3519,#2762,#2763);
#2363=AXIS2_PLACEMENT_3D('',#3522,#2766,#2767);
#2364=AXIS2_PLACEMENT_3D('',#3524,#2769,#2770);
#2365=AXIS2_PLACEMENT_3D('',#3526,#2772,#2773);
#2366=AXIS2_PLACEMENT_3D('',#3528,#2775,#2776);
#2367=AXIS2_PLACEMENT_3D('',#3531,#2779,#2780);
#2368=AXIS2_PLACEMENT_3D('',#3533,#2782,#2783);
#2369=AXIS2_PLACEMENT_3D('',#3534,#2784,#2785);
#2370=AXIS2_PLACEMENT_3D('',#3536,#2787,#2788);
#2371=AXIS2_PLACEMENT_3D('',#3538,#2790,#2791);
#2372=AXIS2_PLACEMENT_3D('',#3540,#2793,#2794);
#2373=AXIS2_PLACEMENT_3D('',#3543,#2797,#2798);
#2374=AXIS2_PLACEMENT_3D('',#3545,#2800,#2801);
#2375=AXIS2_PLACEMENT_3D('',#3546,#2802,#2803);
#2376=AXIS2_PLACEMENT_3D('',#3548,#2805,#2806);
#2377=AXIS2_PLACEMENT_3D('',#3550,#2808,#2809);
#2378=AXIS2_PLACEMENT_3D('',#3552,#2811,#2812);
#2379=AXIS2_PLACEMENT_3D('',#3555,#2815,#2816);
#2380=AXIS2_PLACEMENT_3D('',#3557,#2818,#2819);
#2381=AXIS2_PLACEMENT_3D('',#3558,#2820,#2821);
#2382=AXIS2_PLACEMENT_3D('',#3560,#2823,#2824);
#2383=AXIS2_PLACEMENT_3D('',#3562,#2826,#2827);
#2384=AXIS2_PLACEMENT_3D('',#3564,#2829,#2830);
#2385=AXIS2_PLACEMENT_3D('',#3567,#2833,#2834);
#2386=AXIS2_PLACEMENT_3D('',#3569,#2836,#2837);
#2387=AXIS2_PLACEMENT_3D('',#3570,#2838,#2839);
#2388=AXIS2_PLACEMENT_3D('',#3572,#2841,#2842);
#2389=AXIS2_PLACEMENT_3D('',#3574,#2844,#2845);
#2390=AXIS2_PLACEMENT_3D('',#3576,#2847,#2848);
#2391=AXIS2_PLACEMENT_3D('',#3579,#2851,#2852);
#2392=AXIS2_PLACEMENT_3D('',#3581,#2854,#2855);
#2393=AXIS2_PLACEMENT_3D('',#3582,#2856,#2857);
#2394=AXIS2_PLACEMENT_3D('',#3584,#2859,#2860);
#2395=AXIS2_PLACEMENT_3D('',#3586,#2862,#2863);
#2396=AXIS2_PLACEMENT_3D('',#3588,#2865,#2866);
#2397=AXIS2_PLACEMENT_3D('',#3591,#2869,#2870);
#2398=AXIS2_PLACEMENT_3D('',#3593,#2872,#2873);
#2399=AXIS2_PLACEMENT_3D('',#3594,#2874,#2875);
#2400=AXIS2_PLACEMENT_3D('',#3596,#2877,#2878);
#2401=AXIS2_PLACEMENT_3D('',#3598,#2880,#2881);
#2402=AXIS2_PLACEMENT_3D('',#3600,#2883,#2884);
#2403=AXIS2_PLACEMENT_3D('',#3603,#2887,#2888);
#2404=AXIS2_PLACEMENT_3D('',#3605,#2890,#2891);
#2405=AXIS2_PLACEMENT_3D('',#3606,#2892,#2893);
#2406=AXIS2_PLACEMENT_3D('',#3608,#2895,#2896);
#2407=AXIS2_PLACEMENT_3D('',#3610,#2898,#2899);
#2408=AXIS2_PLACEMENT_3D('',#3612,#2901,#2902);
#2409=AXIS2_PLACEMENT_3D('',#3615,#2905,#2906);
#2410=AXIS2_PLACEMENT_3D('',#3617,#2908,#2909);
#2411=AXIS2_PLACEMENT_3D('',#3618,#2910,#2911);
#2412=AXIS2_PLACEMENT_3D('',#3620,#2913,#2914);
#2413=AXIS2_PLACEMENT_3D('',#3622,#2916,#2917);
#2414=AXIS2_PLACEMENT_3D('',#3624,#2919,#2920);
#2415=AXIS2_PLACEMENT_3D('',#3627,#2923,#2924);
#2416=AXIS2_PLACEMENT_3D('',#3629,#2926,#2927);
#2417=AXIS2_PLACEMENT_3D('',#3630,#2928,#2929);
#2418=AXIS2_PLACEMENT_3D('',#3632,#2931,#2932);
#2419=AXIS2_PLACEMENT_3D('',#3634,#2934,#2935);
#2420=AXIS2_PLACEMENT_3D('',#3636,#2937,#2938);
#2421=AXIS2_PLACEMENT_3D('',#3639,#2941,#2942);
#2422=AXIS2_PLACEMENT_3D('',#3641,#2944,#2945);
#2423=AXIS2_PLACEMENT_3D('',#3642,#2946,#2947);
#2424=AXIS2_PLACEMENT_3D('',#3644,#2949,#2950);
#2425=AXIS2_PLACEMENT_3D('',#3646,#2952,#2953);
#2426=AXIS2_PLACEMENT_3D('',#3648,#2955,#2956);
#2427=AXIS2_PLACEMENT_3D('',#3651,#2959,#2960);
#2428=AXIS2_PLACEMENT_3D('',#3653,#2962,#2963);
#2429=AXIS2_PLACEMENT_3D('',#3654,#2964,#2965);
#2430=AXIS2_PLACEMENT_3D('',#3656,#2967,#2968);
#2431=AXIS2_PLACEMENT_3D('',#3658,#2970,#2971);
#2432=AXIS2_PLACEMENT_3D('',#3660,#2973,#2974);
#2433=AXIS2_PLACEMENT_3D('',#3662,#2976,#2977);
#2434=AXIS2_PLACEMENT_3D('',#3664,#2979,#2980);
#2435=AXIS2_PLACEMENT_3D('',#3666,#2982,#2983);
#2436=AXIS2_PLACEMENT_3D('',#3667,#2984,#2985);
#2437=AXIS2_PLACEMENT_3D('',#3668,#2986,#2987);
#2438=AXIS2_PLACEMENT_3D('',#3670,#2988,#2989);
#2439=AXIS2_PLACEMENT_3D('',#3671,#2990,#2991);
#2440=AXIS2_PLACEMENT_3D('',#3672,#2992,#2993);
#2441=AXIS2_PLACEMENT_3D('',#3674,#2994,#2995);
#2442=AXIS2_PLACEMENT_3D('',#3675,#2996,#2997);
#2443=AXIS2_PLACEMENT_3D('',#3676,#2998,#2999);
#2444=AXIS2_PLACEMENT_3D('',#3678,#3000,#3001);
#2445=AXIS2_PLACEMENT_3D('',#3679,#3002,#3003);
#2446=AXIS2_PLACEMENT_3D('',#3680,#3004,#3005);
#2447=AXIS2_PLACEMENT_3D('',#3682,#3006,#3007);
#2448=AXIS2_PLACEMENT_3D('',#3683,#3008,#3009);
#2449=AXIS2_PLACEMENT_3D('',#3684,#3010,#3011);
#2450=AXIS2_PLACEMENT_3D('',#3686,#3012,#3013);
#2451=AXIS2_PLACEMENT_3D('',#3687,#3014,#3015);
#2452=AXIS2_PLACEMENT_3D('',#3688,#3016,#3017);
#2453=AXIS2_PLACEMENT_3D('',#3690,#3018,#3019);
#2454=AXIS2_PLACEMENT_3D('',#3691,#3020,#3021);
#2455=AXIS2_PLACEMENT_3D('',#3692,#3022,#3023);
#2456=AXIS2_PLACEMENT_3D('',#3694,#3024,#3025);
#2457=AXIS2_PLACEMENT_3D('',#3695,#3026,#3027);
#2458=AXIS2_PLACEMENT_3D('',#3696,#3028,#3029);
#2459=AXIS2_PLACEMENT_3D('',#3698,#3030,#3031);
#2460=AXIS2_PLACEMENT_3D('',#3699,#3032,#3033);
#2461=AXIS2_PLACEMENT_3D('',#3700,#3034,#3035);
#2462=AXIS2_PLACEMENT_3D('',#3702,#3036,#3037);
#2463=AXIS2_PLACEMENT_3D('',#3703,#3038,#3039);
#2464=AXIS2_PLACEMENT_3D('',#3704,#3040,#3041);
#2465=AXIS2_PLACEMENT_3D('',#3706,#3042,#3043);
#2466=AXIS2_PLACEMENT_3D('',#3707,#3044,#3045);
#2467=AXIS2_PLACEMENT_3D('',#3708,#3046,#3047);
#2468=AXIS2_PLACEMENT_3D('',#3710,#3048,#3049);
#2469=AXIS2_PLACEMENT_3D('',#3711,#3050,#3051);
#2470=AXIS2_PLACEMENT_3D('',#3712,#3052,#3053);
#2471=AXIS2_PLACEMENT_3D('',#3714,#3054,#3055);
#2472=AXIS2_PLACEMENT_3D('',#3715,#3056,#3057);
#2473=AXIS2_PLACEMENT_3D('',#3716,#3058,#3059);
#2474=AXIS2_PLACEMENT_3D('',#3717,#3060,#3061);
#2475=AXIS2_PLACEMENT_3D('',#3719,#3062,#3063);
#2476=AXIS2_PLACEMENT_3D('',#3721,#3064,#3065);
#2477=AXIS2_PLACEMENT_3D('',#3722,#3066,#3067);
#2478=AXIS2_PLACEMENT_3D('',#3724,#3068,#3069);
#2479=AXIS2_PLACEMENT_3D('',#3726,#3070,#3071);
#2480=AXIS2_PLACEMENT_3D('',#3727,#3072,#3073);
#2481=AXIS2_PLACEMENT_3D('',#3729,#3074,#3075);
#2482=AXIS2_PLACEMENT_3D('',#3730,#3076,#3077);
#2483=AXIS2_PLACEMENT_3D('',#3732,#3078,#3079);
#2484=AXIS2_PLACEMENT_3D('',#3733,#3080,#3081);
#2485=AXIS2_PLACEMENT_3D('',#3735,#3082,#3083);
#2486=AXIS2_PLACEMENT_3D('',#3736,#3084,#3085);
#2487=AXIS2_PLACEMENT_3D('',#3738,#3086,#3087);
#2488=AXIS2_PLACEMENT_3D('',#3739,#3088,#3089);
#2489=AXIS2_PLACEMENT_3D('',#3741,#3090,#3091);
#2490=AXIS2_PLACEMENT_3D('',#3742,#3092,#3093);
#2491=AXIS2_PLACEMENT_3D('',#3743,#3094,#3095);
#2492=AXIS2_PLACEMENT_3D('',#3745,#3096,#3097);
#2493=AXIS2_PLACEMENT_3D('',#3746,#3098,#3099);
#2494=AXIS2_PLACEMENT_3D('',#3748,#3100,#3101);
#2495=AXIS2_PLACEMENT_3D('',#3749,#3102,#3103);
#2496=AXIS2_PLACEMENT_3D('',#3750,#3104,#3105);
#2497=AXIS2_PLACEMENT_3D('',#3752,#3106,#3107);
#2498=AXIS2_PLACEMENT_3D('',#3753,#3108,#3109);
#2499=AXIS2_PLACEMENT_3D('',#3755,#3110,#3111);
#2500=AXIS2_PLACEMENT_3D('',#3756,#3112,#3113);
#2501=AXIS2_PLACEMENT_3D('',#3757,#3114,#3115);
#2502=AXIS2_PLACEMENT_3D('',#3758,#3116,#3117);
#2503=AXIS2_PLACEMENT_3D('',#3759,#3118,#3119);
#2504=AXIS2_PLACEMENT_3D('',#3760,#3120,#3121);
#2505=AXIS2_PLACEMENT_3D('',#3761,#3122,#3123);
#2506=AXIS2_PLACEMENT_3D('',#3762,#3124,#3125);
#2507=AXIS2_PLACEMENT_3D('',#3763,#3126,#3127);
#2508=AXIS2_PLACEMENT_3D('',#3764,#3128,#3129);
#2509=AXIS2_PLACEMENT_3D('',#3765,#3130,#3131);
#2510=AXIS2_PLACEMENT_3D('',#3766,#3132,#3133);
#2511=AXIS2_PLACEMENT_3D('',#3767,#3134,#3135);
#2512=DIRECTION('',(0.,0.,1.));
#2513=DIRECTION('',(1.,0.,0.));
#2514=DIRECTION('',(0.,-1.,0.));
#2515=DIRECTION('',(0.,0.,-1.));
#2516=DIRECTION('',(0.,1.,0.));
#2517=DIRECTION('',(1.,0.,0.));
#2518=DIRECTION('',(0.,1.,0.));
#2519=DIRECTION('',(0.,0.,1.));
#2520=DIRECTION('',(0.,-1.,0.));
#2521=DIRECTION('',(0.,0.,-1.));
#2522=DIRECTION('',(0.,1.,0.));
#2523=DIRECTION('',(1.,0.,0.));
#2524=DIRECTION('',(0.,1.,0.));
#2525=DIRECTION('',(0.,0.,1.));
#2526=DIRECTION('',(0.,-1.,0.));
#2527=DIRECTION('',(0.,0.,-1.));
#2528=DIRECTION('',(0.,1.,0.));
#2529=DIRECTION('',(1.,0.,0.));
#2530=DIRECTION('',(0.,1.,0.));
#2531=DIRECTION('',(0.,0.,1.));
#2532=DIRECTION('',(0.,-1.,0.));
#2533=DIRECTION('',(0.,0.,-1.));
#2534=DIRECTION('',(0.,1.,0.));
#2535=DIRECTION('',(1.,0.,0.));
#2536=DIRECTION('',(0.,1.,0.));
#2537=DIRECTION('',(0.,0.,1.));
#2538=DIRECTION('',(0.,-1.,0.));
#2539=DIRECTION('',(0.,0.,-1.));
#2540=DIRECTION('',(0.,1.,0.));
#2541=DIRECTION('',(1.,0.,0.));
#2542=DIRECTION('',(0.,1.,0.));
#2543=DIRECTION('',(0.,0.,1.));
#2544=DIRECTION('',(0.,-1.,0.));
#2545=DIRECTION('',(0.,0.,-1.));
#2546=DIRECTION('',(0.,1.,0.));
#2547=DIRECTION('',(1.,0.,0.));
#2548=DIRECTION('',(0.,1.,0.));
#2549=DIRECTION('',(0.,0.,1.));
#2550=DIRECTION('',(0.,-1.,0.));
#2551=DIRECTION('',(0.,0.,-1.));
#2552=DIRECTION('',(0.,1.,0.));
#2553=DIRECTION('',(1.,0.,0.));
#2554=DIRECTION('',(0.,1.,0.));
#2555=DIRECTION('',(0.,0.,1.));
#2556=DIRECTION('',(0.,-1.,0.));
#2557=DIRECTION('',(0.,0.,-1.));
#2558=DIRECTION('',(0.,1.,0.));
#2559=DIRECTION('',(1.,0.,0.));
#2560=DIRECTION('',(0.,1.,0.));
#2561=DIRECTION('',(0.,0.,1.));
#2562=DIRECTION('',(0.,-1.,0.));
#2563=DIRECTION('',(0.,0.,-1.));
#2564=DIRECTION('',(0.,1.,0.));
#2565=DIRECTION('',(1.,0.,0.));
#2566=DIRECTION('',(0.,1.,0.));
#2567=DIRECTION('',(0.,0.,1.));
#2568=DIRECTION('',(0.,-1.,0.));
#2569=DIRECTION('',(0.,0.,-1.));
#2570=DIRECTION('',(0.,1.,0.));
#2571=DIRECTION('',(1.,0.,0.));
#2572=DIRECTION('',(0.,1.,0.));
#2573=DIRECTION('',(0.,0.,1.));
#2574=DIRECTION('',(0.,-1.,0.));
#2575=DIRECTION('',(0.,0.,-1.));
#2576=DIRECTION('',(0.,1.,0.));
#2577=DIRECTION('',(1.,0.,0.));
#2578=DIRECTION('',(0.,1.,0.));
#2579=DIRECTION('',(0.,0.,1.));
#2580=DIRECTION('',(0.,-1.,0.));
#2581=DIRECTION('',(0.,0.,-1.));
#2582=DIRECTION('',(0.,1.,0.));
#2583=DIRECTION('',(1.,0.,0.));
#2584=DIRECTION('',(0.,1.,0.));
#2585=DIRECTION('',(0.,0.,1.));
#2586=DIRECTION('',(0.,1.,0.));
#2587=DIRECTION('',(0.,0.,1.));
#2588=DIRECTION('',(0.,1.,0.));
#2589=DIRECTION('',(1.,0.,0.));
#2590=DIRECTION('',(0.,1.,0.));
#2591=DIRECTION('',(1.,0.,0.));
#2592=DIRECTION('',(0.,1.,0.));
#2593=DIRECTION('',(1.,0.,0.));
#2594=DIRECTION('',(0.,1.,0.));
#2595=DIRECTION('',(1.,0.,0.));
#2596=DIRECTION('',(0.,1.,0.));
#2597=DIRECTION('',(1.,0.,0.));
#2598=DIRECTION('',(0.,1.,0.));
#2599=DIRECTION('',(1.,0.,0.));
#2600=DIRECTION('',(0.,1.,0.));
#2601=DIRECTION('',(1.,0.,0.));
#2602=DIRECTION('',(0.,1.,0.));
#2603=DIRECTION('',(1.,0.,0.));
#2604=DIRECTION('',(0.,1.,0.));
#2605=DIRECTION('',(1.,0.,0.));
#2606=DIRECTION('',(0.,1.,0.));
#2607=DIRECTION('',(1.,0.,0.));
#2608=DIRECTION('',(0.,1.,0.));
#2609=DIRECTION('',(1.,0.,0.));
#2610=DIRECTION('',(0.,1.,0.));
#2611=DIRECTION('',(1.,0.,0.));
#2612=DIRECTION('',(-0.258819045102521,0.,0.965925826289068));
#2613=DIRECTION('',(-0.258819045102521,0.,-0.965925826289068));
#2614=DIRECTION('',(-1.,0.,0.));
#2615=DIRECTION('',(-0.258819045102521,0.,0.965925826289068));
#2616=DIRECTION('',(-0.258819045102521,0.,-0.965925826289068));
#2617=DIRECTION('',(-1.,0.,0.));
#2618=DIRECTION('',(-0.258819045102521,0.,0.965925826289068));
#2619=DIRECTION('',(-0.258819045102521,0.,-0.965925826289068));
#2620=DIRECTION('',(-1.,0.,0.));
#2621=DIRECTION('',(-0.258819045102521,0.,0.965925826289068));
#2622=DIRECTION('',(-0.258819045102521,0.,-0.965925826289068));
#2623=DIRECTION('',(-1.,0.,0.));
#2624=DIRECTION('',(-0.258819045102521,0.,0.965925826289068));
#2625=DIRECTION('',(-0.258819045102521,0.,-0.965925826289068));
#2626=DIRECTION('',(-1.,0.,0.));
#2627=DIRECTION('',(-0.258819045102521,0.,0.965925826289068));
#2628=DIRECTION('',(-0.258819045102521,0.,-0.965925826289068));
#2629=DIRECTION('',(-1.,0.,0.));
#2630=DIRECTION('',(-0.258819045102521,0.,0.965925826289068));
#2631=DIRECTION('',(-0.258819045102521,0.,-0.965925826289068));
#2632=DIRECTION('',(-1.,0.,0.));
#2633=DIRECTION('',(-0.258819045102521,0.,0.965925826289068));
#2634=DIRECTION('',(-0.258819045102521,0.,-0.965925826289068));
#2635=DIRECTION('',(-1.,0.,0.));
#2636=DIRECTION('',(-0.258819045102521,0.,0.965925826289068));
#2637=DIRECTION('',(-0.258819045102521,0.,-0.965925826289068));
#2638=DIRECTION('',(-1.,0.,0.));
#2639=DIRECTION('',(-0.258819045102521,0.,0.965925826289068));
#2640=DIRECTION('',(-0.258819045102521,0.,-0.965925826289068));
#2641=DIRECTION('',(-1.,0.,0.));
#2642=DIRECTION('',(-0.258819045102521,0.,0.965925826289068));
#2643=DIRECTION('',(-0.258819045102521,0.,-0.965925826289068));
#2644=DIRECTION('',(-1.,0.,0.));
#2645=DIRECTION('',(-0.258819045102521,0.,0.965925826289068));
#2646=DIRECTION('',(0.,0.,1.));
#2647=DIRECTION('',(0.25881904510252,0.,0.965925826289068));
#2648=DIRECTION('',(1.,0.,0.));
#2649=DIRECTION('',(0.258819045102521,0.,-0.965925826289068));
#2650=DIRECTION('',(0.25881904510252,0.,0.965925826289068));
#2651=DIRECTION('',(1.,0.,0.));
#2652=DIRECTION('',(0.258819045102521,0.,-0.965925826289068));
#2653=DIRECTION('',(0.25881904510252,0.,0.965925826289068));
#2654=DIRECTION('',(1.,0.,0.));
#2655=DIRECTION('',(0.258819045102521,0.,-0.965925826289068));
#2656=DIRECTION('',(0.25881904510252,0.,0.965925826289068));
#2657=DIRECTION('',(1.,0.,0.));
#2658=DIRECTION('',(0.258819045102521,0.,-0.965925826289068));
#2659=DIRECTION('',(0.25881904510252,0.,0.965925826289068));
#2660=DIRECTION('',(1.,0.,0.));
#2661=DIRECTION('',(0.258819045102521,0.,-0.965925826289068));
#2662=DIRECTION('',(0.25881904510252,0.,0.965925826289068));
#2663=DIRECTION('',(1.,0.,0.));
#2664=DIRECTION('',(0.258819045102521,0.,-0.965925826289068));
#2665=DIRECTION('',(0.25881904510252,0.,0.965925826289068));
#2666=DIRECTION('',(1.,0.,0.));
#2667=DIRECTION('',(0.258819045102521,0.,-0.965925826289068));
#2668=DIRECTION('',(0.25881904510252,0.,0.965925826289068));
#2669=DIRECTION('',(1.,0.,0.));
#2670=DIRECTION('',(0.258819045102521,0.,-0.965925826289068));
#2671=DIRECTION('',(0.25881904510252,0.,0.965925826289068));
#2672=DIRECTION('',(1.,0.,0.));
#2673=DIRECTION('',(0.258819045102521,0.,-0.965925826289068));
#2674=DIRECTION('',(0.25881904510252,0.,0.965925826289068));
#2675=DIRECTION('',(1.,0.,0.));
#2676=DIRECTION('',(0.258819045102521,0.,-0.965925826289068));
#2677=DIRECTION('',(0.25881904510252,0.,0.965925826289068));
#2678=DIRECTION('',(1.,0.,0.));
#2679=DIRECTION('',(0.258819045102521,0.,-0.965925826289068));
#2680=DIRECTION('',(0.25881904510252,0.,0.965925826289068));
#2681=DIRECTION('',(1.,0.,0.));
#2682=DIRECTION('',(0.258819045102521,0.,-0.965925826289068));
#2683=DIRECTION('',(0.,0.,-1.));
#2684=DIRECTION('',(-0.258819045102521,0.,-0.965925826289068));
#2685=DIRECTION('',(-1.,0.,0.));
#2686=DIRECTION('',(0.,1.,0.));
#2687=DIRECTION('',(0.,0.,1.));
#2688=DIRECTION('',(-0.258819045102521,0.,-0.965925826289068));
#2689=DIRECTION('',(-0.258819045102521,0.,0.965925826289068));
#2690=DIRECTION('',(-1.,0.,0.));
#2691=DIRECTION('',(-0.258819045102521,0.,-0.965925826289068));
#2692=DIRECTION('',(0.,0.,-1.));
#2693=DIRECTION('',(0.258819045102521,0.,-0.965925826289068));
#2694=DIRECTION('',(1.,0.,0.));
#2695=DIRECTION('',(0.25881904510252,0.,0.965925826289068));
#2696=DIRECTION('',(0.258819045102521,0.,-0.965925826289068));
#2697=DIRECTION('',(1.,0.,0.));
#2698=DIRECTION('',(0.25881904510252,0.,0.965925826289068));
#2699=DIRECTION('',(0.258819045102521,0.,-0.965925826289068));
#2700=DIRECTION('',(1.,0.,0.));
#2701=DIRECTION('',(0.25881904510252,0.,0.965925826289068));
#2702=DIRECTION('',(0.258819045102521,0.,-0.965925826289068));
#2703=DIRECTION('',(1.,0.,0.));
#2704=DIRECTION('',(0.25881904510252,0.,0.965925826289068));
#2705=DIRECTION('',(0.258819045102521,0.,-0.965925826289068));
#2706=DIRECTION('',(1.,0.,0.));
#2707=DIRECTION('',(0.25881904510252,0.,0.965925826289068));
#2708=DIRECTION('',(0.258819045102521,0.,-0.965925826289068));
#2709=DIRECTION('',(1.,0.,0.));
#2710=DIRECTION('',(0.25881904510252,0.,0.965925826289068));
#2711=DIRECTION('',(0.258819045102521,0.,-0.965925826289068));
#2712=DIRECTION('',(1.,0.,0.));
#2713=DIRECTION('',(0.25881904510252,0.,0.965925826289068));
#2714=DIRECTION('',(0.258819045102521,0.,-0.965925826289068));
#2715=DIRECTION('',(1.,0.,0.));
#2716=DIRECTION('',(0.25881904510252,0.,0.965925826289068));
#2717=DIRECTION('',(0.258819045102521,0.,-0.965925826289068));
#2718=DIRECTION('',(1.,0.,0.));
#2719=DIRECTION('',(0.25881904510252,0.,0.965925826289068));
#2720=DIRECTION('',(0.258819045102521,0.,-0.965925826289068));
#2721=DIRECTION('',(1.,0.,0.));
#2722=DIRECTION('',(0.25881904510252,0.,0.965925826289068));
#2723=DIRECTION('',(0.258819045102521,0.,-0.965925826289068));
#2724=DIRECTION('',(1.,0.,0.));
#2725=DIRECTION('',(0.25881904510252,0.,0.965925826289068));
#2726=DIRECTION('',(0.258819045102521,0.,-0.965925826289068));
#2727=DIRECTION('',(1.,0.,0.));
#2728=DIRECTION('',(0.25881904510252,0.,0.965925826289068));
#2729=DIRECTION('',(0.,0.,1.));
#2730=DIRECTION('',(-0.258819045102521,0.,0.965925826289068));
#2731=DIRECTION('',(-1.,0.,0.));
#2732=DIRECTION('',(-0.258819045102521,0.,-0.965925826289068));
#2733=DIRECTION('',(-0.258819045102521,0.,0.965925826289068));
#2734=DIRECTION('',(-1.,0.,0.));
#2735=DIRECTION('',(-0.258819045102521,0.,-0.965925826289068));
#2736=DIRECTION('',(-0.258819045102521,0.,0.965925826289068));
#2737=DIRECTION('',(-1.,0.,0.));
#2738=DIRECTION('',(-0.258819045102521,0.,-0.965925826289068));
#2739=DIRECTION('',(-0.258819045102521,0.,0.965925826289068));
#2740=DIRECTION('',(-1.,0.,0.));
#2741=DIRECTION('',(-0.258819045102521,0.,-0.965925826289068));
#2742=DIRECTION('',(-0.258819045102521,0.,0.965925826289068));
#2743=DIRECTION('',(-1.,0.,0.));
#2744=DIRECTION('',(-0.258819045102521,0.,-0.965925826289068));
#2745=DIRECTION('',(-0.258819045102521,0.,0.965925826289068));
#2746=DIRECTION('',(-1.,0.,0.));
#2747=DIRECTION('',(-0.258819045102521,0.,-0.965925826289068));
#2748=DIRECTION('',(-0.258819045102521,0.,0.965925826289068));
#2749=DIRECTION('',(-1.,0.,0.));
#2750=DIRECTION('',(-0.258819045102521,0.,-0.965925826289068));
#2751=DIRECTION('',(-0.258819045102521,0.,0.965925826289068));
#2752=DIRECTION('',(-1.,0.,0.));
#2753=DIRECTION('',(-0.258819045102521,0.,-0.965925826289068));
#2754=DIRECTION('',(-0.258819045102521,0.,0.965925826289068));
#2755=DIRECTION('',(-1.,0.,0.));
#2756=DIRECTION('',(-0.258819045102521,0.,-0.965925826289068));
#2757=DIRECTION('',(-0.258819045102521,0.,0.965925826289068));
#2758=DIRECTION('',(-1.,0.,0.));
#2759=DIRECTION('',(-0.258819045102521,0.,-0.965925826289068));
#2760=DIRECTION('',(-0.258819045102521,0.,0.965925826289068));
#2761=DIRECTION('',(-1.,0.,0.));
#2762=DIRECTION('',(1.,0.,0.));
#2763=DIRECTION('',(0.,0.,-1.));
#2764=DIRECTION('',(0.,-1.,0.));
#2765=DIRECTION('',(0.,-1.,0.));
#2766=DIRECTION('',(0.965925826289068,0.,-0.25881904510252));
#2767=DIRECTION('',(-0.25881904510252,0.,-0.965925826289069));
#2768=DIRECTION('',(0.,-1.,0.));
#2769=DIRECTION('',(0.,0.,-1.));
#2770=DIRECTION('',(-1.,0.,0.));
#2771=DIRECTION('',(0.,-1.,0.));
#2772=DIRECTION('',(-0.965925826289068,0.,-0.258819045102521));
#2773=DIRECTION('',(-0.258819045102521,0.,0.965925826289068));
#2774=DIRECTION('',(0.,-1.,0.));
#2775=DIRECTION('',(-0.965925826289068,0.,0.258819045102521));
#2776=DIRECTION('',(0.258819045102521,0.,0.965925826289068));
#2777=DIRECTION('',(0.,-1.,0.));
#2778=DIRECTION('',(0.,-1.,0.));
#2779=DIRECTION('',(0.,0.,1.));
#2780=DIRECTION('',(1.,0.,0.));
#2781=DIRECTION('',(0.,-1.,0.));
#2782=DIRECTION('',(0.965925826289068,0.,0.258819045102521));
#2783=DIRECTION('',(0.258819045102521,0.,-0.965925826289068));
#2784=DIRECTION('',(0.965925826289068,0.,-0.25881904510252));
#2785=DIRECTION('',(-0.25881904510252,0.,-0.965925826289069));
#2786=DIRECTION('',(0.,-1.,0.));
#2787=DIRECTION('',(0.,0.,-1.));
#2788=DIRECTION('',(-1.,0.,0.));
#2789=DIRECTION('',(0.,-1.,0.));
#2790=DIRECTION('',(-0.965925826289068,0.,-0.258819045102521));
#2791=DIRECTION('',(-0.258819045102521,0.,0.965925826289068));
#2792=DIRECTION('',(0.,-1.,0.));
#2793=DIRECTION('',(-0.965925826289068,0.,0.258819045102521));
#2794=DIRECTION('',(0.258819045102521,0.,0.965925826289068));
#2795=DIRECTION('',(0.,-1.,0.));
#2796=DIRECTION('',(0.,-1.,0.));
#2797=DIRECTION('',(0.,0.,1.));
#2798=DIRECTION('',(1.,0.,0.));
#2799=DIRECTION('',(0.,-1.,0.));
#2800=DIRECTION('',(0.965925826289068,0.,0.258819045102521));
#2801=DIRECTION('',(0.258819045102521,0.,-0.965925826289068));
#2802=DIRECTION('',(0.965925826289068,0.,-0.25881904510252));
#2803=DIRECTION('',(-0.25881904510252,0.,-0.965925826289069));
#2804=DIRECTION('',(0.,-1.,0.));
#2805=DIRECTION('',(0.,0.,-1.));
#2806=DIRECTION('',(-1.,0.,0.));
#2807=DIRECTION('',(0.,-1.,0.));
#2808=DIRECTION('',(-0.965925826289068,0.,-0.258819045102521));
#2809=DIRECTION('',(-0.258819045102521,0.,0.965925826289068));
#2810=DIRECTION('',(0.,-1.,0.));
#2811=DIRECTION('',(-0.965925826289068,0.,0.258819045102521));
#2812=DIRECTION('',(0.258819045102521,0.,0.965925826289068));
#2813=DIRECTION('',(0.,-1.,0.));
#2814=DIRECTION('',(0.,-1.,0.));
#2815=DIRECTION('',(0.,0.,1.));
#2816=DIRECTION('',(1.,0.,0.));
#2817=DIRECTION('',(0.,-1.,0.));
#2818=DIRECTION('',(0.965925826289068,0.,0.258819045102521));
#2819=DIRECTION('',(0.258819045102521,0.,-0.965925826289068));
#2820=DIRECTION('',(0.965925826289068,0.,-0.25881904510252));
#2821=DIRECTION('',(-0.25881904510252,0.,-0.965925826289069));
#2822=DIRECTION('',(0.,-1.,0.));
#2823=DIRECTION('',(0.,0.,-1.));
#2824=DIRECTION('',(-1.,0.,0.));
#2825=DIRECTION('',(0.,-1.,0.));
#2826=DIRECTION('',(-0.965925826289068,0.,-0.258819045102521));
#2827=DIRECTION('',(-0.258819045102521,0.,0.965925826289068));
#2828=DIRECTION('',(0.,-1.,0.));
#2829=DIRECTION('',(-0.965925826289068,0.,0.258819045102521));
#2830=DIRECTION('',(0.258819045102521,0.,0.965925826289068));
#2831=DIRECTION('',(0.,-1.,0.));
#2832=DIRECTION('',(0.,-1.,0.));
#2833=DIRECTION('',(0.,0.,1.));
#2834=DIRECTION('',(1.,0.,0.));
#2835=DIRECTION('',(0.,-1.,0.));
#2836=DIRECTION('',(0.965925826289068,0.,0.258819045102521));
#2837=DIRECTION('',(0.258819045102521,0.,-0.965925826289068));
#2838=DIRECTION('',(0.965925826289068,0.,-0.25881904510252));
#2839=DIRECTION('',(-0.25881904510252,0.,-0.965925826289069));
#2840=DIRECTION('',(0.,-1.,0.));
#2841=DIRECTION('',(0.,0.,-1.));
#2842=DIRECTION('',(-1.,0.,0.));
#2843=DIRECTION('',(0.,-1.,0.));
#2844=DIRECTION('',(-0.965925826289068,0.,-0.258819045102521));
#2845=DIRECTION('',(-0.258819045102521,0.,0.965925826289068));
#2846=DIRECTION('',(0.,-1.,0.));
#2847=DIRECTION('',(-0.965925826289068,0.,0.258819045102521));
#2848=DIRECTION('',(0.258819045102521,0.,0.965925826289068));
#2849=DIRECTION('',(0.,-1.,0.));
#2850=DIRECTION('',(0.,-1.,0.));
#2851=DIRECTION('',(0.,0.,1.));
#2852=DIRECTION('',(1.,0.,0.));
#2853=DIRECTION('',(0.,-1.,0.));
#2854=DIRECTION('',(0.965925826289068,0.,0.258819045102521));
#2855=DIRECTION('',(0.258819045102521,0.,-0.965925826289068));
#2856=DIRECTION('',(0.965925826289068,0.,-0.25881904510252));
#2857=DIRECTION('',(-0.25881904510252,0.,-0.965925826289069));
#2858=DIRECTION('',(0.,-1.,0.));
#2859=DIRECTION('',(0.,0.,-1.));
#2860=DIRECTION('',(-1.,0.,0.));
#2861=DIRECTION('',(0.,-1.,0.));
#2862=DIRECTION('',(-0.965925826289068,0.,-0.258819045102521));
#2863=DIRECTION('',(-0.258819045102521,0.,0.965925826289068));
#2864=DIRECTION('',(0.,-1.,0.));
#2865=DIRECTION('',(-0.965925826289068,0.,0.258819045102521));
#2866=DIRECTION('',(0.258819045102521,0.,0.965925826289068));
#2867=DIRECTION('',(0.,-1.,0.));
#2868=DIRECTION('',(0.,-1.,0.));
#2869=DIRECTION('',(0.,0.,1.));
#2870=DIRECTION('',(1.,0.,0.));
#2871=DIRECTION('',(0.,-1.,0.));
#2872=DIRECTION('',(0.965925826289068,0.,0.258819045102521));
#2873=DIRECTION('',(0.258819045102521,0.,-0.965925826289068));
#2874=DIRECTION('',(0.965925826289068,0.,-0.25881904510252));
#2875=DIRECTION('',(-0.25881904510252,0.,-0.965925826289069));
#2876=DIRECTION('',(0.,-1.,0.));
#2877=DIRECTION('',(0.,0.,-1.));
#2878=DIRECTION('',(-1.,0.,0.));
#2879=DIRECTION('',(0.,-1.,0.));
#2880=DIRECTION('',(-0.965925826289068,0.,-0.258819045102521));
#2881=DIRECTION('',(-0.258819045102521,0.,0.965925826289068));
#2882=DIRECTION('',(0.,-1.,0.));
#2883=DIRECTION('',(-0.965925826289068,0.,0.258819045102521));
#2884=DIRECTION('',(0.258819045102521,0.,0.965925826289068));
#2885=DIRECTION('',(0.,-1.,0.));
#2886=DIRECTION('',(0.,-1.,0.));
#2887=DIRECTION('',(0.,0.,1.));
#2888=DIRECTION('',(1.,0.,0.));
#2889=DIRECTION('',(0.,-1.,0.));
#2890=DIRECTION('',(0.965925826289068,0.,0.258819045102521));
#2891=DIRECTION('',(0.258819045102521,0.,-0.965925826289068));
#2892=DIRECTION('',(0.965925826289068,0.,-0.25881904510252));
#2893=DIRECTION('',(-0.25881904510252,0.,-0.965925826289069));
#2894=DIRECTION('',(0.,-1.,0.));
#2895=DIRECTION('',(0.,0.,-1.));
#2896=DIRECTION('',(-1.,0.,0.));
#2897=DIRECTION('',(0.,-1.,0.));
#2898=DIRECTION('',(-0.965925826289068,0.,-0.258819045102521));
#2899=DIRECTION('',(-0.258819045102521,0.,0.965925826289068));
#2900=DIRECTION('',(0.,-1.,0.));
#2901=DIRECTION('',(-0.965925826289068,0.,0.258819045102521));
#2902=DIRECTION('',(0.258819045102521,0.,0.965925826289068));
#2903=DIRECTION('',(0.,-1.,0.));
#2904=DIRECTION('',(0.,-1.,0.));
#2905=DIRECTION('',(0.,0.,1.));
#2906=DIRECTION('',(1.,0.,0.));
#2907=DIRECTION('',(0.,-1.,0.));
#2908=DIRECTION('',(0.965925826289068,0.,0.258819045102521));
#2909=DIRECTION('',(0.258819045102521,0.,-0.965925826289068));
#2910=DIRECTION('',(0.965925826289068,0.,-0.25881904510252));
#2911=DIRECTION('',(-0.25881904510252,0.,-0.965925826289069));
#2912=DIRECTION('',(0.,-1.,0.));
#2913=DIRECTION('',(0.,0.,-1.));
#2914=DIRECTION('',(-1.,0.,0.));
#2915=DIRECTION('',(0.,-1.,0.));
#2916=DIRECTION('',(-0.965925826289068,0.,-0.258819045102521));
#2917=DIRECTION('',(-0.258819045102521,0.,0.965925826289068));
#2918=DIRECTION('',(0.,-1.,0.));
#2919=DIRECTION('',(-0.965925826289068,0.,0.258819045102521));
#2920=DIRECTION('',(0.258819045102521,0.,0.965925826289068));
#2921=DIRECTION('',(0.,-1.,0.));
#2922=DIRECTION('',(0.,-1.,0.));
#2923=DIRECTION('',(0.,0.,1.));
#2924=DIRECTION('',(1.,0.,0.));
#2925=DIRECTION('',(0.,-1.,0.));
#2926=DIRECTION('',(0.965925826289068,0.,0.258819045102521));
#2927=DIRECTION('',(0.258819045102521,0.,-0.965925826289068));
#2928=DIRECTION('',(0.965925826289068,0.,-0.25881904510252));
#2929=DIRECTION('',(-0.25881904510252,0.,-0.965925826289069));
#2930=DIRECTION('',(0.,-1.,0.));
#2931=DIRECTION('',(0.,0.,-1.));
#2932=DIRECTION('',(-1.,0.,0.));
#2933=DIRECTION('',(0.,-1.,0.));
#2934=DIRECTION('',(-0.965925826289068,0.,-0.258819045102521));
#2935=DIRECTION('',(-0.258819045102521,0.,0.965925826289068));
#2936=DIRECTION('',(0.,-1.,0.));
#2937=DIRECTION('',(-0.965925826289068,0.,0.258819045102521));
#2938=DIRECTION('',(0.258819045102521,0.,0.965925826289068));
#2939=DIRECTION('',(0.,-1.,0.));
#2940=DIRECTION('',(0.,-1.,0.));
#2941=DIRECTION('',(0.,0.,1.));
#2942=DIRECTION('',(1.,0.,0.));
#2943=DIRECTION('',(0.,-1.,0.));
#2944=DIRECTION('',(0.965925826289068,0.,0.258819045102521));
#2945=DIRECTION('',(0.258819045102521,0.,-0.965925826289068));
#2946=DIRECTION('',(0.965925826289068,0.,-0.25881904510252));
#2947=DIRECTION('',(-0.25881904510252,0.,-0.965925826289069));
#2948=DIRECTION('',(0.,-1.,0.));
#2949=DIRECTION('',(0.,0.,-1.));
#2950=DIRECTION('',(-1.,0.,0.));
#2951=DIRECTION('',(0.,-1.,0.));
#2952=DIRECTION('',(-0.965925826289068,0.,-0.258819045102521));
#2953=DIRECTION('',(-0.258819045102521,0.,0.965925826289068));
#2954=DIRECTION('',(0.,-1.,0.));
#2955=DIRECTION('',(-0.965925826289068,0.,0.258819045102521));
#2956=DIRECTION('',(0.258819045102521,0.,0.965925826289068));
#2957=DIRECTION('',(0.,-1.,0.));
#2958=DIRECTION('',(0.,-1.,0.));
#2959=DIRECTION('',(0.,0.,1.));
#2960=DIRECTION('',(1.,0.,0.));
#2961=DIRECTION('',(0.,-1.,0.));
#2962=DIRECTION('',(0.965925826289068,0.,0.258819045102521));
#2963=DIRECTION('',(0.258819045102521,0.,-0.965925826289068));
#2964=DIRECTION('',(0.965925826289068,0.,-0.25881904510252));
#2965=DIRECTION('',(-0.25881904510252,0.,-0.965925826289069));
#2966=DIRECTION('',(0.,-1.,0.));
#2967=DIRECTION('',(0.,0.,-1.));
#2968=DIRECTION('',(-1.,0.,0.));
#2969=DIRECTION('',(0.,-1.,0.));
#2970=DIRECTION('',(-0.965925826289068,0.,-0.258819045102521));
#2971=DIRECTION('',(-0.258819045102521,0.,0.965925826289068));
#2972=DIRECTION('',(0.,-1.,0.));
#2973=DIRECTION('',(-1.,0.,0.));
#2974=DIRECTION('',(0.,0.,1.));
#2975=DIRECTION('',(0.,-1.,0.));
#2976=DIRECTION('',(-0.965925826289068,0.,0.258819045102521));
#2977=DIRECTION('',(0.258819045102521,0.,0.965925826289068));
#2978=DIRECTION('',(0.,-1.,0.));
#2979=DIRECTION('',(0.,0.,1.));
#2980=DIRECTION('',(1.,0.,0.));
#2981=DIRECTION('',(0.,-1.,0.));
#2982=DIRECTION('',(0.965925826289068,0.,0.258819045102521));
#2983=DIRECTION('',(0.258819045102521,0.,-0.965925826289068));
#2984=DIRECTION('',(0.,1.,0.));
#2985=DIRECTION('',(0.,0.,1.));
#2986=DIRECTION('',(0.,1.,0.));
#2987=DIRECTION('',(1.,0.,0.));
#2988=DIRECTION('',(0.,1.,0.));
#2989=DIRECTION('',(0.,0.,1.));
#2990=DIRECTION('',(0.,1.,0.));
#2991=DIRECTION('',(0.,0.,1.));
#2992=DIRECTION('',(0.,1.,0.));
#2993=DIRECTION('',(1.,0.,0.));
#2994=DIRECTION('',(0.,1.,0.));
#2995=DIRECTION('',(0.,0.,1.));
#2996=DIRECTION('',(0.,1.,0.));
#2997=DIRECTION('',(0.,0.,1.));
#2998=DIRECTION('',(0.,1.,0.));
#2999=DIRECTION('',(1.,0.,0.));
#3000=DIRECTION('',(0.,1.,0.));
#3001=DIRECTION('',(0.,0.,1.));
#3002=DIRECTION('',(0.,1.,0.));
#3003=DIRECTION('',(0.,0.,1.));
#3004=DIRECTION('',(0.,1.,0.));
#3005=DIRECTION('',(1.,0.,0.));
#3006=DIRECTION('',(0.,1.,0.));
#3007=DIRECTION('',(0.,0.,1.));
#3008=DIRECTION('',(0.,1.,0.));
#3009=DIRECTION('',(0.,0.,1.));
#3010=DIRECTION('',(0.,1.,0.));
#3011=DIRECTION('',(1.,0.,0.));
#3012=DIRECTION('',(0.,1.,0.));
#3013=DIRECTION('',(0.,0.,1.));
#3014=DIRECTION('',(0.,1.,0.));
#3015=DIRECTION('',(0.,0.,1.));
#3016=DIRECTION('',(0.,1.,0.));
#3017=DIRECTION('',(1.,0.,0.));
#3018=DIRECTION('',(0.,1.,0.));
#3019=DIRECTION('',(0.,0.,1.));
#3020=DIRECTION('',(0.,1.,0.));
#3021=DIRECTION('',(0.,0.,1.));
#3022=DIRECTION('',(0.,1.,0.));
#3023=DIRECTION('',(1.,0.,0.));
#3024=DIRECTION('',(0.,1.,0.));
#3025=DIRECTION('',(0.,0.,1.));
#3026=DIRECTION('',(0.,1.,0.));
#3027=DIRECTION('',(0.,0.,1.));
#3028=DIRECTION('',(0.,1.,0.));
#3029=DIRECTION('',(1.,0.,0.));
#3030=DIRECTION('',(0.,1.,0.));
#3031=DIRECTION('',(0.,0.,1.));
#3032=DIRECTION('',(0.,1.,0.));
#3033=DIRECTION('',(0.,0.,1.));
#3034=DIRECTION('',(0.,1.,0.));
#3035=DIRECTION('',(1.,0.,0.));
#3036=DIRECTION('',(0.,1.,0.));
#3037=DIRECTION('',(0.,0.,1.));
#3038=DIRECTION('',(0.,1.,0.));
#3039=DIRECTION('',(0.,0.,1.));
#3040=DIRECTION('',(0.,1.,0.));
#3041=DIRECTION('',(1.,0.,0.));
#3042=DIRECTION('',(0.,1.,0.));
#3043=DIRECTION('',(0.,0.,1.));
#3044=DIRECTION('',(0.,1.,0.));
#3045=DIRECTION('',(0.,0.,1.));
#3046=DIRECTION('',(0.,1.,0.));
#3047=DIRECTION('',(1.,0.,0.));
#3048=DIRECTION('',(0.,1.,0.));
#3049=DIRECTION('',(0.,0.,1.));
#3050=DIRECTION('',(0.,1.,0.));
#3051=DIRECTION('',(0.,0.,1.));
#3052=DIRECTION('',(0.,1.,0.));
#3053=DIRECTION('',(1.,0.,0.));
#3054=DIRECTION('',(0.,1.,0.));
#3055=DIRECTION('',(0.,0.,1.));
#3056=DIRECTION('',(0.,0.,1.));
#3057=DIRECTION('',(1.,0.,0.));
#3058=DIRECTION('',(2.18249948587249E-17,1.,0.));
#3059=DIRECTION('',(-1.,2.18249948587249E-17,0.));
#3060=DIRECTION('',(2.18249948587249E-17,1.,0.));
#3061=DIRECTION('',(-1.,2.18249948587249E-17,0.));
#3062=DIRECTION('',(-2.18249948587249E-17,-1.,0.));
#3063=DIRECTION('',(1.,-2.18249948587249E-17,0.));
#3064=DIRECTION('',(-2.18249948587249E-17,-1.,0.));
#3065=DIRECTION('',(1.,-2.18249948587249E-17,0.));
#3066=DIRECTION('',(-2.18249948587249E-17,-1.,0.));
#3067=DIRECTION('',(1.,-2.18249948587249E-17,0.));
#3068=DIRECTION('',(0.,-1.,0.));
#3069=DIRECTION('',(0.,0.,-1.));
#3070=DIRECTION('',(-2.18249948587249E-17,-1.,0.));
#3071=DIRECTION('',(1.,-2.18249948587249E-17,0.));
#3072=DIRECTION('',(-2.18249948587249E-17,-1.,0.));
#3073=DIRECTION('',(1.,-2.18249948587249E-17,0.));
#3074=DIRECTION('',(2.18249948587249E-17,1.,0.));
#3075=DIRECTION('',(-1.,2.18249948587249E-17,0.));
#3076=DIRECTION('',(-2.18249948587249E-17,-1.,0.));
#3077=DIRECTION('',(1.,-2.18249948587249E-17,0.));
#3078=DIRECTION('',(-2.18249948587249E-17,-1.,0.));
#3079=DIRECTION('',(1.,-2.18249948587249E-17,0.));
#3080=DIRECTION('',(-2.18249948587249E-17,-1.,0.));
#3081=DIRECTION('',(1.,-2.18249948587249E-17,0.));
#3082=DIRECTION('',(-2.18249948587249E-17,-1.,0.));
#3083=DIRECTION('',(1.,-2.18249948587249E-17,0.));
#3084=DIRECTION('',(-2.18249948587249E-17,-1.,0.));
#3085=DIRECTION('',(1.,-2.18249948587249E-17,0.));
#3086=DIRECTION('',(2.18249948587249E-17,1.,0.));
#3087=DIRECTION('',(-1.,2.18249948587249E-17,0.));
#3088=DIRECTION('',(-2.18249948587249E-17,-1.,0.));
#3089=DIRECTION('',(1.,-2.18249948587249E-17,0.));
#3090=DIRECTION('',(-2.18249948587249E-17,-1.,0.));
#3091=DIRECTION('',(1.,-2.18249948587249E-17,0.));
#3092=DIRECTION('',(0.,-1.,0.));
#3093=DIRECTION('',(0.,0.,-1.));
#3094=DIRECTION('',(0.,-1.,0.));
#3095=DIRECTION('',(0.,0.,-1.));
#3096=DIRECTION('',(0.,-1.,0.));
#3097=DIRECTION('',(0.,0.,-1.));
#3098=DIRECTION('',(0.,-1.,0.));
#3099=DIRECTION('',(0.,0.,-1.));
#3100=DIRECTION('',(0.,-1.,0.));
#3101=DIRECTION('',(0.,0.,-1.));
#3102=DIRECTION('',(0.,-1.,0.));
#3103=DIRECTION('',(0.,0.,-1.));
#3104=DIRECTION('',(0.,-1.,0.));
#3105=DIRECTION('',(0.,0.,-1.));
#3106=DIRECTION('',(0.,-1.,0.));
#3107=DIRECTION('',(0.,0.,-1.));
#3108=DIRECTION('',(0.,-1.,0.));
#3109=DIRECTION('',(0.,0.,-1.));
#3110=DIRECTION('',(0.,1.,0.));
#3111=DIRECTION('',(0.,0.,1.));
#3112=DIRECTION('',(0.,0.,1.));
#3113=DIRECTION('',(1.,0.,0.));
#3114=DIRECTION('',(0.,0.,1.));
#3115=DIRECTION('',(1.,0.,0.));
#3116=DIRECTION('',(0.,0.,1.));
#3117=DIRECTION('',(1.,0.,0.));
#3118=DIRECTION('',(0.,0.,1.));
#3119=DIRECTION('',(1.,0.,0.));
#3120=DIRECTION('',(0.,0.,1.));
#3121=DIRECTION('',(1.,0.,0.));
#3122=DIRECTION('',(0.,0.,1.));
#3123=DIRECTION('',(1.,0.,0.));
#3124=DIRECTION('',(0.,0.,1.));
#3125=DIRECTION('',(1.,0.,0.));
#3126=DIRECTION('',(0.,0.,1.));
#3127=DIRECTION('',(1.,0.,0.));
#3128=DIRECTION('',(0.,0.,1.));
#3129=DIRECTION('',(1.,0.,0.));
#3130=DIRECTION('',(0.,0.,1.));
#3131=DIRECTION('',(1.,0.,0.));
#3132=DIRECTION('',(0.,0.,1.));
#3133=DIRECTION('',(1.,0.,0.));
#3134=DIRECTION('',(0.,0.,1.));
#3135=DIRECTION('',(1.,0.,0.));
#3136=CARTESIAN_POINT('',(0.,0.,0.));
#3137=CARTESIAN_POINT('',(1.154,0.1,0.));
#3138=CARTESIAN_POINT('',(1.154,0.,0.));
#3139=CARTESIAN_POINT('',(1.18,0.,0.));
#3140=CARTESIAN_POINT('',(1.154,0.07,0.));
#3141=CARTESIAN_POINT('',(1.154,0.07,0.026));
#3142=CARTESIAN_POINT('',(1.054,0.1,0.));
#3143=CARTESIAN_POINT('',(1.054,0.,0.));
#3144=CARTESIAN_POINT('',(1.08,0.,0.));
#3145=CARTESIAN_POINT('',(1.054,0.07,0.));
#3146=CARTESIAN_POINT('',(1.054,0.07,0.026));
#3147=CARTESIAN_POINT('',(0.954,0.1,0.));
#3148=CARTESIAN_POINT('',(0.954,0.,0.));
#3149=CARTESIAN_POINT('',(0.98,0.,0.));
#3150=CARTESIAN_POINT('',(0.954,0.07,0.));
#3151=CARTESIAN_POINT('',(0.954,0.07,0.026));
#3152=CARTESIAN_POINT('',(0.854,0.1,0.));
#3153=CARTESIAN_POINT('',(0.854,0.,0.));
#3154=CARTESIAN_POINT('',(0.88,0.,0.));
#3155=CARTESIAN_POINT('',(0.854,0.07,0.));
#3156=CARTESIAN_POINT('',(0.854,0.07,0.026));
#3157=CARTESIAN_POINT('',(0.754,0.1,0.));
#3158=CARTESIAN_POINT('',(0.754,0.,0.));
#3159=CARTESIAN_POINT('',(0.78,0.,0.));
#3160=CARTESIAN_POINT('',(0.754,0.07,0.));
#3161=CARTESIAN_POINT('',(0.754,0.07,0.026));
#3162=CARTESIAN_POINT('',(0.654,0.1,0.));
#3163=CARTESIAN_POINT('',(0.654,0.,0.));
#3164=CARTESIAN_POINT('',(0.68,0.,0.));
#3165=CARTESIAN_POINT('',(0.654,0.07,0.));
#3166=CARTESIAN_POINT('',(0.654,0.07,0.026));
#3167=CARTESIAN_POINT('',(0.554,0.1,0.));
#3168=CARTESIAN_POINT('',(0.554,0.,0.));
#3169=CARTESIAN_POINT('',(0.58,0.,0.));
#3170=CARTESIAN_POINT('',(0.554,0.07,0.));
#3171=CARTESIAN_POINT('',(0.554,0.07,0.026));
#3172=CARTESIAN_POINT('',(0.454,0.1,0.));
#3173=CARTESIAN_POINT('',(0.454,0.,0.));
#3174=CARTESIAN_POINT('',(0.48,0.,0.));
#3175=CARTESIAN_POINT('',(0.454,0.07,0.));
#3176=CARTESIAN_POINT('',(0.454,0.07,0.026));
#3177=CARTESIAN_POINT('',(0.354,0.1,0.));
#3178=CARTESIAN_POINT('',(0.354,0.,0.));
#3179=CARTESIAN_POINT('',(0.38,0.,0.));
#3180=CARTESIAN_POINT('',(0.354,0.07,0.));
#3181=CARTESIAN_POINT('',(0.354,0.07,0.026));
#3182=CARTESIAN_POINT('',(0.254,0.1,0.));
#3183=CARTESIAN_POINT('',(0.254,0.,0.));
#3184=CARTESIAN_POINT('',(0.28,0.,0.));
#3185=CARTESIAN_POINT('',(0.254,0.07,0.));
#3186=CARTESIAN_POINT('',(0.254,0.07,0.026));
#3187=CARTESIAN_POINT('',(0.154,0.1,0.));
#3188=CARTESIAN_POINT('',(0.154,0.,0.));
#3189=CARTESIAN_POINT('',(0.18,0.,0.));
#3190=CARTESIAN_POINT('',(0.154,0.07,0.));
#3191=CARTESIAN_POINT('',(0.154,0.07,0.026));
#3192=CARTESIAN_POINT('',(0.0539999999999999,0.1,0.));
#3193=CARTESIAN_POINT('',(0.0539999999999999,0.,0.));
#3194=CARTESIAN_POINT('',(0.0799999999999999,0.,0.));
#3195=CARTESIAN_POINT('',(0.0539999999999999,0.07,0.));
#3196=CARTESIAN_POINT('',(0.0539999999999999,0.07,0.026));
#3197=CARTESIAN_POINT('',(0.,0.1,0.));
#3198=CARTESIAN_POINT('',(0.154,0.1,0.));
#3199=CARTESIAN_POINT('',(0.189,0.1,0.));
#3200=CARTESIAN_POINT('',(0.254,0.1,0.));
#3201=CARTESIAN_POINT('',(0.289,0.1,0.));
#3202=CARTESIAN_POINT('',(0.354,0.1,0.));
#3203=CARTESIAN_POINT('',(0.389,0.1,0.));
#3204=CARTESIAN_POINT('',(0.454,0.1,0.));
#3205=CARTESIAN_POINT('',(0.489,0.1,0.));
#3206=CARTESIAN_POINT('',(0.554,0.1,0.));
#3207=CARTESIAN_POINT('',(0.589,0.1,0.));
#3208=CARTESIAN_POINT('',(0.654,0.1,0.));
#3209=CARTESIAN_POINT('',(0.689,0.1,0.));
#3210=CARTESIAN_POINT('',(0.754,0.1,0.));
#3211=CARTESIAN_POINT('',(0.789,0.1,0.));
#3212=CARTESIAN_POINT('',(0.854,0.1,0.));
#3213=CARTESIAN_POINT('',(0.889,0.1,0.));
#3214=CARTESIAN_POINT('',(0.954,0.1,0.));
#3215=CARTESIAN_POINT('',(0.989,0.1,0.));
#3216=CARTESIAN_POINT('',(1.054,0.1,0.));
#3217=CARTESIAN_POINT('',(1.089,0.1,0.));
#3218=CARTESIAN_POINT('',(1.154,0.1,0.));
#3219=CARTESIAN_POINT('',(1.189,0.1,0.));
#3220=CARTESIAN_POINT('',(0.0539999999999999,0.1,0.));
#3221=CARTESIAN_POINT('',(0.0889999999999999,0.1,0.));
#3222=CARTESIAN_POINT('',(1.11403206314411,0.1,-0.05));
#3223=CARTESIAN_POINT('',(1.11403206314411,0.1,-0.05));
#3224=CARTESIAN_POINT('',(1.10733333333333,0.1,-0.025));
#3225=CARTESIAN_POINT('',(1.10733333333333,0.1,-0.025));
#3226=CARTESIAN_POINT('',(1.10063460352256,0.1,-0.05));
#3227=CARTESIAN_POINT('',(1.10063460352256,0.1,-0.05));
#3228=CARTESIAN_POINT('',(1.01336539647744,0.1,-0.05));
#3229=CARTESIAN_POINT('',(1.01336539647744,0.1,-0.05));
#3230=CARTESIAN_POINT('',(1.00666666666667,0.1,-0.025));
#3231=CARTESIAN_POINT('',(1.00666666666667,0.1,-0.025));
#3232=CARTESIAN_POINT('',(0.999967936855889,0.1,-0.05));
#3233=CARTESIAN_POINT('',(0.999967936855889,0.1,-0.05));
#3234=CARTESIAN_POINT('',(0.912698729810778,0.1,-0.05));
#3235=CARTESIAN_POINT('',(0.912698729810778,0.1,-0.05));
#3236=CARTESIAN_POINT('',(0.906,0.1,-0.025));
#3237=CARTESIAN_POINT('',(0.906,0.1,-0.025));
#3238=CARTESIAN_POINT('',(0.899301270189222,0.1,-0.05));
#3239=CARTESIAN_POINT('',(0.899301270189222,0.1,-0.05));
#3240=CARTESIAN_POINT('',(0.812032063144111,0.1,-0.05));
#3241=CARTESIAN_POINT('',(0.812032063144111,0.1,-0.05));
#3242=CARTESIAN_POINT('',(0.805333333333333,0.1,-0.025));
#3243=CARTESIAN_POINT('',(0.805333333333333,0.1,-0.025));
#3244=CARTESIAN_POINT('',(0.798634603522555,0.1,-0.05));
#3245=CARTESIAN_POINT('',(0.798634603522555,0.1,-0.05));
#3246=CARTESIAN_POINT('',(0.711365396477445,0.1,-0.05));
#3247=CARTESIAN_POINT('',(0.711365396477445,0.1,-0.05));
#3248=CARTESIAN_POINT('',(0.704666666666667,0.1,-0.025));
#3249=CARTESIAN_POINT('',(0.704666666666667,0.1,-0.025));
#3250=CARTESIAN_POINT('',(0.697967936855889,0.1,-0.05));
#3251=CARTESIAN_POINT('',(0.697967936855889,0.1,-0.05));
#3252=CARTESIAN_POINT('',(0.610698729810778,0.1,-0.05));
#3253=CARTESIAN_POINT('',(0.610698729810778,0.1,-0.05));
#3254=CARTESIAN_POINT('',(0.604,0.1,-0.025));
#3255=CARTESIAN_POINT('',(0.604,0.1,-0.025));
#3256=CARTESIAN_POINT('',(0.597301270189222,0.1,-0.05));
#3257=CARTESIAN_POINT('',(0.597301270189222,0.1,-0.05));
#3258=CARTESIAN_POINT('',(0.510032063144111,0.1,-0.05));
#3259=CARTESIAN_POINT('',(0.510032063144111,0.1,-0.05));
#3260=CARTESIAN_POINT('',(0.503333333333333,0.1,-0.025));
#3261=CARTESIAN_POINT('',(0.503333333333333,0.1,-0.025));
#3262=CARTESIAN_POINT('',(0.496634603522555,0.1,-0.05));
#3263=CARTESIAN_POINT('',(0.496634603522555,0.1,-0.05));
#3264=CARTESIAN_POINT('',(0.409365396477445,0.1,-0.05));
#3265=CARTESIAN_POINT('',(0.409365396477445,0.1,-0.05));
#3266=CARTESIAN_POINT('',(0.402666666666667,0.1,-0.025));
#3267=CARTESIAN_POINT('',(0.402666666666667,0.1,-0.025));
#3268=CARTESIAN_POINT('',(0.395967936855889,0.1,-0.05));
#3269=CARTESIAN_POINT('',(0.395967936855889,0.1,-0.05));
#3270=CARTESIAN_POINT('',(0.308698729810778,0.1,-0.05));
#3271=CARTESIAN_POINT('',(0.308698729810778,0.1,-0.05));
#3272=CARTESIAN_POINT('',(0.302,0.1,-0.025));
#3273=CARTESIAN_POINT('',(0.302,0.1,-0.025));
#3274=CARTESIAN_POINT('',(0.295301270189222,0.1,-0.05));
#3275=CARTESIAN_POINT('',(0.295301270189222,0.1,-0.05));
#3276=CARTESIAN_POINT('',(0.208032063144111,0.1,-0.05));
#3277=CARTESIAN_POINT('',(0.208032063144111,0.1,-0.05));
#3278=CARTESIAN_POINT('',(0.201333333333333,0.1,-0.025));
#3279=CARTESIAN_POINT('',(0.201333333333333,0.1,-0.025));
#3280=CARTESIAN_POINT('',(0.194634603522555,0.1,-0.05));
#3281=CARTESIAN_POINT('',(0.194634603522555,0.1,-0.05));
#3282=CARTESIAN_POINT('',(0.107365396477445,0.1,-0.05));
#3283=CARTESIAN_POINT('',(0.107365396477445,0.1,-0.05));
#3284=CARTESIAN_POINT('',(0.100666666666667,0.1,-0.025));
#3285=CARTESIAN_POINT('',(0.100666666666667,0.1,-0.025));
#3286=CARTESIAN_POINT('',(0.0939679368558886,0.1,-0.05));
#3287=CARTESIAN_POINT('',(0.0939679368558886,0.1,-0.05));
#3288=CARTESIAN_POINT('',(0.00669872981077807,0.1,-0.05));
#3289=CARTESIAN_POINT('',(0.00669872981077807,0.1,-0.05));
#3290=CARTESIAN_POINT('',(1.0671281225251E-18,0.1,-0.025));
#3291=CARTESIAN_POINT('',(0.,0.1,-0.025));
#3292=CARTESIAN_POINT('',(0.,0.1,0.025));
#3293=CARTESIAN_POINT('',(0.,0.1,0.025));
#3294=CARTESIAN_POINT('',(0.00669872981077805,0.1,0.05));
#3295=CARTESIAN_POINT('',(0.00669872981077806,0.1,0.05));
#3296=CARTESIAN_POINT('',(0.0939679368558886,0.1,0.05));
#3297=CARTESIAN_POINT('',(0.0939679368558886,0.1,0.05));
#3298=CARTESIAN_POINT('',(0.100666666666667,0.1,0.025));
#3299=CARTESIAN_POINT('',(0.100666666666667,0.1,0.025));
#3300=CARTESIAN_POINT('',(0.107365396477445,0.1,0.05));
#3301=CARTESIAN_POINT('',(0.107365396477445,0.1,0.05));
#3302=CARTESIAN_POINT('',(0.194634603522555,0.1,0.05));
#3303=CARTESIAN_POINT('',(0.194634603522555,0.1,0.05));
#3304=CARTESIAN_POINT('',(0.201333333333333,0.1,0.025));
#3305=CARTESIAN_POINT('',(0.201333333333333,0.1,0.025));
#3306=CARTESIAN_POINT('',(0.208032063144111,0.1,0.05));
#3307=CARTESIAN_POINT('',(0.208032063144111,0.1,0.05));
#3308=CARTESIAN_POINT('',(0.295301270189222,0.1,0.05));
#3309=CARTESIAN_POINT('',(0.295301270189222,0.1,0.05));
#3310=CARTESIAN_POINT('',(0.302,0.1,0.025));
#3311=CARTESIAN_POINT('',(0.302,0.1,0.025));
#3312=CARTESIAN_POINT('',(0.308698729810778,0.1,0.05));
#3313=CARTESIAN_POINT('',(0.308698729810778,0.1,0.05));
#3314=CARTESIAN_POINT('',(0.395967936855889,0.1,0.05));
#3315=CARTESIAN_POINT('',(0.395967936855889,0.1,0.05));
#3316=CARTESIAN_POINT('',(0.402666666666667,0.1,0.025));
#3317=CARTESIAN_POINT('',(0.402666666666667,0.1,0.025));
#3318=CARTESIAN_POINT('',(0.409365396477445,0.1,0.05));
#3319=CARTESIAN_POINT('',(0.409365396477445,0.1,0.05));
#3320=CARTESIAN_POINT('',(0.496634603522555,0.1,0.05));
#3321=CARTESIAN_POINT('',(0.496634603522555,0.1,0.05));
#3322=CARTESIAN_POINT('',(0.503333333333333,0.1,0.025));
#3323=CARTESIAN_POINT('',(0.503333333333333,0.1,0.025));
#3324=CARTESIAN_POINT('',(0.510032063144111,0.1,0.05));
#3325=CARTESIAN_POINT('',(0.510032063144111,0.1,0.05));
#3326=CARTESIAN_POINT('',(0.597301270189222,0.1,0.05));
#3327=CARTESIAN_POINT('',(0.597301270189222,0.1,0.05));
#3328=CARTESIAN_POINT('',(0.604,0.1,0.025));
#3329=CARTESIAN_POINT('',(0.604,0.1,0.025));
#3330=CARTESIAN_POINT('',(0.610698729810778,0.1,0.05));
#3331=CARTESIAN_POINT('',(0.610698729810778,0.1,0.05));
#3332=CARTESIAN_POINT('',(0.697967936855889,0.1,0.05));
#3333=CARTESIAN_POINT('',(0.697967936855889,0.1,0.05));
#3334=CARTESIAN_POINT('',(0.704666666666667,0.1,0.025));
#3335=CARTESIAN_POINT('',(0.704666666666667,0.1,0.025));
#3336=CARTESIAN_POINT('',(0.711365396477445,0.1,0.05));
#3337=CARTESIAN_POINT('',(0.711365396477445,0.1,0.05));
#3338=CARTESIAN_POINT('',(0.798634603522555,0.1,0.05));
#3339=CARTESIAN_POINT('',(0.798634603522555,0.1,0.05));
#3340=CARTESIAN_POINT('',(0.805333333333333,0.1,0.025));
#3341=CARTESIAN_POINT('',(0.805333333333333,0.1,0.025));
#3342=CARTESIAN_POINT('',(0.812032063144111,0.1,0.05));
#3343=CARTESIAN_POINT('',(0.812032063144111,0.1,0.05));
#3344=CARTESIAN_POINT('',(0.899301270189222,0.1,0.05));
#3345=CARTESIAN_POINT('',(0.899301270189222,0.1,0.05));
#3346=CARTESIAN_POINT('',(0.906,0.1,0.025));
#3347=CARTESIAN_POINT('',(0.906,0.1,0.025));
#3348=CARTESIAN_POINT('',(0.912698729810778,0.1,0.05));
#3349=CARTESIAN_POINT('',(0.912698729810778,0.1,0.05));
#3350=CARTESIAN_POINT('',(0.999967936855889,0.1,0.05));
#3351=CARTESIAN_POINT('',(0.999967936855889,0.1,0.05));
#3352=CARTESIAN_POINT('',(1.00666666666667,0.1,0.025));
#3353=CARTESIAN_POINT('',(1.00666666666667,0.1,0.025));
#3354=CARTESIAN_POINT('',(1.01336539647744,0.1,0.05));
#3355=CARTESIAN_POINT('',(1.01336539647744,0.1,0.05));
#3356=CARTESIAN_POINT('',(1.10063460352256,0.1,0.05));
#3357=CARTESIAN_POINT('',(1.10063460352256,0.1,0.05));
#3358=CARTESIAN_POINT('',(1.10733333333333,0.1,0.025));
#3359=CARTESIAN_POINT('',(1.10733333333333,0.1,0.025));
#3360=CARTESIAN_POINT('',(1.11403206314411,0.1,0.05));
#3361=CARTESIAN_POINT('',(1.11403206314411,0.1,0.05));
#3362=CARTESIAN_POINT('',(1.20130127018922,0.1,0.05));
#3363=CARTESIAN_POINT('',(1.20130127018922,0.1,0.05));
#3364=CARTESIAN_POINT('',(1.208,0.1,0.025));
#3365=CARTESIAN_POINT('',(1.208,0.1,0.025));
#3366=CARTESIAN_POINT('',(1.208,0.1,-0.025));
#3367=CARTESIAN_POINT('',(1.208,0.1,-0.025));
#3368=CARTESIAN_POINT('',(1.20130127018922,0.1,-0.05));
#3369=CARTESIAN_POINT('',(1.20130127018922,0.1,-0.05));
#3370=CARTESIAN_POINT('',(0.,0.,0.));
#3371=CARTESIAN_POINT('',(1.10733333333333,0.,-0.025));
#3372=CARTESIAN_POINT('',(1.10733333333333,0.,-0.025));
#3373=CARTESIAN_POINT('',(1.10063460352256,0.,-0.05));
#3374=CARTESIAN_POINT('',(1.11403206314411,0.,-0.05));
#3375=CARTESIAN_POINT('',(1.11403206314411,0.,-0.05));
#3376=CARTESIAN_POINT('',(1.20130127018922,0.,-0.05));
#3377=CARTESIAN_POINT('',(1.20130127018922,0.,-0.05));
#3378=CARTESIAN_POINT('',(1.208,0.,-0.025));
#3379=CARTESIAN_POINT('',(1.208,0.,-0.025));
#3380=CARTESIAN_POINT('',(1.208,0.,0.025));
#3381=CARTESIAN_POINT('',(1.208,0.,0.025));
#3382=CARTESIAN_POINT('',(1.20130127018922,0.,0.05));
#3383=CARTESIAN_POINT('',(1.20130127018922,0.,0.05));
#3384=CARTESIAN_POINT('',(1.11403206314411,0.,0.05));
#3385=CARTESIAN_POINT('',(1.11403206314411,0.,0.05));
#3386=CARTESIAN_POINT('',(1.10733333333333,0.,0.025));
#3387=CARTESIAN_POINT('',(1.10733333333333,0.,0.025));
#3388=CARTESIAN_POINT('',(1.10063460352256,0.,0.05));
#3389=CARTESIAN_POINT('',(1.10063460352256,0.,0.05));
#3390=CARTESIAN_POINT('',(1.01336539647744,0.,0.05));
#3391=CARTESIAN_POINT('',(1.01336539647744,0.,0.05));
#3392=CARTESIAN_POINT('',(1.00666666666667,0.,0.025));
#3393=CARTESIAN_POINT('',(1.00666666666667,0.,0.025));
#3394=CARTESIAN_POINT('',(0.999967936855889,0.,0.05));
#3395=CARTESIAN_POINT('',(0.999967936855889,0.,0.05));
#3396=CARTESIAN_POINT('',(0.912698729810778,0.,0.05));
#3397=CARTESIAN_POINT('',(0.912698729810778,0.,0.05));
#3398=CARTESIAN_POINT('',(0.906,0.,0.025));
#3399=CARTESIAN_POINT('',(0.906,0.,0.025));
#3400=CARTESIAN_POINT('',(0.899301270189222,0.,0.05));
#3401=CARTESIAN_POINT('',(0.899301270189222,0.,0.05));
#3402=CARTESIAN_POINT('',(0.812032063144111,0.,0.05));
#3403=CARTESIAN_POINT('',(0.812032063144111,0.,0.05));
#3404=CARTESIAN_POINT('',(0.805333333333333,0.,0.025));
#3405=CARTESIAN_POINT('',(0.805333333333333,0.,0.025));
#3406=CARTESIAN_POINT('',(0.798634603522555,0.,0.05));
#3407=CARTESIAN_POINT('',(0.798634603522555,0.,0.05));
#3408=CARTESIAN_POINT('',(0.711365396477445,0.,0.05));
#3409=CARTESIAN_POINT('',(0.711365396477445,0.,0.05));
#3410=CARTESIAN_POINT('',(0.704666666666667,0.,0.025));
#3411=CARTESIAN_POINT('',(0.704666666666667,0.,0.025));
#3412=CARTESIAN_POINT('',(0.697967936855889,0.,0.05));
#3413=CARTESIAN_POINT('',(0.697967936855889,0.,0.05));
#3414=CARTESIAN_POINT('',(0.610698729810778,0.,0.05));
#3415=CARTESIAN_POINT('',(0.610698729810778,0.,0.05));
#3416=CARTESIAN_POINT('',(0.604,0.,0.025));
#3417=CARTESIAN_POINT('',(0.604,0.,0.025));
#3418=CARTESIAN_POINT('',(0.597301270189222,0.,0.05));
#3419=CARTESIAN_POINT('',(0.597301270189222,0.,0.05));
#3420=CARTESIAN_POINT('',(0.510032063144111,0.,0.05));
#3421=CARTESIAN_POINT('',(0.510032063144111,0.,0.05));
#3422=CARTESIAN_POINT('',(0.503333333333333,0.,0.025));
#3423=CARTESIAN_POINT('',(0.503333333333333,0.,0.025));
#3424=CARTESIAN_POINT('',(0.496634603522555,0.,0.05));
#3425=CARTESIAN_POINT('',(0.496634603522555,0.,0.05));
#3426=CARTESIAN_POINT('',(0.409365396477445,0.,0.05));
#3427=CARTESIAN_POINT('',(0.409365396477445,0.,0.05));
#3428=CARTESIAN_POINT('',(0.402666666666667,0.,0.025));
#3429=CARTESIAN_POINT('',(0.402666666666667,0.,0.025));
#3430=CARTESIAN_POINT('',(0.395967936855889,0.,0.05));
#3431=CARTESIAN_POINT('',(0.395967936855889,0.,0.05));
#3432=CARTESIAN_POINT('',(0.308698729810778,0.,0.05));
#3433=CARTESIAN_POINT('',(0.308698729810778,0.,0.05));
#3434=CARTESIAN_POINT('',(0.302,0.,0.025));
#3435=CARTESIAN_POINT('',(0.302,0.,0.025));
#3436=CARTESIAN_POINT('',(0.295301270189222,0.,0.05));
#3437=CARTESIAN_POINT('',(0.295301270189222,0.,0.05));
#3438=CARTESIAN_POINT('',(0.208032063144111,0.,0.05));
#3439=CARTESIAN_POINT('',(0.208032063144111,0.,0.05));
#3440=CARTESIAN_POINT('',(0.201333333333333,0.,0.025));
#3441=CARTESIAN_POINT('',(0.201333333333333,0.,0.025));
#3442=CARTESIAN_POINT('',(0.194634603522555,0.,0.05));
#3443=CARTESIAN_POINT('',(0.194634603522555,0.,0.05));
#3444=CARTESIAN_POINT('',(0.107365396477445,0.,0.05));
#3445=CARTESIAN_POINT('',(0.107365396477445,0.,0.05));
#3446=CARTESIAN_POINT('',(0.100666666666667,0.,0.025));
#3447=CARTESIAN_POINT('',(0.100666666666667,0.,0.025));
#3448=CARTESIAN_POINT('',(0.0939679368558886,0.,0.05));
#3449=CARTESIAN_POINT('',(0.0939679368558886,0.,0.05));
#3450=CARTESIAN_POINT('',(0.00669872981077806,0.,0.05));
#3451=CARTESIAN_POINT('',(0.00669872981077805,0.,0.05));
#3452=CARTESIAN_POINT('',(0.,0.,0.025));
#3453=CARTESIAN_POINT('',(0.,0.,0.025));
#3454=CARTESIAN_POINT('',(0.,0.,-0.025));
#3455=CARTESIAN_POINT('',(1.0671281225251E-18,0.,-0.025));
#3456=CARTESIAN_POINT('',(0.00669872981077807,0.,-0.05));
#3457=CARTESIAN_POINT('',(0.00669872981077807,0.,-0.05));
#3458=CARTESIAN_POINT('',(0.0939679368558886,0.,-0.05));
#3459=CARTESIAN_POINT('',(0.0939679368558886,0.,-0.05));
#3460=CARTESIAN_POINT('',(0.100666666666667,0.,-0.025));
#3461=CARTESIAN_POINT('',(0.100666666666667,0.,-0.025));
#3462=CARTESIAN_POINT('',(0.107365396477445,0.,-0.05));
#3463=CARTESIAN_POINT('',(0.107365396477445,0.,-0.05));
#3464=CARTESIAN_POINT('',(0.194634603522555,0.,-0.05));
#3465=CARTESIAN_POINT('',(0.194634603522555,0.,-0.05));
#3466=CARTESIAN_POINT('',(0.201333333333333,0.,-0.025));
#3467=CARTESIAN_POINT('',(0.201333333333333,0.,-0.025));
#3468=CARTESIAN_POINT('',(0.208032063144111,0.,-0.05));
#3469=CARTESIAN_POINT('',(0.208032063144111,0.,-0.05));
#3470=CARTESIAN_POINT('',(0.295301270189222,0.,-0.05));
#3471=CARTESIAN_POINT('',(0.295301270189222,0.,-0.05));
#3472=CARTESIAN_POINT('',(0.302,0.,-0.025));
#3473=CARTESIAN_POINT('',(0.302,0.,-0.025));
#3474=CARTESIAN_POINT('',(0.308698729810778,0.,-0.05));
#3475=CARTESIAN_POINT('',(0.308698729810778,0.,-0.05));
#3476=CARTESIAN_POINT('',(0.395967936855889,0.,-0.05));
#3477=CARTESIAN_POINT('',(0.395967936855889,0.,-0.05));
#3478=CARTESIAN_POINT('',(0.402666666666667,0.,-0.025));
#3479=CARTESIAN_POINT('',(0.402666666666667,0.,-0.025));
#3480=CARTESIAN_POINT('',(0.409365396477445,0.,-0.05));
#3481=CARTESIAN_POINT('',(0.409365396477445,0.,-0.05));
#3482=CARTESIAN_POINT('',(0.496634603522555,0.,-0.05));
#3483=CARTESIAN_POINT('',(0.496634603522555,0.,-0.05));
#3484=CARTESIAN_POINT('',(0.503333333333333,0.,-0.025));
#3485=CARTESIAN_POINT('',(0.503333333333333,0.,-0.025));
#3486=CARTESIAN_POINT('',(0.510032063144111,0.,-0.05));
#3487=CARTESIAN_POINT('',(0.510032063144111,0.,-0.05));
#3488=CARTESIAN_POINT('',(0.597301270189222,0.,-0.05));
#3489=CARTESIAN_POINT('',(0.597301270189222,0.,-0.05));
#3490=CARTESIAN_POINT('',(0.604,0.,-0.025));
#3491=CARTESIAN_POINT('',(0.604,0.,-0.025));
#3492=CARTESIAN_POINT('',(0.610698729810778,0.,-0.05));
#3493=CARTESIAN_POINT('',(0.610698729810778,0.,-0.05));
#3494=CARTESIAN_POINT('',(0.697967936855889,0.,-0.05));
#3495=CARTESIAN_POINT('',(0.697967936855889,0.,-0.05));
#3496=CARTESIAN_POINT('',(0.704666666666667,0.,-0.025));
#3497=CARTESIAN_POINT('',(0.704666666666667,0.,-0.025));
#3498=CARTESIAN_POINT('',(0.711365396477445,0.,-0.05));
#3499=CARTESIAN_POINT('',(0.711365396477445,0.,-0.05));
#3500=CARTESIAN_POINT('',(0.798634603522555,0.,-0.05));
#3501=CARTESIAN_POINT('',(0.798634603522555,0.,-0.05));
#3502=CARTESIAN_POINT('',(0.805333333333333,0.,-0.025));
#3503=CARTESIAN_POINT('',(0.805333333333333,0.,-0.025));
#3504=CARTESIAN_POINT('',(0.812032063144111,0.,-0.05));
#3505=CARTESIAN_POINT('',(0.812032063144111,0.,-0.05));
#3506=CARTESIAN_POINT('',(0.899301270189222,0.,-0.05));
#3507=CARTESIAN_POINT('',(0.899301270189222,0.,-0.05));
#3508=CARTESIAN_POINT('',(0.906,0.,-0.025));
#3509=CARTESIAN_POINT('',(0.906,0.,-0.025));
#3510=CARTESIAN_POINT('',(0.912698729810778,0.,-0.05));
#3511=CARTESIAN_POINT('',(0.912698729810778,0.,-0.05));
#3512=CARTESIAN_POINT('',(0.999967936855889,0.,-0.05));
#3513=CARTESIAN_POINT('',(0.999967936855889,0.,-0.05));
#3514=CARTESIAN_POINT('',(1.00666666666667,0.,-0.025));
#3515=CARTESIAN_POINT('',(1.00666666666667,0.,-0.025));
#3516=CARTESIAN_POINT('',(1.01336539647744,0.,-0.05));
#3517=CARTESIAN_POINT('',(1.01336539647744,0.,-0.05));
#3518=CARTESIAN_POINT('',(1.10063460352256,0.,-0.05));
#3519=CARTESIAN_POINT('',(0.,0.1,-0.025));
#3520=CARTESIAN_POINT('',(0.,0.1,0.025));
#3521=CARTESIAN_POINT('',(1.0671281225251E-18,0.1,-0.025));
#3522=CARTESIAN_POINT('',(0.,0.1,0.025));
#3523=CARTESIAN_POINT('',(0.00669872981077805,0.1,0.05));
#3524=CARTESIAN_POINT('',(0.00669872981077806,0.1,0.05));
#3525=CARTESIAN_POINT('',(0.0939679368558886,0.1,0.05));
#3526=CARTESIAN_POINT('',(0.0939679368558886,0.1,0.05));
#3527=CARTESIAN_POINT('',(0.100666666666667,0.1,0.025));
#3528=CARTESIAN_POINT('',(0.100666666666667,0.1,-0.025));
#3529=CARTESIAN_POINT('',(0.0939679368558886,0.1,-0.05));
#3530=CARTESIAN_POINT('',(0.100666666666667,0.1,-0.025));
#3531=CARTESIAN_POINT('',(0.0939679368558886,0.1,-0.05));
#3532=CARTESIAN_POINT('',(0.00669872981077807,0.1,-0.05));
#3533=CARTESIAN_POINT('',(0.00669872981077807,0.1,-0.05));
#3534=CARTESIAN_POINT('',(0.100666666666667,0.1,0.025));
#3535=CARTESIAN_POINT('',(0.107365396477445,0.1,0.05));
#3536=CARTESIAN_POINT('',(0.107365396477445,0.1,0.05));
#3537=CARTESIAN_POINT('',(0.194634603522555,0.1,0.05));
#3538=CARTESIAN_POINT('',(0.194634603522555,0.1,0.05));
#3539=CARTESIAN_POINT('',(0.201333333333333,0.1,0.025));
#3540=CARTESIAN_POINT('',(0.201333333333333,0.1,-0.025));
#3541=CARTESIAN_POINT('',(0.194634603522555,0.1,-0.05));
#3542=CARTESIAN_POINT('',(0.201333333333333,0.1,-0.025));
#3543=CARTESIAN_POINT('',(0.194634603522555,0.1,-0.05));
#3544=CARTESIAN_POINT('',(0.107365396477445,0.1,-0.05));
#3545=CARTESIAN_POINT('',(0.107365396477445,0.1,-0.05));
#3546=CARTESIAN_POINT('',(0.201333333333333,0.1,0.025));
#3547=CARTESIAN_POINT('',(0.208032063144111,0.1,0.05));
#3548=CARTESIAN_POINT('',(0.208032063144111,0.1,0.05));
#3549=CARTESIAN_POINT('',(0.295301270189222,0.1,0.05));
#3550=CARTESIAN_POINT('',(0.295301270189222,0.1,0.05));
#3551=CARTESIAN_POINT('',(0.302,0.1,0.025));
#3552=CARTESIAN_POINT('',(0.302,0.1,-0.025));
#3553=CARTESIAN_POINT('',(0.295301270189222,0.1,-0.05));
#3554=CARTESIAN_POINT('',(0.302,0.1,-0.025));
#3555=CARTESIAN_POINT('',(0.295301270189222,0.1,-0.05));
#3556=CARTESIAN_POINT('',(0.208032063144111,0.1,-0.05));
#3557=CARTESIAN_POINT('',(0.208032063144111,0.1,-0.05));
#3558=CARTESIAN_POINT('',(0.302,0.1,0.025));
#3559=CARTESIAN_POINT('',(0.308698729810778,0.1,0.05));
#3560=CARTESIAN_POINT('',(0.308698729810778,0.1,0.05));
#3561=CARTESIAN_POINT('',(0.395967936855889,0.1,0.05));
#3562=CARTESIAN_POINT('',(0.395967936855889,0.1,0.05));
#3563=CARTESIAN_POINT('',(0.402666666666667,0.1,0.025));
#3564=CARTESIAN_POINT('',(0.402666666666667,0.1,-0.025));
#3565=CARTESIAN_POINT('',(0.395967936855889,0.1,-0.05));
#3566=CARTESIAN_POINT('',(0.402666666666667,0.1,-0.025));
#3567=CARTESIAN_POINT('',(0.395967936855889,0.1,-0.05));
#3568=CARTESIAN_POINT('',(0.308698729810778,0.1,-0.05));
#3569=CARTESIAN_POINT('',(0.308698729810778,0.1,-0.05));
#3570=CARTESIAN_POINT('',(0.402666666666667,0.1,0.025));
#3571=CARTESIAN_POINT('',(0.409365396477445,0.1,0.05));
#3572=CARTESIAN_POINT('',(0.409365396477445,0.1,0.05));
#3573=CARTESIAN_POINT('',(0.496634603522555,0.1,0.05));
#3574=CARTESIAN_POINT('',(0.496634603522555,0.1,0.05));
#3575=CARTESIAN_POINT('',(0.503333333333333,0.1,0.025));
#3576=CARTESIAN_POINT('',(0.503333333333333,0.1,-0.025));
#3577=CARTESIAN_POINT('',(0.496634603522555,0.1,-0.05));
#3578=CARTESIAN_POINT('',(0.503333333333333,0.1,-0.025));
#3579=CARTESIAN_POINT('',(0.496634603522555,0.1,-0.05));
#3580=CARTESIAN_POINT('',(0.409365396477445,0.1,-0.05));
#3581=CARTESIAN_POINT('',(0.409365396477445,0.1,-0.05));
#3582=CARTESIAN_POINT('',(0.503333333333333,0.1,0.025));
#3583=CARTESIAN_POINT('',(0.510032063144111,0.1,0.05));
#3584=CARTESIAN_POINT('',(0.510032063144111,0.1,0.05));
#3585=CARTESIAN_POINT('',(0.597301270189222,0.1,0.05));
#3586=CARTESIAN_POINT('',(0.597301270189222,0.1,0.05));
#3587=CARTESIAN_POINT('',(0.604,0.1,0.025));
#3588=CARTESIAN_POINT('',(0.604,0.1,-0.025));
#3589=CARTESIAN_POINT('',(0.597301270189222,0.1,-0.05));
#3590=CARTESIAN_POINT('',(0.604,0.1,-0.025));
#3591=CARTESIAN_POINT('',(0.597301270189222,0.1,-0.05));
#3592=CARTESIAN_POINT('',(0.510032063144111,0.1,-0.05));
#3593=CARTESIAN_POINT('',(0.510032063144111,0.1,-0.05));
#3594=CARTESIAN_POINT('',(0.604,0.1,0.025));
#3595=CARTESIAN_POINT('',(0.610698729810778,0.1,0.05));
#3596=CARTESIAN_POINT('',(0.610698729810778,0.1,0.05));
#3597=CARTESIAN_POINT('',(0.697967936855889,0.1,0.05));
#3598=CARTESIAN_POINT('',(0.697967936855889,0.1,0.05));
#3599=CARTESIAN_POINT('',(0.704666666666667,0.1,0.025));
#3600=CARTESIAN_POINT('',(0.704666666666667,0.1,-0.025));
#3601=CARTESIAN_POINT('',(0.697967936855889,0.1,-0.05));
#3602=CARTESIAN_POINT('',(0.704666666666667,0.1,-0.025));
#3603=CARTESIAN_POINT('',(0.697967936855889,0.1,-0.05));
#3604=CARTESIAN_POINT('',(0.610698729810778,0.1,-0.05));
#3605=CARTESIAN_POINT('',(0.610698729810778,0.1,-0.05));
#3606=CARTESIAN_POINT('',(0.704666666666667,0.1,0.025));
#3607=CARTESIAN_POINT('',(0.711365396477445,0.1,0.05));
#3608=CARTESIAN_POINT('',(0.711365396477445,0.1,0.05));
#3609=CARTESIAN_POINT('',(0.798634603522555,0.1,0.05));
#3610=CARTESIAN_POINT('',(0.798634603522555,0.1,0.05));
#3611=CARTESIAN_POINT('',(0.805333333333333,0.1,0.025));
#3612=CARTESIAN_POINT('',(0.805333333333333,0.1,-0.025));
#3613=CARTESIAN_POINT('',(0.798634603522555,0.1,-0.05));
#3614=CARTESIAN_POINT('',(0.805333333333333,0.1,-0.025));
#3615=CARTESIAN_POINT('',(0.798634603522555,0.1,-0.05));
#3616=CARTESIAN_POINT('',(0.711365396477445,0.1,-0.05));
#3617=CARTESIAN_POINT('',(0.711365396477445,0.1,-0.05));
#3618=CARTESIAN_POINT('',(0.805333333333333,0.1,0.025));
#3619=CARTESIAN_POINT('',(0.812032063144111,0.1,0.05));
#3620=CARTESIAN_POINT('',(0.812032063144111,0.1,0.05));
#3621=CARTESIAN_POINT('',(0.899301270189222,0.1,0.05));
#3622=CARTESIAN_POINT('',(0.899301270189222,0.1,0.05));
#3623=CARTESIAN_POINT('',(0.906,0.1,0.025));
#3624=CARTESIAN_POINT('',(0.906,0.1,-0.025));
#3625=CARTESIAN_POINT('',(0.899301270189222,0.1,-0.05));
#3626=CARTESIAN_POINT('',(0.906,0.1,-0.025));
#3627=CARTESIAN_POINT('',(0.899301270189222,0.1,-0.05));
#3628=CARTESIAN_POINT('',(0.812032063144111,0.1,-0.05));
#3629=CARTESIAN_POINT('',(0.812032063144111,0.1,-0.05));
#3630=CARTESIAN_POINT('',(0.906,0.1,0.025));
#3631=CARTESIAN_POINT('',(0.912698729810778,0.1,0.05));
#3632=CARTESIAN_POINT('',(0.912698729810778,0.1,0.05));
#3633=CARTESIAN_POINT('',(0.999967936855889,0.1,0.05));
#3634=CARTESIAN_POINT('',(0.999967936855889,0.1,0.05));
#3635=CARTESIAN_POINT('',(1.00666666666667,0.1,0.025));
#3636=CARTESIAN_POINT('',(1.00666666666667,0.1,-0.025));
#3637=CARTESIAN_POINT('',(0.999967936855889,0.1,-0.05));
#3638=CARTESIAN_POINT('',(1.00666666666667,0.1,-0.025));
#3639=CARTESIAN_POINT('',(0.999967936855889,0.1,-0.05));
#3640=CARTESIAN_POINT('',(0.912698729810778,0.1,-0.05));
#3641=CARTESIAN_POINT('',(0.912698729810778,0.1,-0.05));
#3642=CARTESIAN_POINT('',(1.00666666666667,0.1,0.025));
#3643=CARTESIAN_POINT('',(1.01336539647744,0.1,0.05));
#3644=CARTESIAN_POINT('',(1.01336539647744,0.1,0.05));
#3645=CARTESIAN_POINT('',(1.10063460352256,0.1,0.05));
#3646=CARTESIAN_POINT('',(1.10063460352256,0.1,0.05));
#3647=CARTESIAN_POINT('',(1.10733333333333,0.1,0.025));
#3648=CARTESIAN_POINT('',(1.10733333333333,0.1,-0.025));
#3649=CARTESIAN_POINT('',(1.10063460352256,0.1,-0.05));
#3650=CARTESIAN_POINT('',(1.10733333333333,0.1,-0.025));
#3651=CARTESIAN_POINT('',(1.10063460352256,0.1,-0.05));
#3652=CARTESIAN_POINT('',(1.01336539647744,0.1,-0.05));
#3653=CARTESIAN_POINT('',(1.01336539647744,0.1,-0.05));
#3654=CARTESIAN_POINT('',(1.10733333333333,0.1,0.025));
#3655=CARTESIAN_POINT('',(1.11403206314411,0.1,0.05));
#3656=CARTESIAN_POINT('',(1.11403206314411,0.1,0.05));
#3657=CARTESIAN_POINT('',(1.20130127018922,0.1,0.05));
#3658=CARTESIAN_POINT('',(1.20130127018922,0.1,0.05));
#3659=CARTESIAN_POINT('',(1.208,0.1,0.025));
#3660=CARTESIAN_POINT('',(1.208,0.1,0.025));
#3661=CARTESIAN_POINT('',(1.208,0.1,-0.025));
#3662=CARTESIAN_POINT('',(1.208,0.1,-0.025));
#3663=CARTESIAN_POINT('',(1.20130127018922,0.1,-0.05));
#3664=CARTESIAN_POINT('',(1.20130127018922,0.1,-0.05));
#3665=CARTESIAN_POINT('',(1.11403206314411,0.1,-0.05));
#3666=CARTESIAN_POINT('',(1.11403206314411,0.1,-0.05));
#3667=CARTESIAN_POINT('',(0.0539999999999999,0.07,0.));
#3668=CARTESIAN_POINT('',(0.0539999999999999,0.07,0.));
#3669=CARTESIAN_POINT('',(0.0889999999999999,0.07,0.));
#3670=CARTESIAN_POINT('',(0.0539999999999999,0.07,0.));
#3671=CARTESIAN_POINT('',(0.154,0.07,0.));
#3672=CARTESIAN_POINT('',(0.154,0.07,0.));
#3673=CARTESIAN_POINT('',(0.189,0.07,0.));
#3674=CARTESIAN_POINT('',(0.154,0.07,0.));
#3675=CARTESIAN_POINT('',(0.254,0.07,0.));
#3676=CARTESIAN_POINT('',(0.254,0.07,0.));
#3677=CARTESIAN_POINT('',(0.289,0.07,0.));
#3678=CARTESIAN_POINT('',(0.254,0.07,0.));
#3679=CARTESIAN_POINT('',(0.354,0.07,0.));
#3680=CARTESIAN_POINT('',(0.354,0.07,0.));
#3681=CARTESIAN_POINT('',(0.389,0.07,0.));
#3682=CARTESIAN_POINT('',(0.354,0.07,0.));
#3683=CARTESIAN_POINT('',(0.454,0.07,0.));
#3684=CARTESIAN_POINT('',(0.454,0.07,0.));
#3685=CARTESIAN_POINT('',(0.489,0.07,0.));
#3686=CARTESIAN_POINT('',(0.454,0.07,0.));
#3687=CARTESIAN_POINT('',(0.554,0.07,0.));
#3688=CARTESIAN_POINT('',(0.554,0.07,0.));
#3689=CARTESIAN_POINT('',(0.589,0.07,0.));
#3690=CARTESIAN_POINT('',(0.554,0.07,0.));
#3691=CARTESIAN_POINT('',(0.654,0.07,0.));
#3692=CARTESIAN_POINT('',(0.654,0.07,0.));
#3693=CARTESIAN_POINT('',(0.689,0.07,0.));
#3694=CARTESIAN_POINT('',(0.654,0.07,0.));
#3695=CARTESIAN_POINT('',(0.754,0.07,0.));
#3696=CARTESIAN_POINT('',(0.754,0.07,0.));
#3697=CARTESIAN_POINT('',(0.789,0.07,0.));
#3698=CARTESIAN_POINT('',(0.754,0.07,0.));
#3699=CARTESIAN_POINT('',(0.854,0.07,0.));
#3700=CARTESIAN_POINT('',(0.854,0.07,0.));
#3701=CARTESIAN_POINT('',(0.889,0.07,0.));
#3702=CARTESIAN_POINT('',(0.854,0.07,0.));
#3703=CARTESIAN_POINT('',(0.954,0.07,0.));
#3704=CARTESIAN_POINT('',(0.954,0.07,0.));
#3705=CARTESIAN_POINT('',(0.989,0.07,0.));
#3706=CARTESIAN_POINT('',(0.954,0.07,0.));
#3707=CARTESIAN_POINT('',(1.054,0.07,0.));
#3708=CARTESIAN_POINT('',(1.054,0.07,0.));
#3709=CARTESIAN_POINT('',(1.089,0.07,0.));
#3710=CARTESIAN_POINT('',(1.054,0.07,0.));
#3711=CARTESIAN_POINT('',(1.154,0.07,0.));
#3712=CARTESIAN_POINT('',(1.154,0.07,0.));
#3713=CARTESIAN_POINT('',(1.189,0.07,0.));
#3714=CARTESIAN_POINT('',(1.154,0.07,0.));
#3715=CARTESIAN_POINT('',(-0.604,0.,0.));
#3716=CARTESIAN_POINT('',(-3.31739921852619E-18,-0.1,0.));
#3717=CARTESIAN_POINT('',(-3.41681504422874E-18,-0.104555136271329,0.));
#3718=CARTESIAN_POINT('',(-0.009,-0.104555136271329,0.));
#3719=CARTESIAN_POINT('',(-3.31739921852619E-18,-0.1,0.));
#3720=CARTESIAN_POINT('',(0.026,-0.1,0.));
#3721=CARTESIAN_POINT('',(8.33578201020896E-36,0.052,0.));
#3722=CARTESIAN_POINT('',(0.,0.052,0.));
#3723=CARTESIAN_POINT('',(0.035,0.052,0.));
#3724=CARTESIAN_POINT('',(0.,0.052,0.));
#3725=CARTESIAN_POINT('',(0.,0.052,-0.009));
#3726=CARTESIAN_POINT('',(-3.46944695195361E-18,-0.106966679003209,0.));
#3727=CARTESIAN_POINT('',(-1.1348997326537E-18,0.,0.));
#3728=CARTESIAN_POINT('',(0.035,-7.63874820055372E-19,0.));
#3729=CARTESIAN_POINT('',(0.035,-9.82124768642622E-20,0.));
#3730=CARTESIAN_POINT('',(-1.1348997326537E-18,0.,0.));
#3731=CARTESIAN_POINT('',(0.026,-5.67449866326848E-19,0.));
#3732=CARTESIAN_POINT('',(-3.46944695195361E-18,-0.106966679003209,0.));
#3733=CARTESIAN_POINT('',(-1.52774964011074E-18,-0.018,0.));
#3734=CARTESIAN_POINT('',(0.026,-0.018,0.));
#3735=CARTESIAN_POINT('',(0.026,-0.018,0.));
#3736=CARTESIAN_POINT('',(-1.52774964011074E-18,-0.018,0.));
#3737=CARTESIAN_POINT('',(0.0305,-0.018,0.));
#3738=CARTESIAN_POINT('',(-1.52774964011074E-18,-0.018,0.));
#3739=CARTESIAN_POINT('',(-1.79758620260401E-18,-0.0303636483875458,0.));
#3740=CARTESIAN_POINT('',(0.026,-0.0303636483875458,0.));
#3741=CARTESIAN_POINT('',(-3.46944695195361E-18,-0.106966679003209,0.));
#3742=CARTESIAN_POINT('',(0.,0.218,0.));
#3743=CARTESIAN_POINT('',(0.,0.218,0.));
#3744=CARTESIAN_POINT('',(0.,0.218,-0.002));
#3745=CARTESIAN_POINT('',(0.,0.211,0.));
#3746=CARTESIAN_POINT('',(0.,0.211,0.));
#3747=CARTESIAN_POINT('',(0.,0.211,-0.009));
#3748=CARTESIAN_POINT('',(0.,0.052,0.));
#3749=CARTESIAN_POINT('',(0.,-0.259,0.));
#3750=CARTESIAN_POINT('',(0.,-0.252,0.));
#3751=CARTESIAN_POINT('',(0.,-0.252,-0.009));
#3752=CARTESIAN_POINT('',(0.,-0.252,0.));
#3753=CARTESIAN_POINT('',(0.,-0.259,0.));
#3754=CARTESIAN_POINT('',(0.,-0.259,-0.002));
#3755=CARTESIAN_POINT('',(0.002,-0.259,0.));
#3756=CARTESIAN_POINT('',(-0.55,0.108,0.));
#3757=CARTESIAN_POINT('',(-0.45,0.108,0.));
#3758=CARTESIAN_POINT('',(-0.35,0.108,0.));
#3759=CARTESIAN_POINT('',(-0.25,0.108,0.));
#3760=CARTESIAN_POINT('',(-0.15,0.108,0.));
#3761=CARTESIAN_POINT('',(-0.05,0.108,0.));
#3762=CARTESIAN_POINT('',(0.0499999999999999,0.108,0.));
#3763=CARTESIAN_POINT('',(0.15,0.108,0.));
#3764=CARTESIAN_POINT('',(0.25,0.108,0.));
#3765=CARTESIAN_POINT('',(0.35,0.108,0.));
#3766=CARTESIAN_POINT('',(0.45,0.108,0.));
#3767=CARTESIAN_POINT('',(0.55,0.108,0.));
#3768=MECHANICAL_DESIGN_GEOMETRIC_PRESENTATION_REPRESENTATION('',(#2288,
#2289),#3769);
#3769=(
GEOMETRIC_REPRESENTATION_CONTEXT(3)
GLOBAL_UNCERTAINTY_ASSIGNED_CONTEXT((#3772))
GLOBAL_UNIT_ASSIGNED_CONTEXT((#3777,#3776,#3775))
REPRESENTATION_CONTEXT('TS-112-G-AA','TOP_LEVEL_ASSEMBLY_PART')
);
#3770=(
GEOMETRIC_REPRESENTATION_CONTEXT(3)
GLOBAL_UNCERTAINTY_ASSIGNED_CONTEXT((#3773))
GLOBAL_UNIT_ASSIGNED_CONTEXT((#3777,#3776,#3775))
REPRESENTATION_CONTEXT('TS-112-G-AA_socket','COMPONENT_PART')
);
#3771=(
GEOMETRIC_REPRESENTATION_CONTEXT(3)
GLOBAL_UNCERTAINTY_ASSIGNED_CONTEXT((#3774))
GLOBAL_UNIT_ASSIGNED_CONTEXT((#3777,#3776,#3775))
REPRESENTATION_CONTEXT('-101-G-AA_pins','COMPONENT_PART')
);
#3772=UNCERTAINTY_MEASURE_WITH_UNIT(LENGTH_MEASURE(3.93700787401575E-7),
#3777,'DISTANCE_ACCURACY_VALUE','Maximum Tolerance applied to model');
#3773=UNCERTAINTY_MEASURE_WITH_UNIT(LENGTH_MEASURE(3.93700787401575E-7),
#3777,'DISTANCE_ACCURACY_VALUE','Maximum Tolerance applied to model');
#3774=UNCERTAINTY_MEASURE_WITH_UNIT(LENGTH_MEASURE(3.93700787401575E-7),
#3777,'DISTANCE_ACCURACY_VALUE','Maximum Tolerance applied to model');
#3775=(
NAMED_UNIT(*)
SI_UNIT($,.STERADIAN.)
SOLID_ANGLE_UNIT()
);
#3776=(
NAMED_UNIT(*)
PLANE_ANGLE_UNIT()
SI_UNIT($,.RADIAN.)
);
#3777=(
CONVERSION_BASED_UNIT('INCH',#3779)
LENGTH_UNIT()
NAMED_UNIT(#3778)
);
#3778=DIMENSIONAL_EXPONENTS(1.,0.,0.,0.,0.,0.,0.);
#3779=LENGTH_MEASURE_WITH_UNIT(LENGTH_MEASURE(25.4),#3780);
#3780=(
LENGTH_UNIT()
NAMED_UNIT(*)
SI_UNIT(.MILLI.,.METRE.)
);
#3781=PRODUCT_DEFINITION_SHAPE('','',#3797);
#3782=PRODUCT_DEFINITION_SHAPE('','',#3798);
#3783=PRODUCT_DEFINITION_SHAPE(' ','NAUO PRDDFN',#36);
#3784=PRODUCT_DEFINITION_SHAPE('','',#3799);
#3785=PRODUCT_DEFINITION_SHAPE(' ','NAUO PRDDFN',#37);
#3786=PRODUCT_DEFINITION_SHAPE(' ','NAUO PRDDFN',#38);
#3787=PRODUCT_DEFINITION_SHAPE(' ','NAUO PRDDFN',#39);
#3788=PRODUCT_DEFINITION_SHAPE(' ','NAUO PRDDFN',#40);
#3789=PRODUCT_DEFINITION_SHAPE(' ','NAUO PRDDFN',#41);
#3790=PRODUCT_DEFINITION_SHAPE(' ','NAUO PRDDFN',#42);
#3791=PRODUCT_DEFINITION_SHAPE(' ','NAUO PRDDFN',#43);
#3792=PRODUCT_DEFINITION_SHAPE(' ','NAUO PRDDFN',#44);
#3793=PRODUCT_DEFINITION_SHAPE(' ','NAUO PRDDFN',#45);
#3794=PRODUCT_DEFINITION_SHAPE(' ','NAUO PRDDFN',#46);
#3795=PRODUCT_DEFINITION_SHAPE(' ','NAUO PRDDFN',#47);
#3796=PRODUCT_DEFINITION_SHAPE(' ','NAUO PRDDFN',#48);
#3797=PRODUCT_DEFINITION('','',#3803,#3800);
#3798=PRODUCT_DEFINITION('','',#3804,#3801);
#3799=PRODUCT_DEFINITION('','',#3805,#3802);
#3800=PRODUCT_DEFINITION_CONTEXT('',#3819,'design');
#3801=PRODUCT_DEFINITION_CONTEXT('',#3819,'design');
#3802=PRODUCT_DEFINITION_CONTEXT('',#3819,'design');
#3803=PRODUCT_DEFINITION_FORMATION_WITH_SPECIFIED_SOURCE('','',#3809,
 .NOT_KNOWN.);
#3804=PRODUCT_DEFINITION_FORMATION_WITH_SPECIFIED_SOURCE('','',#3810,
 .NOT_KNOWN.);
#3805=PRODUCT_DEFINITION_FORMATION_WITH_SPECIFIED_SOURCE('','',#3811,
 .NOT_KNOWN.);
#3806=PRODUCT_RELATED_PRODUCT_CATEGORY('','',(#3809));
#3807=PRODUCT_RELATED_PRODUCT_CATEGORY('','',(#3810));
#3808=PRODUCT_RELATED_PRODUCT_CATEGORY('','',(#3811));
#3809=PRODUCT('TS-112-G-AA','TS-112-G-AA','TS-112-G-AA',(#3815));
#3810=PRODUCT('TS-112-G-AA_socket','TS-112-G-AA_socket',
'TS-112-G-AA_socket',(#3816));
#3811=PRODUCT('-101-G-AA_pins','-101-G-AA_pins','-101-G-AA_pins',(#3817));
#3812=PRODUCT_CATEGORY('','');
#3813=PRODUCT_CATEGORY('','');
#3814=PRODUCT_CATEGORY('','');
#3815=PRODUCT_CONTEXT('',#3819,'mechanical');
#3816=PRODUCT_CONTEXT('',#3819,'mechanical');
#3817=PRODUCT_CONTEXT('',#3819,'mechanical');
#3818=APPLICATION_PROTOCOL_DEFINITION('international standard',
'automotive_design',2010,#3819);
#3819=APPLICATION_CONTEXT(
'core data for automotive mechanical design processes');
ENDSEC;
END-ISO-10303-21;
