ISO-10303-21;
HEADER;
/* Generated by software containing ST-Developer
 * from STEP Tools, Inc. (www.steptools.com) 
 */
/* OPTION: using custom renumber hook */

FILE_DESCRIPTION(
/* description */ ('STEP AP214'),
/* implementation_level */ '2;1');

FILE_NAME(
/* name */ 'TS-116-G-A',
/* time_stamp */ '2026-02-06T21:00:15+01:00',
/* author */ ('License CC BY-ND 4.0'),
/* organization */ ('CADENAS'),
/* preprocessor_version */ 'ST-DEVELOPER v20',
/* originating_system */ 'PARTsolutions',
/* authorisation */ '  ');

FILE_SCHEMA (('AUTOMOTIVE_DESIGN {1 0 10303 214 3 1 1}'));
ENDSEC;

DATA;
#10=PROPERTY_DEFINITION_REPRESENTATION(#14,#12);
#11=PROPERTY_DEFINITION_REPRESENTATION(#15,#13);
#12=REPRESENTATION('',(#16),#4889);
#13=REPRESENTATION('',(#17),#4889);
#14=PROPERTY_DEFINITION('pmi validation property','',#4901);
#15=PROPERTY_DEFINITION('pmi validation property','',#4901);
#16=VALUE_REPRESENTATION_ITEM('number of annotations',COUNT_MEASURE(0.));
#17=VALUE_REPRESENTATION_ITEM('number of views',COUNT_MEASURE(0.));
#18=DEGENERATE_TOROIDAL_SURFACE('',#3232,0.00199999999999995,0.0105000000000001,
 .T.);
#19=DEGENERATE_TOROIDAL_SURFACE('',#3237,0.00200000000000004,0.00699999999999996,
 .T.);
#20=CONICAL_SURFACE('',#3213,0.026,1.30899693899575);
#21=CONICAL_SURFACE('',#3227,0.0305,0.349065850398866);
#22=DRAUGHTING_PRE_DEFINED_COLOUR('yellow');
#23=CONTEXT_DEPENDENT_SHAPE_REPRESENTATION(#57,#4903);
#24=CONTEXT_DEPENDENT_SHAPE_REPRESENTATION(#58,#4905);
#25=CONTEXT_DEPENDENT_SHAPE_REPRESENTATION(#59,#4906);
#26=CONTEXT_DEPENDENT_SHAPE_REPRESENTATION(#60,#4907);
#27=CONTEXT_DEPENDENT_SHAPE_REPRESENTATION(#61,#4908);
#28=CONTEXT_DEPENDENT_SHAPE_REPRESENTATION(#62,#4909);
#29=CONTEXT_DEPENDENT_SHAPE_REPRESENTATION(#63,#4910);
#30=CONTEXT_DEPENDENT_SHAPE_REPRESENTATION(#64,#4911);
#31=CONTEXT_DEPENDENT_SHAPE_REPRESENTATION(#65,#4912);
#32=CONTEXT_DEPENDENT_SHAPE_REPRESENTATION(#66,#4913);
#33=CONTEXT_DEPENDENT_SHAPE_REPRESENTATION(#67,#4914);
#34=CONTEXT_DEPENDENT_SHAPE_REPRESENTATION(#68,#4915);
#35=CONTEXT_DEPENDENT_SHAPE_REPRESENTATION(#69,#4916);
#36=CONTEXT_DEPENDENT_SHAPE_REPRESENTATION(#70,#4917);
#37=CONTEXT_DEPENDENT_SHAPE_REPRESENTATION(#71,#4918);
#38=CONTEXT_DEPENDENT_SHAPE_REPRESENTATION(#72,#4919);
#39=CONTEXT_DEPENDENT_SHAPE_REPRESENTATION(#73,#4920);
#40=NEXT_ASSEMBLY_USAGE_OCCURRENCE('NAUO1','TS-116-G-A_socket',
'TS-116-G-A_socket',#4921,#4922,'');
#41=NEXT_ASSEMBLY_USAGE_OCCURRENCE('NAUO2','-101-G-A_pins',
'-101-G-A_pins',#4921,#4923,'');
#42=NEXT_ASSEMBLY_USAGE_OCCURRENCE('NAUO3','-101-G-A_pins',
'-101-G-A_pins',#4921,#4923,'');
#43=NEXT_ASSEMBLY_USAGE_OCCURRENCE('NAUO4','-101-G-A_pins',
'-101-G-A_pins',#4921,#4923,'');
#44=NEXT_ASSEMBLY_USAGE_OCCURRENCE('NAUO5','-101-G-A_pins',
'-101-G-A_pins',#4921,#4923,'');
#45=NEXT_ASSEMBLY_USAGE_OCCURRENCE('NAUO6','-101-G-A_pins',
'-101-G-A_pins',#4921,#4923,'');
#46=NEXT_ASSEMBLY_USAGE_OCCURRENCE('NAUO7','-101-G-A_pins',
'-101-G-A_pins',#4921,#4923,'');
#47=NEXT_ASSEMBLY_USAGE_OCCURRENCE('NAUO8','-101-G-A_pins',
'-101-G-A_pins',#4921,#4923,'');
#48=NEXT_ASSEMBLY_USAGE_OCCURRENCE('NAUO9','-101-G-A_pins',
'-101-G-A_pins',#4921,#4923,'');
#49=NEXT_ASSEMBLY_USAGE_OCCURRENCE('NAUO10','-101-G-A_pins',
'-101-G-A_pins',#4921,#4923,'');
#50=NEXT_ASSEMBLY_USAGE_OCCURRENCE('NAUO11','-101-G-A_pins',
'-101-G-A_pins',#4921,#4923,'');
#51=NEXT_ASSEMBLY_USAGE_OCCURRENCE('NAUO12','-101-G-A_pins',
'-101-G-A_pins',#4921,#4923,'');
#52=NEXT_ASSEMBLY_USAGE_OCCURRENCE('NAUO13','-101-G-A_pins',
'-101-G-A_pins',#4921,#4923,'');
#53=NEXT_ASSEMBLY_USAGE_OCCURRENCE('NAUO14','-101-G-A_pins',
'-101-G-A_pins',#4921,#4923,'');
#54=NEXT_ASSEMBLY_USAGE_OCCURRENCE('NAUO15','-101-G-A_pins',
'-101-G-A_pins',#4921,#4923,'');
#55=NEXT_ASSEMBLY_USAGE_OCCURRENCE('NAUO16','-101-G-A_pins',
'-101-G-A_pins',#4921,#4923,'');
#56=NEXT_ASSEMBLY_USAGE_OCCURRENCE('NAUO17','-101-G-A_pins',
'-101-G-A_pins',#4921,#4923,'');
#57=(
REPRESENTATION_RELATIONSHIP(' ',' ',#2997,#2996)
REPRESENTATION_RELATIONSHIP_WITH_TRANSFORMATION(#74)
SHAPE_REPRESENTATION_RELATIONSHIP()
);
#58=(
REPRESENTATION_RELATIONSHIP(' ',' ',#2998,#2996)
REPRESENTATION_RELATIONSHIP_WITH_TRANSFORMATION(#75)
SHAPE_REPRESENTATION_RELATIONSHIP()
);
#59=(
REPRESENTATION_RELATIONSHIP(' ',' ',#2998,#2996)
REPRESENTATION_RELATIONSHIP_WITH_TRANSFORMATION(#76)
SHAPE_REPRESENTATION_RELATIONSHIP()
);
#60=(
REPRESENTATION_RELATIONSHIP(' ',' ',#2998,#2996)
REPRESENTATION_RELATIONSHIP_WITH_TRANSFORMATION(#77)
SHAPE_REPRESENTATION_RELATIONSHIP()
);
#61=(
REPRESENTATION_RELATIONSHIP(' ',' ',#2998,#2996)
REPRESENTATION_RELATIONSHIP_WITH_TRANSFORMATION(#78)
SHAPE_REPRESENTATION_RELATIONSHIP()
);
#62=(
REPRESENTATION_RELATIONSHIP(' ',' ',#2998,#2996)
REPRESENTATION_RELATIONSHIP_WITH_TRANSFORMATION(#79)
SHAPE_REPRESENTATION_RELATIONSHIP()
);
#63=(
REPRESENTATION_RELATIONSHIP(' ',' ',#2998,#2996)
REPRESENTATION_RELATIONSHIP_WITH_TRANSFORMATION(#80)
SHAPE_REPRESENTATION_RELATIONSHIP()
);
#64=(
REPRESENTATION_RELATIONSHIP(' ',' ',#2998,#2996)
REPRESENTATION_RELATIONSHIP_WITH_TRANSFORMATION(#81)
SHAPE_REPRESENTATION_RELATIONSHIP()
);
#65=(
REPRESENTATION_RELATIONSHIP(' ',' ',#2998,#2996)
REPRESENTATION_RELATIONSHIP_WITH_TRANSFORMATION(#82)
SHAPE_REPRESENTATION_RELATIONSHIP()
);
#66=(
REPRESENTATION_RELATIONSHIP(' ',' ',#2998,#2996)
REPRESENTATION_RELATIONSHIP_WITH_TRANSFORMATION(#83)
SHAPE_REPRESENTATION_RELATIONSHIP()
);
#67=(
REPRESENTATION_RELATIONSHIP(' ',' ',#2998,#2996)
REPRESENTATION_RELATIONSHIP_WITH_TRANSFORMATION(#84)
SHAPE_REPRESENTATION_RELATIONSHIP()
);
#68=(
REPRESENTATION_RELATIONSHIP(' ',' ',#2998,#2996)
REPRESENTATION_RELATIONSHIP_WITH_TRANSFORMATION(#85)
SHAPE_REPRESENTATION_RELATIONSHIP()
);
#69=(
REPRESENTATION_RELATIONSHIP(' ',' ',#2998,#2996)
REPRESENTATION_RELATIONSHIP_WITH_TRANSFORMATION(#86)
SHAPE_REPRESENTATION_RELATIONSHIP()
);
#70=(
REPRESENTATION_RELATIONSHIP(' ',' ',#2998,#2996)
REPRESENTATION_RELATIONSHIP_WITH_TRANSFORMATION(#87)
SHAPE_REPRESENTATION_RELATIONSHIP()
);
#71=(
REPRESENTATION_RELATIONSHIP(' ',' ',#2998,#2996)
REPRESENTATION_RELATIONSHIP_WITH_TRANSFORMATION(#88)
SHAPE_REPRESENTATION_RELATIONSHIP()
);
#72=(
REPRESENTATION_RELATIONSHIP(' ',' ',#2998,#2996)
REPRESENTATION_RELATIONSHIP_WITH_TRANSFORMATION(#89)
SHAPE_REPRESENTATION_RELATIONSHIP()
);
#73=(
REPRESENTATION_RELATIONSHIP(' ',' ',#2998,#2996)
REPRESENTATION_RELATIONSHIP_WITH_TRANSFORMATION(#90)
SHAPE_REPRESENTATION_RELATIONSHIP()
);
#74=ITEM_DEFINED_TRANSFORMATION(' ',' ',#2999,#3212);
#75=ITEM_DEFINED_TRANSFORMATION(' ',' ',#2999,#3240);
#76=ITEM_DEFINED_TRANSFORMATION(' ',' ',#2999,#3241);
#77=ITEM_DEFINED_TRANSFORMATION(' ',' ',#2999,#3242);
#78=ITEM_DEFINED_TRANSFORMATION(' ',' ',#2999,#3243);
#79=ITEM_DEFINED_TRANSFORMATION(' ',' ',#2999,#3244);
#80=ITEM_DEFINED_TRANSFORMATION(' ',' ',#2999,#3245);
#81=ITEM_DEFINED_TRANSFORMATION(' ',' ',#2999,#3246);
#82=ITEM_DEFINED_TRANSFORMATION(' ',' ',#2999,#3247);
#83=ITEM_DEFINED_TRANSFORMATION(' ',' ',#2999,#3248);
#84=ITEM_DEFINED_TRANSFORMATION(' ',' ',#2999,#3249);
#85=ITEM_DEFINED_TRANSFORMATION(' ',' ',#2999,#3250);
#86=ITEM_DEFINED_TRANSFORMATION(' ',' ',#2999,#3251);
#87=ITEM_DEFINED_TRANSFORMATION(' ',' ',#2999,#3252);
#88=ITEM_DEFINED_TRANSFORMATION(' ',' ',#2999,#3253);
#89=ITEM_DEFINED_TRANSFORMATION(' ',' ',#2999,#3254);
#90=ITEM_DEFINED_TRANSFORMATION(' ',' ',#2999,#3255);
#91=SHAPE_REPRESENTATION_RELATIONSHIP('','',#2997,#93);
#92=SHAPE_REPRESENTATION_RELATIONSHIP('','',#2998,#94);
#93=ADVANCED_BREP_SHAPE_REPRESENTATION('',(#2991),#4890);
#94=ADVANCED_BREP_SHAPE_REPRESENTATION('',(#2992),#4891);
#95=LINE('',#4178,#389);
#96=LINE('',#4181,#390);
#97=LINE('',#4183,#391);
#98=LINE('',#4185,#392);
#99=LINE('',#4187,#393);
#100=LINE('',#4189,#394);
#101=LINE('',#4191,#395);
#102=LINE('',#4193,#396);
#103=LINE('',#4195,#397);
#104=LINE('',#4197,#398);
#105=LINE('',#4199,#399);
#106=LINE('',#4201,#400);
#107=LINE('',#4203,#401);
#108=LINE('',#4205,#402);
#109=LINE('',#4207,#403);
#110=LINE('',#4209,#404);
#111=LINE('',#4211,#405);
#112=LINE('',#4213,#406);
#113=LINE('',#4215,#407);
#114=LINE('',#4217,#408);
#115=LINE('',#4219,#409);
#116=LINE('',#4221,#410);
#117=LINE('',#4223,#411);
#118=LINE('',#4225,#412);
#119=LINE('',#4227,#413);
#120=LINE('',#4229,#414);
#121=LINE('',#4231,#415);
#122=LINE('',#4233,#416);
#123=LINE('',#4235,#417);
#124=LINE('',#4237,#418);
#125=LINE('',#4239,#419);
#126=LINE('',#4241,#420);
#127=LINE('',#4243,#421);
#128=LINE('',#4245,#422);
#129=LINE('',#4247,#423);
#130=LINE('',#4249,#424);
#131=LINE('',#4251,#425);
#132=LINE('',#4253,#426);
#133=LINE('',#4255,#427);
#134=LINE('',#4257,#428);
#135=LINE('',#4259,#429);
#136=LINE('',#4261,#430);
#137=LINE('',#4263,#431);
#138=LINE('',#4265,#432);
#139=LINE('',#4267,#433);
#140=LINE('',#4269,#434);
#141=LINE('',#4271,#435);
#142=LINE('',#4273,#436);
#143=LINE('',#4275,#437);
#144=LINE('',#4277,#438);
#145=LINE('',#4279,#439);
#146=LINE('',#4281,#440);
#147=LINE('',#4283,#441);
#148=LINE('',#4285,#442);
#149=LINE('',#4287,#443);
#150=LINE('',#4289,#444);
#151=LINE('',#4291,#445);
#152=LINE('',#4293,#446);
#153=LINE('',#4295,#447);
#154=LINE('',#4297,#448);
#155=LINE('',#4299,#449);
#156=LINE('',#4301,#450);
#157=LINE('',#4303,#451);
#158=LINE('',#4305,#452);
#159=LINE('',#4307,#453);
#160=LINE('',#4309,#454);
#161=LINE('',#4311,#455);
#162=LINE('',#4313,#456);
#163=LINE('',#4315,#457);
#164=LINE('',#4317,#458);
#165=LINE('',#4319,#459);
#166=LINE('',#4321,#460);
#167=LINE('',#4323,#461);
#168=LINE('',#4325,#462);
#169=LINE('',#4327,#463);
#170=LINE('',#4329,#464);
#171=LINE('',#4331,#465);
#172=LINE('',#4333,#466);
#173=LINE('',#4335,#467);
#174=LINE('',#4337,#468);
#175=LINE('',#4339,#469);
#176=LINE('',#4341,#470);
#177=LINE('',#4343,#471);
#178=LINE('',#4345,#472);
#179=LINE('',#4347,#473);
#180=LINE('',#4349,#474);
#181=LINE('',#4351,#475);
#182=LINE('',#4353,#476);
#183=LINE('',#4355,#477);
#184=LINE('',#4357,#478);
#185=LINE('',#4359,#479);
#186=LINE('',#4361,#480);
#187=LINE('',#4363,#481);
#188=LINE('',#4365,#482);
#189=LINE('',#4367,#483);
#190=LINE('',#4369,#484);
#191=LINE('',#4371,#485);
#192=LINE('',#4373,#486);
#193=LINE('',#4375,#487);
#194=LINE('',#4378,#488);
#195=LINE('',#4380,#489);
#196=LINE('',#4382,#490);
#197=LINE('',#4384,#491);
#198=LINE('',#4386,#492);
#199=LINE('',#4388,#493);
#200=LINE('',#4390,#494);
#201=LINE('',#4392,#495);
#202=LINE('',#4394,#496);
#203=LINE('',#4396,#497);
#204=LINE('',#4398,#498);
#205=LINE('',#4400,#499);
#206=LINE('',#4402,#500);
#207=LINE('',#4404,#501);
#208=LINE('',#4406,#502);
#209=LINE('',#4408,#503);
#210=LINE('',#4410,#504);
#211=LINE('',#4412,#505);
#212=LINE('',#4414,#506);
#213=LINE('',#4416,#507);
#214=LINE('',#4418,#508);
#215=LINE('',#4420,#509);
#216=LINE('',#4422,#510);
#217=LINE('',#4424,#511);
#218=LINE('',#4426,#512);
#219=LINE('',#4428,#513);
#220=LINE('',#4430,#514);
#221=LINE('',#4432,#515);
#222=LINE('',#4434,#516);
#223=LINE('',#4436,#517);
#224=LINE('',#4438,#518);
#225=LINE('',#4440,#519);
#226=LINE('',#4442,#520);
#227=LINE('',#4444,#521);
#228=LINE('',#4446,#522);
#229=LINE('',#4448,#523);
#230=LINE('',#4450,#524);
#231=LINE('',#4452,#525);
#232=LINE('',#4454,#526);
#233=LINE('',#4456,#527);
#234=LINE('',#4458,#528);
#235=LINE('',#4460,#529);
#236=LINE('',#4462,#530);
#237=LINE('',#4464,#531);
#238=LINE('',#4466,#532);
#239=LINE('',#4468,#533);
#240=LINE('',#4470,#534);
#241=LINE('',#4472,#535);
#242=LINE('',#4474,#536);
#243=LINE('',#4476,#537);
#244=LINE('',#4478,#538);
#245=LINE('',#4480,#539);
#246=LINE('',#4482,#540);
#247=LINE('',#4484,#541);
#248=LINE('',#4486,#542);
#249=LINE('',#4488,#543);
#250=LINE('',#4490,#544);
#251=LINE('',#4492,#545);
#252=LINE('',#4494,#546);
#253=LINE('',#4496,#547);
#254=LINE('',#4498,#548);
#255=LINE('',#4500,#549);
#256=LINE('',#4502,#550);
#257=LINE('',#4504,#551);
#258=LINE('',#4506,#552);
#259=LINE('',#4508,#553);
#260=LINE('',#4510,#554);
#261=LINE('',#4512,#555);
#262=LINE('',#4514,#556);
#263=LINE('',#4516,#557);
#264=LINE('',#4518,#558);
#265=LINE('',#4520,#559);
#266=LINE('',#4522,#560);
#267=LINE('',#4524,#561);
#268=LINE('',#4526,#562);
#269=LINE('',#4528,#563);
#270=LINE('',#4530,#564);
#271=LINE('',#4532,#565);
#272=LINE('',#4534,#566);
#273=LINE('',#4536,#567);
#274=LINE('',#4538,#568);
#275=LINE('',#4540,#569);
#276=LINE('',#4542,#570);
#277=LINE('',#4544,#571);
#278=LINE('',#4546,#572);
#279=LINE('',#4548,#573);
#280=LINE('',#4550,#574);
#281=LINE('',#4552,#575);
#282=LINE('',#4554,#576);
#283=LINE('',#4556,#577);
#284=LINE('',#4558,#578);
#285=LINE('',#4560,#579);
#286=LINE('',#4562,#580);
#287=LINE('',#4564,#581);
#288=LINE('',#4566,#582);
#289=LINE('',#4568,#583);
#290=LINE('',#4570,#584);
#291=LINE('',#4572,#585);
#292=LINE('',#4573,#586);
#293=LINE('',#4575,#587);
#294=LINE('',#4577,#588);
#295=LINE('',#4579,#589);
#296=LINE('',#4581,#590);
#297=LINE('',#4582,#591);
#298=LINE('',#4584,#592);
#299=LINE('',#4587,#593);
#300=LINE('',#4589,#594);
#301=LINE('',#4591,#595);
#302=LINE('',#4593,#596);
#303=LINE('',#4594,#597);
#304=LINE('',#4596,#598);
#305=LINE('',#4599,#599);
#306=LINE('',#4601,#600);
#307=LINE('',#4603,#601);
#308=LINE('',#4605,#602);
#309=LINE('',#4606,#603);
#310=LINE('',#4608,#604);
#311=LINE('',#4611,#605);
#312=LINE('',#4613,#606);
#313=LINE('',#4615,#607);
#314=LINE('',#4617,#608);
#315=LINE('',#4618,#609);
#316=LINE('',#4620,#610);
#317=LINE('',#4623,#611);
#318=LINE('',#4625,#612);
#319=LINE('',#4627,#613);
#320=LINE('',#4629,#614);
#321=LINE('',#4630,#615);
#322=LINE('',#4632,#616);
#323=LINE('',#4635,#617);
#324=LINE('',#4637,#618);
#325=LINE('',#4639,#619);
#326=LINE('',#4641,#620);
#327=LINE('',#4642,#621);
#328=LINE('',#4644,#622);
#329=LINE('',#4647,#623);
#330=LINE('',#4649,#624);
#331=LINE('',#4651,#625);
#332=LINE('',#4653,#626);
#333=LINE('',#4654,#627);
#334=LINE('',#4656,#628);
#335=LINE('',#4659,#629);
#336=LINE('',#4661,#630);
#337=LINE('',#4663,#631);
#338=LINE('',#4665,#632);
#339=LINE('',#4666,#633);
#340=LINE('',#4668,#634);
#341=LINE('',#4671,#635);
#342=LINE('',#4673,#636);
#343=LINE('',#4675,#637);
#344=LINE('',#4677,#638);
#345=LINE('',#4678,#639);
#346=LINE('',#4680,#640);
#347=LINE('',#4683,#641);
#348=LINE('',#4685,#642);
#349=LINE('',#4687,#643);
#350=LINE('',#4689,#644);
#351=LINE('',#4690,#645);
#352=LINE('',#4692,#646);
#353=LINE('',#4695,#647);
#354=LINE('',#4697,#648);
#355=LINE('',#4699,#649);
#356=LINE('',#4701,#650);
#357=LINE('',#4702,#651);
#358=LINE('',#4704,#652);
#359=LINE('',#4707,#653);
#360=LINE('',#4709,#654);
#361=LINE('',#4711,#655);
#362=LINE('',#4713,#656);
#363=LINE('',#4714,#657);
#364=LINE('',#4716,#658);
#365=LINE('',#4719,#659);
#366=LINE('',#4721,#660);
#367=LINE('',#4723,#661);
#368=LINE('',#4725,#662);
#369=LINE('',#4726,#663);
#370=LINE('',#4728,#664);
#371=LINE('',#4731,#665);
#372=LINE('',#4733,#666);
#373=LINE('',#4735,#667);
#374=LINE('',#4737,#668);
#375=LINE('',#4738,#669);
#376=LINE('',#4740,#670);
#377=LINE('',#4743,#671);
#378=LINE('',#4745,#672);
#379=LINE('',#4747,#673);
#380=LINE('',#4749,#674);
#381=LINE('',#4750,#675);
#382=LINE('',#4752,#676);
#383=LINE('',#4755,#677);
#384=LINE('',#4757,#678);
#385=LINE('',#4759,#679);
#386=LINE('',#4761,#680);
#387=LINE('',#4763,#681);
#388=LINE('',#4765,#682);
#389=VECTOR('',#3388,39.3700787401575);
#390=VECTOR('',#3389,39.3700787401575);
#391=VECTOR('',#3390,39.3700787401575);
#392=VECTOR('',#3391,39.3700787401575);
#393=VECTOR('',#3392,39.3700787401575);
#394=VECTOR('',#3393,39.3700787401575);
#395=VECTOR('',#3394,39.3700787401575);
#396=VECTOR('',#3395,39.3700787401575);
#397=VECTOR('',#3396,39.3700787401575);
#398=VECTOR('',#3397,39.3700787401575);
#399=VECTOR('',#3398,39.3700787401575);
#400=VECTOR('',#3399,39.3700787401575);
#401=VECTOR('',#3400,39.3700787401575);
#402=VECTOR('',#3401,39.3700787401575);
#403=VECTOR('',#3402,39.3700787401575);
#404=VECTOR('',#3403,39.3700787401575);
#405=VECTOR('',#3404,39.3700787401575);
#406=VECTOR('',#3405,39.3700787401575);
#407=VECTOR('',#3406,39.3700787401575);
#408=VECTOR('',#3407,39.3700787401575);
#409=VECTOR('',#3408,39.3700787401575);
#410=VECTOR('',#3409,39.3700787401575);
#411=VECTOR('',#3410,39.3700787401575);
#412=VECTOR('',#3411,39.3700787401575);
#413=VECTOR('',#3412,39.3700787401575);
#414=VECTOR('',#3413,39.3700787401575);
#415=VECTOR('',#3414,39.3700787401575);
#416=VECTOR('',#3415,39.3700787401575);
#417=VECTOR('',#3416,39.3700787401575);
#418=VECTOR('',#3417,39.3700787401575);
#419=VECTOR('',#3418,39.3700787401575);
#420=VECTOR('',#3419,39.3700787401575);
#421=VECTOR('',#3420,39.3700787401575);
#422=VECTOR('',#3421,39.3700787401575);
#423=VECTOR('',#3422,39.3700787401575);
#424=VECTOR('',#3423,39.3700787401575);
#425=VECTOR('',#3424,39.3700787401575);
#426=VECTOR('',#3425,39.3700787401575);
#427=VECTOR('',#3426,39.3700787401575);
#428=VECTOR('',#3427,39.3700787401575);
#429=VECTOR('',#3428,39.3700787401575);
#430=VECTOR('',#3429,39.3700787401575);
#431=VECTOR('',#3430,39.3700787401575);
#432=VECTOR('',#3431,39.3700787401575);
#433=VECTOR('',#3432,39.3700787401575);
#434=VECTOR('',#3433,39.3700787401575);
#435=VECTOR('',#3434,39.3700787401575);
#436=VECTOR('',#3435,39.3700787401575);
#437=VECTOR('',#3436,39.3700787401575);
#438=VECTOR('',#3437,39.3700787401575);
#439=VECTOR('',#3438,39.3700787401575);
#440=VECTOR('',#3439,39.3700787401575);
#441=VECTOR('',#3440,39.3700787401575);
#442=VECTOR('',#3441,39.3700787401575);
#443=VECTOR('',#3442,39.3700787401575);
#444=VECTOR('',#3443,39.3700787401575);
#445=VECTOR('',#3444,39.3700787401575);
#446=VECTOR('',#3445,39.3700787401575);
#447=VECTOR('',#3446,39.3700787401575);
#448=VECTOR('',#3447,39.3700787401575);
#449=VECTOR('',#3448,39.3700787401575);
#450=VECTOR('',#3449,39.3700787401575);
#451=VECTOR('',#3450,39.3700787401575);
#452=VECTOR('',#3451,39.3700787401575);
#453=VECTOR('',#3452,39.3700787401575);
#454=VECTOR('',#3453,39.3700787401575);
#455=VECTOR('',#3454,39.3700787401575);
#456=VECTOR('',#3455,39.3700787401575);
#457=VECTOR('',#3456,39.3700787401575);
#458=VECTOR('',#3457,39.3700787401575);
#459=VECTOR('',#3458,39.3700787401575);
#460=VECTOR('',#3459,39.3700787401575);
#461=VECTOR('',#3460,39.3700787401575);
#462=VECTOR('',#3461,39.3700787401575);
#463=VECTOR('',#3462,39.3700787401575);
#464=VECTOR('',#3463,39.3700787401575);
#465=VECTOR('',#3464,39.3700787401575);
#466=VECTOR('',#3465,39.3700787401575);
#467=VECTOR('',#3466,39.3700787401575);
#468=VECTOR('',#3467,39.3700787401575);
#469=VECTOR('',#3468,39.3700787401575);
#470=VECTOR('',#3469,39.3700787401575);
#471=VECTOR('',#3470,39.3700787401575);
#472=VECTOR('',#3471,39.3700787401575);
#473=VECTOR('',#3472,39.3700787401575);
#474=VECTOR('',#3473,39.3700787401575);
#475=VECTOR('',#3474,39.3700787401575);
#476=VECTOR('',#3475,39.3700787401575);
#477=VECTOR('',#3476,39.3700787401575);
#478=VECTOR('',#3477,39.3700787401575);
#479=VECTOR('',#3478,39.3700787401575);
#480=VECTOR('',#3479,39.3700787401575);
#481=VECTOR('',#3480,39.3700787401575);
#482=VECTOR('',#3481,39.3700787401575);
#483=VECTOR('',#3482,39.3700787401575);
#484=VECTOR('',#3483,39.3700787401575);
#485=VECTOR('',#3484,39.3700787401575);
#486=VECTOR('',#3485,39.3700787401575);
#487=VECTOR('',#3488,39.3700787401575);
#488=VECTOR('',#3489,39.3700787401575);
#489=VECTOR('',#3490,39.3700787401575);
#490=VECTOR('',#3491,39.3700787401575);
#491=VECTOR('',#3492,39.3700787401575);
#492=VECTOR('',#3493,39.3700787401575);
#493=VECTOR('',#3494,39.3700787401575);
#494=VECTOR('',#3495,39.3700787401575);
#495=VECTOR('',#3496,39.3700787401575);
#496=VECTOR('',#3497,39.3700787401575);
#497=VECTOR('',#3498,39.3700787401575);
#498=VECTOR('',#3499,39.3700787401575);
#499=VECTOR('',#3500,39.3700787401575);
#500=VECTOR('',#3501,39.3700787401575);
#501=VECTOR('',#3502,39.3700787401575);
#502=VECTOR('',#3503,39.3700787401575);
#503=VECTOR('',#3504,39.3700787401575);
#504=VECTOR('',#3505,39.3700787401575);
#505=VECTOR('',#3506,39.3700787401575);
#506=VECTOR('',#3507,39.3700787401575);
#507=VECTOR('',#3508,39.3700787401575);
#508=VECTOR('',#3509,39.3700787401575);
#509=VECTOR('',#3510,39.3700787401575);
#510=VECTOR('',#3511,39.3700787401575);
#511=VECTOR('',#3512,39.3700787401575);
#512=VECTOR('',#3513,39.3700787401575);
#513=VECTOR('',#3514,39.3700787401575);
#514=VECTOR('',#3515,39.3700787401575);
#515=VECTOR('',#3516,39.3700787401575);
#516=VECTOR('',#3517,39.3700787401575);
#517=VECTOR('',#3518,39.3700787401575);
#518=VECTOR('',#3519,39.3700787401575);
#519=VECTOR('',#3520,39.3700787401575);
#520=VECTOR('',#3521,39.3700787401575);
#521=VECTOR('',#3522,39.3700787401575);
#522=VECTOR('',#3523,39.3700787401575);
#523=VECTOR('',#3524,39.3700787401575);
#524=VECTOR('',#3525,39.3700787401575);
#525=VECTOR('',#3526,39.3700787401575);
#526=VECTOR('',#3527,39.3700787401575);
#527=VECTOR('',#3528,39.3700787401575);
#528=VECTOR('',#3529,39.3700787401575);
#529=VECTOR('',#3530,39.3700787401575);
#530=VECTOR('',#3531,39.3700787401575);
#531=VECTOR('',#3532,39.3700787401575);
#532=VECTOR('',#3533,39.3700787401575);
#533=VECTOR('',#3534,39.3700787401575);
#534=VECTOR('',#3535,39.3700787401575);
#535=VECTOR('',#3536,39.3700787401575);
#536=VECTOR('',#3537,39.3700787401575);
#537=VECTOR('',#3538,39.3700787401575);
#538=VECTOR('',#3539,39.3700787401575);
#539=VECTOR('',#3540,39.3700787401575);
#540=VECTOR('',#3541,39.3700787401575);
#541=VECTOR('',#3542,39.3700787401575);
#542=VECTOR('',#3543,39.3700787401575);
#543=VECTOR('',#3544,39.3700787401575);
#544=VECTOR('',#3545,39.3700787401575);
#545=VECTOR('',#3546,39.3700787401575);
#546=VECTOR('',#3547,39.3700787401575);
#547=VECTOR('',#3548,39.3700787401575);
#548=VECTOR('',#3549,39.3700787401575);
#549=VECTOR('',#3550,39.3700787401575);
#550=VECTOR('',#3551,39.3700787401575);
#551=VECTOR('',#3552,39.3700787401575);
#552=VECTOR('',#3553,39.3700787401575);
#553=VECTOR('',#3554,39.3700787401575);
#554=VECTOR('',#3555,39.3700787401575);
#555=VECTOR('',#3556,39.3700787401575);
#556=VECTOR('',#3557,39.3700787401575);
#557=VECTOR('',#3558,39.3700787401575);
#558=VECTOR('',#3559,39.3700787401575);
#559=VECTOR('',#3560,39.3700787401575);
#560=VECTOR('',#3561,39.3700787401575);
#561=VECTOR('',#3562,39.3700787401575);
#562=VECTOR('',#3563,39.3700787401575);
#563=VECTOR('',#3564,39.3700787401575);
#564=VECTOR('',#3565,39.3700787401575);
#565=VECTOR('',#3566,39.3700787401575);
#566=VECTOR('',#3567,39.3700787401575);
#567=VECTOR('',#3568,39.3700787401575);
#568=VECTOR('',#3569,39.3700787401575);
#569=VECTOR('',#3570,39.3700787401575);
#570=VECTOR('',#3571,39.3700787401575);
#571=VECTOR('',#3572,39.3700787401575);
#572=VECTOR('',#3573,39.3700787401575);
#573=VECTOR('',#3574,39.3700787401575);
#574=VECTOR('',#3575,39.3700787401575);
#575=VECTOR('',#3576,39.3700787401575);
#576=VECTOR('',#3577,39.3700787401575);
#577=VECTOR('',#3578,39.3700787401575);
#578=VECTOR('',#3579,39.3700787401575);
#579=VECTOR('',#3580,39.3700787401575);
#580=VECTOR('',#3581,39.3700787401575);
#581=VECTOR('',#3582,39.3700787401575);
#582=VECTOR('',#3583,39.3700787401575);
#583=VECTOR('',#3584,39.3700787401575);
#584=VECTOR('',#3585,39.3700787401575);
#585=VECTOR('',#3588,39.3700787401575);
#586=VECTOR('',#3589,39.3700787401575);
#587=VECTOR('',#3592,39.3700787401575);
#588=VECTOR('',#3595,39.3700787401575);
#589=VECTOR('',#3598,39.3700787401575);
#590=VECTOR('',#3601,39.3700787401575);
#591=VECTOR('',#3602,39.3700787401575);
#592=VECTOR('',#3605,39.3700787401575);
#593=VECTOR('',#3610,39.3700787401575);
#594=VECTOR('',#3613,39.3700787401575);
#595=VECTOR('',#3616,39.3700787401575);
#596=VECTOR('',#3619,39.3700787401575);
#597=VECTOR('',#3620,39.3700787401575);
#598=VECTOR('',#3623,39.3700787401575);
#599=VECTOR('',#3628,39.3700787401575);
#600=VECTOR('',#3631,39.3700787401575);
#601=VECTOR('',#3634,39.3700787401575);
#602=VECTOR('',#3637,39.3700787401575);
#603=VECTOR('',#3638,39.3700787401575);
#604=VECTOR('',#3641,39.3700787401575);
#605=VECTOR('',#3646,39.3700787401575);
#606=VECTOR('',#3649,39.3700787401575);
#607=VECTOR('',#3652,39.3700787401575);
#608=VECTOR('',#3655,39.3700787401575);
#609=VECTOR('',#3656,39.3700787401575);
#610=VECTOR('',#3659,39.3700787401575);
#611=VECTOR('',#3664,39.3700787401575);
#612=VECTOR('',#3667,39.3700787401575);
#613=VECTOR('',#3670,39.3700787401575);
#614=VECTOR('',#3673,39.3700787401575);
#615=VECTOR('',#3674,39.3700787401575);
#616=VECTOR('',#3677,39.3700787401575);
#617=VECTOR('',#3682,39.3700787401575);
#618=VECTOR('',#3685,39.3700787401575);
#619=VECTOR('',#3688,39.3700787401575);
#620=VECTOR('',#3691,39.3700787401575);
#621=VECTOR('',#3692,39.3700787401575);
#622=VECTOR('',#3695,39.3700787401575);
#623=VECTOR('',#3700,39.3700787401575);
#624=VECTOR('',#3703,39.3700787401575);
#625=VECTOR('',#3706,39.3700787401575);
#626=VECTOR('',#3709,39.3700787401575);
#627=VECTOR('',#3710,39.3700787401575);
#628=VECTOR('',#3713,39.3700787401575);
#629=VECTOR('',#3718,39.3700787401575);
#630=VECTOR('',#3721,39.3700787401575);
#631=VECTOR('',#3724,39.3700787401575);
#632=VECTOR('',#3727,39.3700787401575);
#633=VECTOR('',#3728,39.3700787401575);
#634=VECTOR('',#3731,39.3700787401575);
#635=VECTOR('',#3736,39.3700787401575);
#636=VECTOR('',#3739,39.3700787401575);
#637=VECTOR('',#3742,39.3700787401575);
#638=VECTOR('',#3745,39.3700787401575);
#639=VECTOR('',#3746,39.3700787401575);
#640=VECTOR('',#3749,39.3700787401575);
#641=VECTOR('',#3754,39.3700787401575);
#642=VECTOR('',#3757,39.3700787401575);
#643=VECTOR('',#3760,39.3700787401575);
#644=VECTOR('',#3763,39.3700787401575);
#645=VECTOR('',#3764,39.3700787401575);
#646=VECTOR('',#3767,39.3700787401575);
#647=VECTOR('',#3772,39.3700787401575);
#648=VECTOR('',#3775,39.3700787401575);
#649=VECTOR('',#3778,39.3700787401575);
#650=VECTOR('',#3781,39.3700787401575);
#651=VECTOR('',#3782,39.3700787401575);
#652=VECTOR('',#3785,39.3700787401575);
#653=VECTOR('',#3790,39.3700787401575);
#654=VECTOR('',#3793,39.3700787401575);
#655=VECTOR('',#3796,39.3700787401575);
#656=VECTOR('',#3799,39.3700787401575);
#657=VECTOR('',#3800,39.3700787401575);
#658=VECTOR('',#3803,39.3700787401575);
#659=VECTOR('',#3808,39.3700787401575);
#660=VECTOR('',#3811,39.3700787401575);
#661=VECTOR('',#3814,39.3700787401575);
#662=VECTOR('',#3817,39.3700787401575);
#663=VECTOR('',#3818,39.3700787401575);
#664=VECTOR('',#3821,39.3700787401575);
#665=VECTOR('',#3826,39.3700787401575);
#666=VECTOR('',#3829,39.3700787401575);
#667=VECTOR('',#3832,39.3700787401575);
#668=VECTOR('',#3835,39.3700787401575);
#669=VECTOR('',#3836,39.3700787401575);
#670=VECTOR('',#3839,39.3700787401575);
#671=VECTOR('',#3844,39.3700787401575);
#672=VECTOR('',#3847,39.3700787401575);
#673=VECTOR('',#3850,39.3700787401575);
#674=VECTOR('',#3853,39.3700787401575);
#675=VECTOR('',#3854,39.3700787401575);
#676=VECTOR('',#3857,39.3700787401575);
#677=VECTOR('',#3862,39.3700787401575);
#678=VECTOR('',#3865,39.3700787401575);
#679=VECTOR('',#3868,39.3700787401575);
#680=VECTOR('',#3871,39.3700787401575);
#681=VECTOR('',#3874,39.3700787401575);
#682=VECTOR('',#3877,39.3700787401575);
#683=PLANE('',#3048);
#684=PLANE('',#3065);
#685=PLANE('',#3066);
#686=PLANE('',#3067);
#687=PLANE('',#3068);
#688=PLANE('',#3069);
#689=PLANE('',#3070);
#690=PLANE('',#3071);
#691=PLANE('',#3072);
#692=PLANE('',#3073);
#693=PLANE('',#3074);
#694=PLANE('',#3075);
#695=PLANE('',#3076);
#696=PLANE('',#3077);
#697=PLANE('',#3078);
#698=PLANE('',#3079);
#699=PLANE('',#3080);
#700=PLANE('',#3081);
#701=PLANE('',#3082);
#702=PLANE('',#3083);
#703=PLANE('',#3084);
#704=PLANE('',#3085);
#705=PLANE('',#3086);
#706=PLANE('',#3087);
#707=PLANE('',#3088);
#708=PLANE('',#3089);
#709=PLANE('',#3090);
#710=PLANE('',#3091);
#711=PLANE('',#3092);
#712=PLANE('',#3093);
#713=PLANE('',#3094);
#714=PLANE('',#3095);
#715=PLANE('',#3096);
#716=PLANE('',#3097);
#717=PLANE('',#3098);
#718=PLANE('',#3099);
#719=PLANE('',#3100);
#720=PLANE('',#3101);
#721=PLANE('',#3102);
#722=PLANE('',#3103);
#723=PLANE('',#3104);
#724=PLANE('',#3105);
#725=PLANE('',#3106);
#726=PLANE('',#3107);
#727=PLANE('',#3108);
#728=PLANE('',#3109);
#729=PLANE('',#3110);
#730=PLANE('',#3111);
#731=PLANE('',#3112);
#732=PLANE('',#3113);
#733=PLANE('',#3114);
#734=PLANE('',#3115);
#735=PLANE('',#3116);
#736=PLANE('',#3117);
#737=PLANE('',#3118);
#738=PLANE('',#3119);
#739=PLANE('',#3120);
#740=PLANE('',#3121);
#741=PLANE('',#3122);
#742=PLANE('',#3123);
#743=PLANE('',#3124);
#744=PLANE('',#3125);
#745=PLANE('',#3126);
#746=PLANE('',#3127);
#747=PLANE('',#3128);
#748=PLANE('',#3129);
#749=PLANE('',#3130);
#750=PLANE('',#3131);
#751=PLANE('',#3132);
#752=PLANE('',#3133);
#753=PLANE('',#3134);
#754=PLANE('',#3135);
#755=PLANE('',#3136);
#756=PLANE('',#3137);
#757=PLANE('',#3138);
#758=PLANE('',#3139);
#759=PLANE('',#3140);
#760=PLANE('',#3141);
#761=PLANE('',#3142);
#762=PLANE('',#3143);
#763=PLANE('',#3144);
#764=PLANE('',#3145);
#765=PLANE('',#3146);
#766=PLANE('',#3147);
#767=PLANE('',#3148);
#768=PLANE('',#3149);
#769=PLANE('',#3150);
#770=PLANE('',#3151);
#771=PLANE('',#3152);
#772=PLANE('',#3153);
#773=PLANE('',#3154);
#774=PLANE('',#3155);
#775=PLANE('',#3156);
#776=PLANE('',#3157);
#777=PLANE('',#3158);
#778=PLANE('',#3159);
#779=PLANE('',#3160);
#780=PLANE('',#3161);
#781=PLANE('',#3162);
#782=PLANE('',#3163);
#783=PLANE('',#3166);
#784=PLANE('',#3169);
#785=PLANE('',#3172);
#786=PLANE('',#3175);
#787=PLANE('',#3178);
#788=PLANE('',#3181);
#789=PLANE('',#3184);
#790=PLANE('',#3187);
#791=PLANE('',#3190);
#792=PLANE('',#3193);
#793=PLANE('',#3196);
#794=PLANE('',#3199);
#795=PLANE('',#3202);
#796=PLANE('',#3205);
#797=PLANE('',#3208);
#798=PLANE('',#3211);
#799=PLANE('',#3216);
#800=PLANE('',#3221);
#801=PLANE('',#3225);
#802=PLANE('',#3230);
#803=PLANE('',#3239);
#804=ORIENTED_EDGE('',*,*,#1546,.F.);
#805=ORIENTED_EDGE('',*,*,#1547,.T.);
#806=ORIENTED_EDGE('',*,*,#1548,.F.);
#807=ORIENTED_EDGE('',*,*,#1549,.T.);
#808=ORIENTED_EDGE('',*,*,#1550,.F.);
#809=ORIENTED_EDGE('',*,*,#1551,.T.);
#810=ORIENTED_EDGE('',*,*,#1552,.F.);
#811=ORIENTED_EDGE('',*,*,#1553,.T.);
#812=ORIENTED_EDGE('',*,*,#1554,.F.);
#813=ORIENTED_EDGE('',*,*,#1555,.T.);
#814=ORIENTED_EDGE('',*,*,#1556,.F.);
#815=ORIENTED_EDGE('',*,*,#1557,.T.);
#816=ORIENTED_EDGE('',*,*,#1558,.F.);
#817=ORIENTED_EDGE('',*,*,#1559,.T.);
#818=ORIENTED_EDGE('',*,*,#1560,.F.);
#819=ORIENTED_EDGE('',*,*,#1561,.T.);
#820=ORIENTED_EDGE('',*,*,#1562,.F.);
#821=ORIENTED_EDGE('',*,*,#1563,.T.);
#822=ORIENTED_EDGE('',*,*,#1564,.F.);
#823=ORIENTED_EDGE('',*,*,#1565,.T.);
#824=ORIENTED_EDGE('',*,*,#1566,.F.);
#825=ORIENTED_EDGE('',*,*,#1567,.T.);
#826=ORIENTED_EDGE('',*,*,#1568,.F.);
#827=ORIENTED_EDGE('',*,*,#1569,.T.);
#828=ORIENTED_EDGE('',*,*,#1570,.F.);
#829=ORIENTED_EDGE('',*,*,#1571,.T.);
#830=ORIENTED_EDGE('',*,*,#1572,.F.);
#831=ORIENTED_EDGE('',*,*,#1573,.T.);
#832=ORIENTED_EDGE('',*,*,#1574,.F.);
#833=ORIENTED_EDGE('',*,*,#1575,.T.);
#834=ORIENTED_EDGE('',*,*,#1576,.F.);
#835=ORIENTED_EDGE('',*,*,#1577,.T.);
#836=ORIENTED_EDGE('',*,*,#1578,.F.);
#837=ORIENTED_EDGE('',*,*,#1579,.F.);
#838=ORIENTED_EDGE('',*,*,#1580,.F.);
#839=ORIENTED_EDGE('',*,*,#1581,.F.);
#840=ORIENTED_EDGE('',*,*,#1582,.F.);
#841=ORIENTED_EDGE('',*,*,#1583,.F.);
#842=ORIENTED_EDGE('',*,*,#1584,.F.);
#843=ORIENTED_EDGE('',*,*,#1585,.F.);
#844=ORIENTED_EDGE('',*,*,#1586,.F.);
#845=ORIENTED_EDGE('',*,*,#1587,.F.);
#846=ORIENTED_EDGE('',*,*,#1588,.F.);
#847=ORIENTED_EDGE('',*,*,#1589,.F.);
#848=ORIENTED_EDGE('',*,*,#1590,.F.);
#849=ORIENTED_EDGE('',*,*,#1591,.F.);
#850=ORIENTED_EDGE('',*,*,#1592,.F.);
#851=ORIENTED_EDGE('',*,*,#1593,.F.);
#852=ORIENTED_EDGE('',*,*,#1594,.T.);
#853=ORIENTED_EDGE('',*,*,#1595,.T.);
#854=ORIENTED_EDGE('',*,*,#1596,.T.);
#855=ORIENTED_EDGE('',*,*,#1597,.T.);
#856=ORIENTED_EDGE('',*,*,#1598,.T.);
#857=ORIENTED_EDGE('',*,*,#1599,.T.);
#858=ORIENTED_EDGE('',*,*,#1600,.T.);
#859=ORIENTED_EDGE('',*,*,#1601,.T.);
#860=ORIENTED_EDGE('',*,*,#1602,.T.);
#861=ORIENTED_EDGE('',*,*,#1603,.T.);
#862=ORIENTED_EDGE('',*,*,#1604,.T.);
#863=ORIENTED_EDGE('',*,*,#1605,.T.);
#864=ORIENTED_EDGE('',*,*,#1606,.T.);
#865=ORIENTED_EDGE('',*,*,#1607,.T.);
#866=ORIENTED_EDGE('',*,*,#1608,.T.);
#867=ORIENTED_EDGE('',*,*,#1609,.T.);
#868=ORIENTED_EDGE('',*,*,#1610,.T.);
#869=ORIENTED_EDGE('',*,*,#1611,.T.);
#870=ORIENTED_EDGE('',*,*,#1612,.T.);
#871=ORIENTED_EDGE('',*,*,#1613,.T.);
#872=ORIENTED_EDGE('',*,*,#1614,.T.);
#873=ORIENTED_EDGE('',*,*,#1615,.T.);
#874=ORIENTED_EDGE('',*,*,#1616,.T.);
#875=ORIENTED_EDGE('',*,*,#1617,.T.);
#876=ORIENTED_EDGE('',*,*,#1618,.T.);
#877=ORIENTED_EDGE('',*,*,#1619,.T.);
#878=ORIENTED_EDGE('',*,*,#1620,.T.);
#879=ORIENTED_EDGE('',*,*,#1621,.T.);
#880=ORIENTED_EDGE('',*,*,#1622,.T.);
#881=ORIENTED_EDGE('',*,*,#1623,.T.);
#882=ORIENTED_EDGE('',*,*,#1624,.T.);
#883=ORIENTED_EDGE('',*,*,#1625,.T.);
#884=ORIENTED_EDGE('',*,*,#1626,.T.);
#885=ORIENTED_EDGE('',*,*,#1627,.T.);
#886=ORIENTED_EDGE('',*,*,#1628,.T.);
#887=ORIENTED_EDGE('',*,*,#1629,.T.);
#888=ORIENTED_EDGE('',*,*,#1630,.T.);
#889=ORIENTED_EDGE('',*,*,#1631,.T.);
#890=ORIENTED_EDGE('',*,*,#1632,.T.);
#891=ORIENTED_EDGE('',*,*,#1633,.T.);
#892=ORIENTED_EDGE('',*,*,#1634,.T.);
#893=ORIENTED_EDGE('',*,*,#1635,.T.);
#894=ORIENTED_EDGE('',*,*,#1636,.T.);
#895=ORIENTED_EDGE('',*,*,#1637,.T.);
#896=ORIENTED_EDGE('',*,*,#1638,.T.);
#897=ORIENTED_EDGE('',*,*,#1639,.T.);
#898=ORIENTED_EDGE('',*,*,#1640,.T.);
#899=ORIENTED_EDGE('',*,*,#1641,.T.);
#900=ORIENTED_EDGE('',*,*,#1642,.T.);
#901=ORIENTED_EDGE('',*,*,#1643,.T.);
#902=ORIENTED_EDGE('',*,*,#1644,.T.);
#903=ORIENTED_EDGE('',*,*,#1645,.T.);
#904=ORIENTED_EDGE('',*,*,#1646,.T.);
#905=ORIENTED_EDGE('',*,*,#1647,.T.);
#906=ORIENTED_EDGE('',*,*,#1648,.T.);
#907=ORIENTED_EDGE('',*,*,#1649,.T.);
#908=ORIENTED_EDGE('',*,*,#1650,.T.);
#909=ORIENTED_EDGE('',*,*,#1651,.T.);
#910=ORIENTED_EDGE('',*,*,#1652,.T.);
#911=ORIENTED_EDGE('',*,*,#1653,.T.);
#912=ORIENTED_EDGE('',*,*,#1654,.T.);
#913=ORIENTED_EDGE('',*,*,#1655,.T.);
#914=ORIENTED_EDGE('',*,*,#1656,.T.);
#915=ORIENTED_EDGE('',*,*,#1657,.T.);
#916=ORIENTED_EDGE('',*,*,#1658,.T.);
#917=ORIENTED_EDGE('',*,*,#1659,.T.);
#918=ORIENTED_EDGE('',*,*,#1660,.T.);
#919=ORIENTED_EDGE('',*,*,#1661,.T.);
#920=ORIENTED_EDGE('',*,*,#1662,.T.);
#921=ORIENTED_EDGE('',*,*,#1663,.T.);
#922=ORIENTED_EDGE('',*,*,#1664,.T.);
#923=ORIENTED_EDGE('',*,*,#1665,.T.);
#924=ORIENTED_EDGE('',*,*,#1666,.T.);
#925=ORIENTED_EDGE('',*,*,#1667,.T.);
#926=ORIENTED_EDGE('',*,*,#1668,.T.);
#927=ORIENTED_EDGE('',*,*,#1669,.T.);
#928=ORIENTED_EDGE('',*,*,#1670,.T.);
#929=ORIENTED_EDGE('',*,*,#1671,.T.);
#930=ORIENTED_EDGE('',*,*,#1672,.T.);
#931=ORIENTED_EDGE('',*,*,#1673,.T.);
#932=ORIENTED_EDGE('',*,*,#1674,.T.);
#933=ORIENTED_EDGE('',*,*,#1675,.T.);
#934=ORIENTED_EDGE('',*,*,#1676,.T.);
#935=ORIENTED_EDGE('',*,*,#1677,.T.);
#936=ORIENTED_EDGE('',*,*,#1678,.T.);
#937=ORIENTED_EDGE('',*,*,#1679,.T.);
#938=ORIENTED_EDGE('',*,*,#1680,.T.);
#939=ORIENTED_EDGE('',*,*,#1681,.T.);
#940=ORIENTED_EDGE('',*,*,#1682,.T.);
#941=ORIENTED_EDGE('',*,*,#1683,.T.);
#942=ORIENTED_EDGE('',*,*,#1684,.T.);
#943=ORIENTED_EDGE('',*,*,#1685,.T.);
#944=ORIENTED_EDGE('',*,*,#1686,.T.);
#945=ORIENTED_EDGE('',*,*,#1687,.T.);
#946=ORIENTED_EDGE('',*,*,#1688,.T.);
#947=ORIENTED_EDGE('',*,*,#1689,.T.);
#948=ORIENTED_EDGE('',*,*,#1690,.T.);
#949=ORIENTED_EDGE('',*,*,#1691,.T.);
#950=ORIENTED_EDGE('',*,*,#1574,.T.);
#951=ORIENTED_EDGE('',*,*,#1572,.T.);
#952=ORIENTED_EDGE('',*,*,#1570,.T.);
#953=ORIENTED_EDGE('',*,*,#1568,.T.);
#954=ORIENTED_EDGE('',*,*,#1566,.T.);
#955=ORIENTED_EDGE('',*,*,#1564,.T.);
#956=ORIENTED_EDGE('',*,*,#1562,.T.);
#957=ORIENTED_EDGE('',*,*,#1560,.T.);
#958=ORIENTED_EDGE('',*,*,#1558,.T.);
#959=ORIENTED_EDGE('',*,*,#1556,.T.);
#960=ORIENTED_EDGE('',*,*,#1554,.T.);
#961=ORIENTED_EDGE('',*,*,#1552,.T.);
#962=ORIENTED_EDGE('',*,*,#1550,.T.);
#963=ORIENTED_EDGE('',*,*,#1548,.T.);
#964=ORIENTED_EDGE('',*,*,#1546,.T.);
#965=ORIENTED_EDGE('',*,*,#1576,.T.);
#966=ORIENTED_EDGE('',*,*,#1692,.F.);
#967=ORIENTED_EDGE('',*,*,#1693,.F.);
#968=ORIENTED_EDGE('',*,*,#1694,.F.);
#969=ORIENTED_EDGE('',*,*,#1695,.F.);
#970=ORIENTED_EDGE('',*,*,#1696,.F.);
#971=ORIENTED_EDGE('',*,*,#1697,.F.);
#972=ORIENTED_EDGE('',*,*,#1698,.F.);
#973=ORIENTED_EDGE('',*,*,#1699,.F.);
#974=ORIENTED_EDGE('',*,*,#1700,.F.);
#975=ORIENTED_EDGE('',*,*,#1701,.F.);
#976=ORIENTED_EDGE('',*,*,#1702,.F.);
#977=ORIENTED_EDGE('',*,*,#1703,.F.);
#978=ORIENTED_EDGE('',*,*,#1704,.F.);
#979=ORIENTED_EDGE('',*,*,#1705,.F.);
#980=ORIENTED_EDGE('',*,*,#1706,.F.);
#981=ORIENTED_EDGE('',*,*,#1707,.F.);
#982=ORIENTED_EDGE('',*,*,#1708,.F.);
#983=ORIENTED_EDGE('',*,*,#1709,.F.);
#984=ORIENTED_EDGE('',*,*,#1710,.F.);
#985=ORIENTED_EDGE('',*,*,#1711,.F.);
#986=ORIENTED_EDGE('',*,*,#1712,.F.);
#987=ORIENTED_EDGE('',*,*,#1713,.F.);
#988=ORIENTED_EDGE('',*,*,#1714,.F.);
#989=ORIENTED_EDGE('',*,*,#1715,.F.);
#990=ORIENTED_EDGE('',*,*,#1716,.F.);
#991=ORIENTED_EDGE('',*,*,#1717,.F.);
#992=ORIENTED_EDGE('',*,*,#1718,.F.);
#993=ORIENTED_EDGE('',*,*,#1719,.F.);
#994=ORIENTED_EDGE('',*,*,#1720,.F.);
#995=ORIENTED_EDGE('',*,*,#1721,.F.);
#996=ORIENTED_EDGE('',*,*,#1722,.F.);
#997=ORIENTED_EDGE('',*,*,#1723,.F.);
#998=ORIENTED_EDGE('',*,*,#1724,.F.);
#999=ORIENTED_EDGE('',*,*,#1725,.F.);
#1000=ORIENTED_EDGE('',*,*,#1726,.F.);
#1001=ORIENTED_EDGE('',*,*,#1727,.F.);
#1002=ORIENTED_EDGE('',*,*,#1728,.F.);
#1003=ORIENTED_EDGE('',*,*,#1729,.F.);
#1004=ORIENTED_EDGE('',*,*,#1730,.F.);
#1005=ORIENTED_EDGE('',*,*,#1731,.F.);
#1006=ORIENTED_EDGE('',*,*,#1732,.F.);
#1007=ORIENTED_EDGE('',*,*,#1733,.F.);
#1008=ORIENTED_EDGE('',*,*,#1734,.F.);
#1009=ORIENTED_EDGE('',*,*,#1735,.F.);
#1010=ORIENTED_EDGE('',*,*,#1736,.F.);
#1011=ORIENTED_EDGE('',*,*,#1737,.F.);
#1012=ORIENTED_EDGE('',*,*,#1738,.F.);
#1013=ORIENTED_EDGE('',*,*,#1739,.F.);
#1014=ORIENTED_EDGE('',*,*,#1740,.F.);
#1015=ORIENTED_EDGE('',*,*,#1741,.F.);
#1016=ORIENTED_EDGE('',*,*,#1742,.F.);
#1017=ORIENTED_EDGE('',*,*,#1743,.F.);
#1018=ORIENTED_EDGE('',*,*,#1744,.F.);
#1019=ORIENTED_EDGE('',*,*,#1745,.F.);
#1020=ORIENTED_EDGE('',*,*,#1746,.F.);
#1021=ORIENTED_EDGE('',*,*,#1747,.F.);
#1022=ORIENTED_EDGE('',*,*,#1748,.F.);
#1023=ORIENTED_EDGE('',*,*,#1749,.F.);
#1024=ORIENTED_EDGE('',*,*,#1750,.F.);
#1025=ORIENTED_EDGE('',*,*,#1751,.F.);
#1026=ORIENTED_EDGE('',*,*,#1752,.F.);
#1027=ORIENTED_EDGE('',*,*,#1753,.F.);
#1028=ORIENTED_EDGE('',*,*,#1754,.F.);
#1029=ORIENTED_EDGE('',*,*,#1755,.F.);
#1030=ORIENTED_EDGE('',*,*,#1756,.F.);
#1031=ORIENTED_EDGE('',*,*,#1757,.F.);
#1032=ORIENTED_EDGE('',*,*,#1758,.F.);
#1033=ORIENTED_EDGE('',*,*,#1759,.F.);
#1034=ORIENTED_EDGE('',*,*,#1760,.F.);
#1035=ORIENTED_EDGE('',*,*,#1761,.F.);
#1036=ORIENTED_EDGE('',*,*,#1762,.F.);
#1037=ORIENTED_EDGE('',*,*,#1763,.F.);
#1038=ORIENTED_EDGE('',*,*,#1764,.F.);
#1039=ORIENTED_EDGE('',*,*,#1765,.F.);
#1040=ORIENTED_EDGE('',*,*,#1766,.F.);
#1041=ORIENTED_EDGE('',*,*,#1767,.F.);
#1042=ORIENTED_EDGE('',*,*,#1768,.F.);
#1043=ORIENTED_EDGE('',*,*,#1769,.F.);
#1044=ORIENTED_EDGE('',*,*,#1770,.F.);
#1045=ORIENTED_EDGE('',*,*,#1771,.F.);
#1046=ORIENTED_EDGE('',*,*,#1772,.F.);
#1047=ORIENTED_EDGE('',*,*,#1773,.F.);
#1048=ORIENTED_EDGE('',*,*,#1774,.F.);
#1049=ORIENTED_EDGE('',*,*,#1775,.F.);
#1050=ORIENTED_EDGE('',*,*,#1776,.F.);
#1051=ORIENTED_EDGE('',*,*,#1777,.F.);
#1052=ORIENTED_EDGE('',*,*,#1778,.F.);
#1053=ORIENTED_EDGE('',*,*,#1779,.F.);
#1054=ORIENTED_EDGE('',*,*,#1780,.F.);
#1055=ORIENTED_EDGE('',*,*,#1781,.F.);
#1056=ORIENTED_EDGE('',*,*,#1782,.F.);
#1057=ORIENTED_EDGE('',*,*,#1783,.F.);
#1058=ORIENTED_EDGE('',*,*,#1784,.F.);
#1059=ORIENTED_EDGE('',*,*,#1785,.F.);
#1060=ORIENTED_EDGE('',*,*,#1786,.F.);
#1061=ORIENTED_EDGE('',*,*,#1787,.F.);
#1062=ORIENTED_EDGE('',*,*,#1788,.F.);
#1063=ORIENTED_EDGE('',*,*,#1789,.F.);
#1064=ORIENTED_EDGE('',*,*,#1745,.T.);
#1065=ORIENTED_EDGE('',*,*,#1790,.F.);
#1066=ORIENTED_EDGE('',*,*,#1640,.F.);
#1067=ORIENTED_EDGE('',*,*,#1791,.T.);
#1068=ORIENTED_EDGE('',*,*,#1744,.T.);
#1069=ORIENTED_EDGE('',*,*,#1792,.F.);
#1070=ORIENTED_EDGE('',*,*,#1641,.F.);
#1071=ORIENTED_EDGE('',*,*,#1790,.T.);
#1072=ORIENTED_EDGE('',*,*,#1743,.T.);
#1073=ORIENTED_EDGE('',*,*,#1793,.F.);
#1074=ORIENTED_EDGE('',*,*,#1642,.F.);
#1075=ORIENTED_EDGE('',*,*,#1792,.T.);
#1076=ORIENTED_EDGE('',*,*,#1742,.T.);
#1077=ORIENTED_EDGE('',*,*,#1794,.F.);
#1078=ORIENTED_EDGE('',*,*,#1643,.F.);
#1079=ORIENTED_EDGE('',*,*,#1793,.T.);
#1080=ORIENTED_EDGE('',*,*,#1748,.T.);
#1081=ORIENTED_EDGE('',*,*,#1795,.F.);
#1082=ORIENTED_EDGE('',*,*,#1637,.F.);
#1083=ORIENTED_EDGE('',*,*,#1796,.T.);
#1084=ORIENTED_EDGE('',*,*,#1747,.T.);
#1085=ORIENTED_EDGE('',*,*,#1797,.F.);
#1086=ORIENTED_EDGE('',*,*,#1638,.F.);
#1087=ORIENTED_EDGE('',*,*,#1795,.T.);
#1088=ORIENTED_EDGE('',*,*,#1746,.T.);
#1089=ORIENTED_EDGE('',*,*,#1791,.F.);
#1090=ORIENTED_EDGE('',*,*,#1639,.F.);
#1091=ORIENTED_EDGE('',*,*,#1797,.T.);
#1092=ORIENTED_EDGE('',*,*,#1741,.T.);
#1093=ORIENTED_EDGE('',*,*,#1798,.F.);
#1094=ORIENTED_EDGE('',*,*,#1644,.F.);
#1095=ORIENTED_EDGE('',*,*,#1794,.T.);
#1096=ORIENTED_EDGE('',*,*,#1740,.T.);
#1097=ORIENTED_EDGE('',*,*,#1799,.F.);
#1098=ORIENTED_EDGE('',*,*,#1645,.F.);
#1099=ORIENTED_EDGE('',*,*,#1798,.T.);
#1100=ORIENTED_EDGE('',*,*,#1739,.T.);
#1101=ORIENTED_EDGE('',*,*,#1800,.F.);
#1102=ORIENTED_EDGE('',*,*,#1646,.F.);
#1103=ORIENTED_EDGE('',*,*,#1799,.T.);
#1104=ORIENTED_EDGE('',*,*,#1751,.T.);
#1105=ORIENTED_EDGE('',*,*,#1801,.F.);
#1106=ORIENTED_EDGE('',*,*,#1634,.F.);
#1107=ORIENTED_EDGE('',*,*,#1802,.T.);
#1108=ORIENTED_EDGE('',*,*,#1750,.T.);
#1109=ORIENTED_EDGE('',*,*,#1803,.F.);
#1110=ORIENTED_EDGE('',*,*,#1635,.F.);
#1111=ORIENTED_EDGE('',*,*,#1801,.T.);
#1112=ORIENTED_EDGE('',*,*,#1749,.T.);
#1113=ORIENTED_EDGE('',*,*,#1796,.F.);
#1114=ORIENTED_EDGE('',*,*,#1636,.F.);
#1115=ORIENTED_EDGE('',*,*,#1803,.T.);
#1116=ORIENTED_EDGE('',*,*,#1738,.T.);
#1117=ORIENTED_EDGE('',*,*,#1804,.F.);
#1118=ORIENTED_EDGE('',*,*,#1647,.F.);
#1119=ORIENTED_EDGE('',*,*,#1800,.T.);
#1120=ORIENTED_EDGE('',*,*,#1737,.T.);
#1121=ORIENTED_EDGE('',*,*,#1805,.F.);
#1122=ORIENTED_EDGE('',*,*,#1648,.F.);
#1123=ORIENTED_EDGE('',*,*,#1804,.T.);
#1124=ORIENTED_EDGE('',*,*,#1736,.T.);
#1125=ORIENTED_EDGE('',*,*,#1806,.F.);
#1126=ORIENTED_EDGE('',*,*,#1649,.F.);
#1127=ORIENTED_EDGE('',*,*,#1805,.T.);
#1128=ORIENTED_EDGE('',*,*,#1754,.T.);
#1129=ORIENTED_EDGE('',*,*,#1807,.F.);
#1130=ORIENTED_EDGE('',*,*,#1631,.F.);
#1131=ORIENTED_EDGE('',*,*,#1808,.T.);
#1132=ORIENTED_EDGE('',*,*,#1753,.T.);
#1133=ORIENTED_EDGE('',*,*,#1809,.F.);
#1134=ORIENTED_EDGE('',*,*,#1632,.F.);
#1135=ORIENTED_EDGE('',*,*,#1807,.T.);
#1136=ORIENTED_EDGE('',*,*,#1752,.T.);
#1137=ORIENTED_EDGE('',*,*,#1802,.F.);
#1138=ORIENTED_EDGE('',*,*,#1633,.F.);
#1139=ORIENTED_EDGE('',*,*,#1809,.T.);
#1140=ORIENTED_EDGE('',*,*,#1735,.T.);
#1141=ORIENTED_EDGE('',*,*,#1810,.F.);
#1142=ORIENTED_EDGE('',*,*,#1650,.F.);
#1143=ORIENTED_EDGE('',*,*,#1806,.T.);
#1144=ORIENTED_EDGE('',*,*,#1734,.T.);
#1145=ORIENTED_EDGE('',*,*,#1811,.F.);
#1146=ORIENTED_EDGE('',*,*,#1651,.F.);
#1147=ORIENTED_EDGE('',*,*,#1810,.T.);
#1148=ORIENTED_EDGE('',*,*,#1733,.T.);
#1149=ORIENTED_EDGE('',*,*,#1812,.F.);
#1150=ORIENTED_EDGE('',*,*,#1652,.F.);
#1151=ORIENTED_EDGE('',*,*,#1811,.T.);
#1152=ORIENTED_EDGE('',*,*,#1757,.T.);
#1153=ORIENTED_EDGE('',*,*,#1813,.F.);
#1154=ORIENTED_EDGE('',*,*,#1628,.F.);
#1155=ORIENTED_EDGE('',*,*,#1814,.T.);
#1156=ORIENTED_EDGE('',*,*,#1756,.T.);
#1157=ORIENTED_EDGE('',*,*,#1815,.F.);
#1158=ORIENTED_EDGE('',*,*,#1629,.F.);
#1159=ORIENTED_EDGE('',*,*,#1813,.T.);
#1160=ORIENTED_EDGE('',*,*,#1755,.T.);
#1161=ORIENTED_EDGE('',*,*,#1808,.F.);
#1162=ORIENTED_EDGE('',*,*,#1630,.F.);
#1163=ORIENTED_EDGE('',*,*,#1815,.T.);
#1164=ORIENTED_EDGE('',*,*,#1732,.T.);
#1165=ORIENTED_EDGE('',*,*,#1816,.F.);
#1166=ORIENTED_EDGE('',*,*,#1653,.F.);
#1167=ORIENTED_EDGE('',*,*,#1812,.T.);
#1168=ORIENTED_EDGE('',*,*,#1731,.T.);
#1169=ORIENTED_EDGE('',*,*,#1817,.F.);
#1170=ORIENTED_EDGE('',*,*,#1654,.F.);
#1171=ORIENTED_EDGE('',*,*,#1816,.T.);
#1172=ORIENTED_EDGE('',*,*,#1730,.T.);
#1173=ORIENTED_EDGE('',*,*,#1818,.F.);
#1174=ORIENTED_EDGE('',*,*,#1655,.F.);
#1175=ORIENTED_EDGE('',*,*,#1817,.T.);
#1176=ORIENTED_EDGE('',*,*,#1760,.T.);
#1177=ORIENTED_EDGE('',*,*,#1819,.F.);
#1178=ORIENTED_EDGE('',*,*,#1625,.F.);
#1179=ORIENTED_EDGE('',*,*,#1820,.T.);
#1180=ORIENTED_EDGE('',*,*,#1759,.T.);
#1181=ORIENTED_EDGE('',*,*,#1821,.F.);
#1182=ORIENTED_EDGE('',*,*,#1626,.F.);
#1183=ORIENTED_EDGE('',*,*,#1819,.T.);
#1184=ORIENTED_EDGE('',*,*,#1758,.T.);
#1185=ORIENTED_EDGE('',*,*,#1814,.F.);
#1186=ORIENTED_EDGE('',*,*,#1627,.F.);
#1187=ORIENTED_EDGE('',*,*,#1821,.T.);
#1188=ORIENTED_EDGE('',*,*,#1729,.T.);
#1189=ORIENTED_EDGE('',*,*,#1822,.F.);
#1190=ORIENTED_EDGE('',*,*,#1656,.F.);
#1191=ORIENTED_EDGE('',*,*,#1818,.T.);
#1192=ORIENTED_EDGE('',*,*,#1728,.T.);
#1193=ORIENTED_EDGE('',*,*,#1823,.F.);
#1194=ORIENTED_EDGE('',*,*,#1657,.F.);
#1195=ORIENTED_EDGE('',*,*,#1822,.T.);
#1196=ORIENTED_EDGE('',*,*,#1727,.T.);
#1197=ORIENTED_EDGE('',*,*,#1824,.F.);
#1198=ORIENTED_EDGE('',*,*,#1658,.F.);
#1199=ORIENTED_EDGE('',*,*,#1823,.T.);
#1200=ORIENTED_EDGE('',*,*,#1763,.T.);
#1201=ORIENTED_EDGE('',*,*,#1825,.F.);
#1202=ORIENTED_EDGE('',*,*,#1622,.F.);
#1203=ORIENTED_EDGE('',*,*,#1826,.T.);
#1204=ORIENTED_EDGE('',*,*,#1762,.T.);
#1205=ORIENTED_EDGE('',*,*,#1827,.F.);
#1206=ORIENTED_EDGE('',*,*,#1623,.F.);
#1207=ORIENTED_EDGE('',*,*,#1825,.T.);
#1208=ORIENTED_EDGE('',*,*,#1761,.T.);
#1209=ORIENTED_EDGE('',*,*,#1820,.F.);
#1210=ORIENTED_EDGE('',*,*,#1624,.F.);
#1211=ORIENTED_EDGE('',*,*,#1827,.T.);
#1212=ORIENTED_EDGE('',*,*,#1726,.T.);
#1213=ORIENTED_EDGE('',*,*,#1828,.F.);
#1214=ORIENTED_EDGE('',*,*,#1659,.F.);
#1215=ORIENTED_EDGE('',*,*,#1824,.T.);
#1216=ORIENTED_EDGE('',*,*,#1725,.T.);
#1217=ORIENTED_EDGE('',*,*,#1829,.F.);
#1218=ORIENTED_EDGE('',*,*,#1660,.F.);
#1219=ORIENTED_EDGE('',*,*,#1828,.T.);
#1220=ORIENTED_EDGE('',*,*,#1724,.T.);
#1221=ORIENTED_EDGE('',*,*,#1830,.F.);
#1222=ORIENTED_EDGE('',*,*,#1661,.F.);
#1223=ORIENTED_EDGE('',*,*,#1829,.T.);
#1224=ORIENTED_EDGE('',*,*,#1766,.T.);
#1225=ORIENTED_EDGE('',*,*,#1831,.F.);
#1226=ORIENTED_EDGE('',*,*,#1619,.F.);
#1227=ORIENTED_EDGE('',*,*,#1832,.T.);
#1228=ORIENTED_EDGE('',*,*,#1765,.T.);
#1229=ORIENTED_EDGE('',*,*,#1833,.F.);
#1230=ORIENTED_EDGE('',*,*,#1620,.F.);
#1231=ORIENTED_EDGE('',*,*,#1831,.T.);
#1232=ORIENTED_EDGE('',*,*,#1764,.T.);
#1233=ORIENTED_EDGE('',*,*,#1826,.F.);
#1234=ORIENTED_EDGE('',*,*,#1621,.F.);
#1235=ORIENTED_EDGE('',*,*,#1833,.T.);
#1236=ORIENTED_EDGE('',*,*,#1723,.T.);
#1237=ORIENTED_EDGE('',*,*,#1834,.F.);
#1238=ORIENTED_EDGE('',*,*,#1662,.F.);
#1239=ORIENTED_EDGE('',*,*,#1830,.T.);
#1240=ORIENTED_EDGE('',*,*,#1722,.T.);
#1241=ORIENTED_EDGE('',*,*,#1835,.F.);
#1242=ORIENTED_EDGE('',*,*,#1663,.F.);
#1243=ORIENTED_EDGE('',*,*,#1834,.T.);
#1244=ORIENTED_EDGE('',*,*,#1721,.T.);
#1245=ORIENTED_EDGE('',*,*,#1836,.F.);
#1246=ORIENTED_EDGE('',*,*,#1664,.F.);
#1247=ORIENTED_EDGE('',*,*,#1835,.T.);
#1248=ORIENTED_EDGE('',*,*,#1769,.T.);
#1249=ORIENTED_EDGE('',*,*,#1837,.F.);
#1250=ORIENTED_EDGE('',*,*,#1616,.F.);
#1251=ORIENTED_EDGE('',*,*,#1838,.T.);
#1252=ORIENTED_EDGE('',*,*,#1768,.T.);
#1253=ORIENTED_EDGE('',*,*,#1839,.F.);
#1254=ORIENTED_EDGE('',*,*,#1617,.F.);
#1255=ORIENTED_EDGE('',*,*,#1837,.T.);
#1256=ORIENTED_EDGE('',*,*,#1767,.T.);
#1257=ORIENTED_EDGE('',*,*,#1832,.F.);
#1258=ORIENTED_EDGE('',*,*,#1618,.F.);
#1259=ORIENTED_EDGE('',*,*,#1839,.T.);
#1260=ORIENTED_EDGE('',*,*,#1720,.T.);
#1261=ORIENTED_EDGE('',*,*,#1840,.F.);
#1262=ORIENTED_EDGE('',*,*,#1665,.F.);
#1263=ORIENTED_EDGE('',*,*,#1836,.T.);
#1264=ORIENTED_EDGE('',*,*,#1719,.T.);
#1265=ORIENTED_EDGE('',*,*,#1841,.F.);
#1266=ORIENTED_EDGE('',*,*,#1666,.F.);
#1267=ORIENTED_EDGE('',*,*,#1840,.T.);
#1268=ORIENTED_EDGE('',*,*,#1718,.T.);
#1269=ORIENTED_EDGE('',*,*,#1842,.F.);
#1270=ORIENTED_EDGE('',*,*,#1667,.F.);
#1271=ORIENTED_EDGE('',*,*,#1841,.T.);
#1272=ORIENTED_EDGE('',*,*,#1772,.T.);
#1273=ORIENTED_EDGE('',*,*,#1843,.F.);
#1274=ORIENTED_EDGE('',*,*,#1613,.F.);
#1275=ORIENTED_EDGE('',*,*,#1844,.T.);
#1276=ORIENTED_EDGE('',*,*,#1771,.T.);
#1277=ORIENTED_EDGE('',*,*,#1845,.F.);
#1278=ORIENTED_EDGE('',*,*,#1614,.F.);
#1279=ORIENTED_EDGE('',*,*,#1843,.T.);
#1280=ORIENTED_EDGE('',*,*,#1770,.T.);
#1281=ORIENTED_EDGE('',*,*,#1838,.F.);
#1282=ORIENTED_EDGE('',*,*,#1615,.F.);
#1283=ORIENTED_EDGE('',*,*,#1845,.T.);
#1284=ORIENTED_EDGE('',*,*,#1717,.T.);
#1285=ORIENTED_EDGE('',*,*,#1846,.F.);
#1286=ORIENTED_EDGE('',*,*,#1668,.F.);
#1287=ORIENTED_EDGE('',*,*,#1842,.T.);
#1288=ORIENTED_EDGE('',*,*,#1716,.T.);
#1289=ORIENTED_EDGE('',*,*,#1847,.F.);
#1290=ORIENTED_EDGE('',*,*,#1669,.F.);
#1291=ORIENTED_EDGE('',*,*,#1846,.T.);
#1292=ORIENTED_EDGE('',*,*,#1715,.T.);
#1293=ORIENTED_EDGE('',*,*,#1848,.F.);
#1294=ORIENTED_EDGE('',*,*,#1670,.F.);
#1295=ORIENTED_EDGE('',*,*,#1847,.T.);
#1296=ORIENTED_EDGE('',*,*,#1775,.T.);
#1297=ORIENTED_EDGE('',*,*,#1849,.F.);
#1298=ORIENTED_EDGE('',*,*,#1610,.F.);
#1299=ORIENTED_EDGE('',*,*,#1850,.T.);
#1300=ORIENTED_EDGE('',*,*,#1774,.T.);
#1301=ORIENTED_EDGE('',*,*,#1851,.F.);
#1302=ORIENTED_EDGE('',*,*,#1611,.F.);
#1303=ORIENTED_EDGE('',*,*,#1849,.T.);
#1304=ORIENTED_EDGE('',*,*,#1773,.T.);
#1305=ORIENTED_EDGE('',*,*,#1844,.F.);
#1306=ORIENTED_EDGE('',*,*,#1612,.F.);
#1307=ORIENTED_EDGE('',*,*,#1851,.T.);
#1308=ORIENTED_EDGE('',*,*,#1714,.T.);
#1309=ORIENTED_EDGE('',*,*,#1852,.F.);
#1310=ORIENTED_EDGE('',*,*,#1671,.F.);
#1311=ORIENTED_EDGE('',*,*,#1848,.T.);
#1312=ORIENTED_EDGE('',*,*,#1713,.T.);
#1313=ORIENTED_EDGE('',*,*,#1853,.F.);
#1314=ORIENTED_EDGE('',*,*,#1672,.F.);
#1315=ORIENTED_EDGE('',*,*,#1852,.T.);
#1316=ORIENTED_EDGE('',*,*,#1712,.T.);
#1317=ORIENTED_EDGE('',*,*,#1854,.F.);
#1318=ORIENTED_EDGE('',*,*,#1673,.F.);
#1319=ORIENTED_EDGE('',*,*,#1853,.T.);
#1320=ORIENTED_EDGE('',*,*,#1778,.T.);
#1321=ORIENTED_EDGE('',*,*,#1855,.F.);
#1322=ORIENTED_EDGE('',*,*,#1607,.F.);
#1323=ORIENTED_EDGE('',*,*,#1856,.T.);
#1324=ORIENTED_EDGE('',*,*,#1777,.T.);
#1325=ORIENTED_EDGE('',*,*,#1857,.F.);
#1326=ORIENTED_EDGE('',*,*,#1608,.F.);
#1327=ORIENTED_EDGE('',*,*,#1855,.T.);
#1328=ORIENTED_EDGE('',*,*,#1776,.T.);
#1329=ORIENTED_EDGE('',*,*,#1850,.F.);
#1330=ORIENTED_EDGE('',*,*,#1609,.F.);
#1331=ORIENTED_EDGE('',*,*,#1857,.T.);
#1332=ORIENTED_EDGE('',*,*,#1711,.T.);
#1333=ORIENTED_EDGE('',*,*,#1858,.F.);
#1334=ORIENTED_EDGE('',*,*,#1674,.F.);
#1335=ORIENTED_EDGE('',*,*,#1854,.T.);
#1336=ORIENTED_EDGE('',*,*,#1710,.T.);
#1337=ORIENTED_EDGE('',*,*,#1859,.F.);
#1338=ORIENTED_EDGE('',*,*,#1675,.F.);
#1339=ORIENTED_EDGE('',*,*,#1858,.T.);
#1340=ORIENTED_EDGE('',*,*,#1709,.T.);
#1341=ORIENTED_EDGE('',*,*,#1860,.F.);
#1342=ORIENTED_EDGE('',*,*,#1676,.F.);
#1343=ORIENTED_EDGE('',*,*,#1859,.T.);
#1344=ORIENTED_EDGE('',*,*,#1781,.T.);
#1345=ORIENTED_EDGE('',*,*,#1861,.F.);
#1346=ORIENTED_EDGE('',*,*,#1604,.F.);
#1347=ORIENTED_EDGE('',*,*,#1862,.T.);
#1348=ORIENTED_EDGE('',*,*,#1780,.T.);
#1349=ORIENTED_EDGE('',*,*,#1863,.F.);
#1350=ORIENTED_EDGE('',*,*,#1605,.F.);
#1351=ORIENTED_EDGE('',*,*,#1861,.T.);
#1352=ORIENTED_EDGE('',*,*,#1779,.T.);
#1353=ORIENTED_EDGE('',*,*,#1856,.F.);
#1354=ORIENTED_EDGE('',*,*,#1606,.F.);
#1355=ORIENTED_EDGE('',*,*,#1863,.T.);
#1356=ORIENTED_EDGE('',*,*,#1708,.T.);
#1357=ORIENTED_EDGE('',*,*,#1864,.F.);
#1358=ORIENTED_EDGE('',*,*,#1677,.F.);
#1359=ORIENTED_EDGE('',*,*,#1860,.T.);
#1360=ORIENTED_EDGE('',*,*,#1707,.T.);
#1361=ORIENTED_EDGE('',*,*,#1865,.F.);
#1362=ORIENTED_EDGE('',*,*,#1678,.F.);
#1363=ORIENTED_EDGE('',*,*,#1864,.T.);
#1364=ORIENTED_EDGE('',*,*,#1706,.T.);
#1365=ORIENTED_EDGE('',*,*,#1866,.F.);
#1366=ORIENTED_EDGE('',*,*,#1679,.F.);
#1367=ORIENTED_EDGE('',*,*,#1865,.T.);
#1368=ORIENTED_EDGE('',*,*,#1784,.T.);
#1369=ORIENTED_EDGE('',*,*,#1867,.F.);
#1370=ORIENTED_EDGE('',*,*,#1601,.F.);
#1371=ORIENTED_EDGE('',*,*,#1868,.T.);
#1372=ORIENTED_EDGE('',*,*,#1783,.T.);
#1373=ORIENTED_EDGE('',*,*,#1869,.F.);
#1374=ORIENTED_EDGE('',*,*,#1602,.F.);
#1375=ORIENTED_EDGE('',*,*,#1867,.T.);
#1376=ORIENTED_EDGE('',*,*,#1782,.T.);
#1377=ORIENTED_EDGE('',*,*,#1862,.F.);
#1378=ORIENTED_EDGE('',*,*,#1603,.F.);
#1379=ORIENTED_EDGE('',*,*,#1869,.T.);
#1380=ORIENTED_EDGE('',*,*,#1705,.T.);
#1381=ORIENTED_EDGE('',*,*,#1870,.F.);
#1382=ORIENTED_EDGE('',*,*,#1680,.F.);
#1383=ORIENTED_EDGE('',*,*,#1866,.T.);
#1384=ORIENTED_EDGE('',*,*,#1704,.T.);
#1385=ORIENTED_EDGE('',*,*,#1871,.F.);
#1386=ORIENTED_EDGE('',*,*,#1681,.F.);
#1387=ORIENTED_EDGE('',*,*,#1870,.T.);
#1388=ORIENTED_EDGE('',*,*,#1703,.T.);
#1389=ORIENTED_EDGE('',*,*,#1872,.F.);
#1390=ORIENTED_EDGE('',*,*,#1682,.F.);
#1391=ORIENTED_EDGE('',*,*,#1871,.T.);
#1392=ORIENTED_EDGE('',*,*,#1787,.T.);
#1393=ORIENTED_EDGE('',*,*,#1873,.F.);
#1394=ORIENTED_EDGE('',*,*,#1598,.F.);
#1395=ORIENTED_EDGE('',*,*,#1874,.T.);
#1396=ORIENTED_EDGE('',*,*,#1786,.T.);
#1397=ORIENTED_EDGE('',*,*,#1875,.F.);
#1398=ORIENTED_EDGE('',*,*,#1599,.F.);
#1399=ORIENTED_EDGE('',*,*,#1873,.T.);
#1400=ORIENTED_EDGE('',*,*,#1785,.T.);
#1401=ORIENTED_EDGE('',*,*,#1868,.F.);
#1402=ORIENTED_EDGE('',*,*,#1600,.F.);
#1403=ORIENTED_EDGE('',*,*,#1875,.T.);
#1404=ORIENTED_EDGE('',*,*,#1702,.T.);
#1405=ORIENTED_EDGE('',*,*,#1876,.F.);
#1406=ORIENTED_EDGE('',*,*,#1683,.F.);
#1407=ORIENTED_EDGE('',*,*,#1872,.T.);
#1408=ORIENTED_EDGE('',*,*,#1701,.T.);
#1409=ORIENTED_EDGE('',*,*,#1877,.F.);
#1410=ORIENTED_EDGE('',*,*,#1684,.F.);
#1411=ORIENTED_EDGE('',*,*,#1876,.T.);
#1412=ORIENTED_EDGE('',*,*,#1700,.T.);
#1413=ORIENTED_EDGE('',*,*,#1878,.F.);
#1414=ORIENTED_EDGE('',*,*,#1685,.F.);
#1415=ORIENTED_EDGE('',*,*,#1877,.T.);
#1416=ORIENTED_EDGE('',*,*,#1692,.T.);
#1417=ORIENTED_EDGE('',*,*,#1879,.F.);
#1418=ORIENTED_EDGE('',*,*,#1595,.F.);
#1419=ORIENTED_EDGE('',*,*,#1880,.T.);
#1420=ORIENTED_EDGE('',*,*,#1789,.T.);
#1421=ORIENTED_EDGE('',*,*,#1881,.F.);
#1422=ORIENTED_EDGE('',*,*,#1596,.F.);
#1423=ORIENTED_EDGE('',*,*,#1879,.T.);
#1424=ORIENTED_EDGE('',*,*,#1788,.T.);
#1425=ORIENTED_EDGE('',*,*,#1874,.F.);
#1426=ORIENTED_EDGE('',*,*,#1597,.F.);
#1427=ORIENTED_EDGE('',*,*,#1881,.T.);
#1428=ORIENTED_EDGE('',*,*,#1699,.T.);
#1429=ORIENTED_EDGE('',*,*,#1882,.F.);
#1430=ORIENTED_EDGE('',*,*,#1686,.F.);
#1431=ORIENTED_EDGE('',*,*,#1878,.T.);
#1432=ORIENTED_EDGE('',*,*,#1698,.T.);
#1433=ORIENTED_EDGE('',*,*,#1883,.F.);
#1434=ORIENTED_EDGE('',*,*,#1687,.F.);
#1435=ORIENTED_EDGE('',*,*,#1882,.T.);
#1436=ORIENTED_EDGE('',*,*,#1697,.T.);
#1437=ORIENTED_EDGE('',*,*,#1884,.F.);
#1438=ORIENTED_EDGE('',*,*,#1688,.F.);
#1439=ORIENTED_EDGE('',*,*,#1883,.T.);
#1440=ORIENTED_EDGE('',*,*,#1696,.T.);
#1441=ORIENTED_EDGE('',*,*,#1885,.F.);
#1442=ORIENTED_EDGE('',*,*,#1689,.F.);
#1443=ORIENTED_EDGE('',*,*,#1884,.T.);
#1444=ORIENTED_EDGE('',*,*,#1695,.T.);
#1445=ORIENTED_EDGE('',*,*,#1886,.F.);
#1446=ORIENTED_EDGE('',*,*,#1690,.F.);
#1447=ORIENTED_EDGE('',*,*,#1885,.T.);
#1448=ORIENTED_EDGE('',*,*,#1694,.T.);
#1449=ORIENTED_EDGE('',*,*,#1887,.F.);
#1450=ORIENTED_EDGE('',*,*,#1691,.F.);
#1451=ORIENTED_EDGE('',*,*,#1886,.T.);
#1452=ORIENTED_EDGE('',*,*,#1693,.T.);
#1453=ORIENTED_EDGE('',*,*,#1880,.F.);
#1454=ORIENTED_EDGE('',*,*,#1594,.F.);
#1455=ORIENTED_EDGE('',*,*,#1887,.T.);
#1456=ORIENTED_EDGE('',*,*,#1888,.F.);
#1457=ORIENTED_EDGE('',*,*,#1593,.T.);
#1458=ORIENTED_EDGE('',*,*,#1577,.F.);
#1459=ORIENTED_EDGE('',*,*,#1888,.T.);
#1460=ORIENTED_EDGE('',*,*,#1889,.F.);
#1461=ORIENTED_EDGE('',*,*,#1578,.T.);
#1462=ORIENTED_EDGE('',*,*,#1575,.F.);
#1463=ORIENTED_EDGE('',*,*,#1889,.T.);
#1464=ORIENTED_EDGE('',*,*,#1890,.F.);
#1465=ORIENTED_EDGE('',*,*,#1579,.T.);
#1466=ORIENTED_EDGE('',*,*,#1573,.F.);
#1467=ORIENTED_EDGE('',*,*,#1890,.T.);
#1468=ORIENTED_EDGE('',*,*,#1891,.F.);
#1469=ORIENTED_EDGE('',*,*,#1580,.T.);
#1470=ORIENTED_EDGE('',*,*,#1571,.F.);
#1471=ORIENTED_EDGE('',*,*,#1891,.T.);
#1472=ORIENTED_EDGE('',*,*,#1892,.F.);
#1473=ORIENTED_EDGE('',*,*,#1581,.T.);
#1474=ORIENTED_EDGE('',*,*,#1569,.F.);
#1475=ORIENTED_EDGE('',*,*,#1892,.T.);
#1476=ORIENTED_EDGE('',*,*,#1893,.F.);
#1477=ORIENTED_EDGE('',*,*,#1582,.T.);
#1478=ORIENTED_EDGE('',*,*,#1567,.F.);
#1479=ORIENTED_EDGE('',*,*,#1893,.T.);
#1480=ORIENTED_EDGE('',*,*,#1894,.F.);
#1481=ORIENTED_EDGE('',*,*,#1583,.T.);
#1482=ORIENTED_EDGE('',*,*,#1565,.F.);
#1483=ORIENTED_EDGE('',*,*,#1894,.T.);
#1484=ORIENTED_EDGE('',*,*,#1895,.F.);
#1485=ORIENTED_EDGE('',*,*,#1584,.T.);
#1486=ORIENTED_EDGE('',*,*,#1563,.F.);
#1487=ORIENTED_EDGE('',*,*,#1895,.T.);
#1488=ORIENTED_EDGE('',*,*,#1896,.F.);
#1489=ORIENTED_EDGE('',*,*,#1585,.T.);
#1490=ORIENTED_EDGE('',*,*,#1561,.F.);
#1491=ORIENTED_EDGE('',*,*,#1896,.T.);
#1492=ORIENTED_EDGE('',*,*,#1897,.F.);
#1493=ORIENTED_EDGE('',*,*,#1586,.T.);
#1494=ORIENTED_EDGE('',*,*,#1559,.F.);
#1495=ORIENTED_EDGE('',*,*,#1897,.T.);
#1496=ORIENTED_EDGE('',*,*,#1898,.F.);
#1497=ORIENTED_EDGE('',*,*,#1587,.T.);
#1498=ORIENTED_EDGE('',*,*,#1557,.F.);
#1499=ORIENTED_EDGE('',*,*,#1898,.T.);
#1500=ORIENTED_EDGE('',*,*,#1899,.F.);
#1501=ORIENTED_EDGE('',*,*,#1588,.T.);
#1502=ORIENTED_EDGE('',*,*,#1555,.F.);
#1503=ORIENTED_EDGE('',*,*,#1899,.T.);
#1504=ORIENTED_EDGE('',*,*,#1900,.F.);
#1505=ORIENTED_EDGE('',*,*,#1589,.T.);
#1506=ORIENTED_EDGE('',*,*,#1553,.F.);
#1507=ORIENTED_EDGE('',*,*,#1900,.T.);
#1508=ORIENTED_EDGE('',*,*,#1901,.F.);
#1509=ORIENTED_EDGE('',*,*,#1590,.T.);
#1510=ORIENTED_EDGE('',*,*,#1551,.F.);
#1511=ORIENTED_EDGE('',*,*,#1901,.T.);
#1512=ORIENTED_EDGE('',*,*,#1902,.F.);
#1513=ORIENTED_EDGE('',*,*,#1591,.T.);
#1514=ORIENTED_EDGE('',*,*,#1549,.F.);
#1515=ORIENTED_EDGE('',*,*,#1902,.T.);
#1516=ORIENTED_EDGE('',*,*,#1903,.F.);
#1517=ORIENTED_EDGE('',*,*,#1592,.T.);
#1518=ORIENTED_EDGE('',*,*,#1547,.F.);
#1519=ORIENTED_EDGE('',*,*,#1903,.T.);
#1520=ORIENTED_EDGE('',*,*,#1904,.F.);
#1521=ORIENTED_EDGE('',*,*,#1905,.T.);
#1522=ORIENTED_EDGE('',*,*,#1906,.F.);
#1523=ORIENTED_EDGE('',*,*,#1907,.T.);
#1524=ORIENTED_EDGE('',*,*,#1908,.F.);
#1525=ORIENTED_EDGE('',*,*,#1906,.T.);
#1526=ORIENTED_EDGE('',*,*,#1909,.F.);
#1527=ORIENTED_EDGE('',*,*,#1908,.T.);
#1528=ORIENTED_EDGE('',*,*,#1910,.F.);
#1529=ORIENTED_EDGE('',*,*,#1909,.T.);
#1530=ORIENTED_EDGE('',*,*,#1911,.F.);
#1531=ORIENTED_EDGE('',*,*,#1910,.T.);
#1532=ORIENTED_EDGE('',*,*,#1912,.F.);
#1533=ORIENTED_EDGE('',*,*,#1911,.T.);
#1534=ORIENTED_EDGE('',*,*,#1905,.F.);
#1535=ORIENTED_EDGE('',*,*,#1912,.T.);
#1536=ORIENTED_EDGE('',*,*,#1913,.F.);
#1537=ORIENTED_EDGE('',*,*,#1913,.T.);
#1538=ORIENTED_EDGE('',*,*,#1914,.F.);
#1539=ORIENTED_EDGE('',*,*,#1907,.F.);
#1540=ORIENTED_EDGE('',*,*,#1914,.T.);
#1541=ORIENTED_EDGE('',*,*,#1915,.F.);
#1542=ORIENTED_EDGE('',*,*,#1904,.T.);
#1543=ORIENTED_EDGE('',*,*,#1915,.T.);
#1544=ORIENTED_EDGE('',*,*,#1916,.F.);
#1545=ORIENTED_EDGE('',*,*,#1916,.T.);
#1546=EDGE_CURVE('',#1917,#1917,#2190,.T.);
#1547=EDGE_CURVE('',#1918,#1918,#2191,.T.);
#1548=EDGE_CURVE('',#1919,#1919,#2192,.T.);
#1549=EDGE_CURVE('',#1920,#1920,#2193,.T.);
#1550=EDGE_CURVE('',#1921,#1921,#2194,.T.);
#1551=EDGE_CURVE('',#1922,#1922,#2195,.T.);
#1552=EDGE_CURVE('',#1923,#1923,#2196,.T.);
#1553=EDGE_CURVE('',#1924,#1924,#2197,.T.);
#1554=EDGE_CURVE('',#1925,#1925,#2198,.T.);
#1555=EDGE_CURVE('',#1926,#1926,#2199,.T.);
#1556=EDGE_CURVE('',#1927,#1927,#2200,.T.);
#1557=EDGE_CURVE('',#1928,#1928,#2201,.T.);
#1558=EDGE_CURVE('',#1929,#1929,#2202,.T.);
#1559=EDGE_CURVE('',#1930,#1930,#2203,.T.);
#1560=EDGE_CURVE('',#1931,#1931,#2204,.T.);
#1561=EDGE_CURVE('',#1932,#1932,#2205,.T.);
#1562=EDGE_CURVE('',#1933,#1933,#2206,.T.);
#1563=EDGE_CURVE('',#1934,#1934,#2207,.T.);
#1564=EDGE_CURVE('',#1935,#1935,#2208,.T.);
#1565=EDGE_CURVE('',#1936,#1936,#2209,.T.);
#1566=EDGE_CURVE('',#1937,#1937,#2210,.T.);
#1567=EDGE_CURVE('',#1938,#1938,#2211,.T.);
#1568=EDGE_CURVE('',#1939,#1939,#2212,.T.);
#1569=EDGE_CURVE('',#1940,#1940,#2213,.T.);
#1570=EDGE_CURVE('',#1941,#1941,#2214,.T.);
#1571=EDGE_CURVE('',#1942,#1942,#2215,.T.);
#1572=EDGE_CURVE('',#1943,#1943,#2216,.T.);
#1573=EDGE_CURVE('',#1944,#1944,#2217,.T.);
#1574=EDGE_CURVE('',#1945,#1945,#2218,.T.);
#1575=EDGE_CURVE('',#1946,#1946,#2219,.T.);
#1576=EDGE_CURVE('',#1947,#1947,#2220,.T.);
#1577=EDGE_CURVE('',#1948,#1948,#2221,.T.);
#1578=EDGE_CURVE('',#1949,#1949,#2222,.T.);
#1579=EDGE_CURVE('',#1950,#1950,#2223,.T.);
#1580=EDGE_CURVE('',#1951,#1951,#2224,.T.);
#1581=EDGE_CURVE('',#1952,#1952,#2225,.T.);
#1582=EDGE_CURVE('',#1953,#1953,#2226,.T.);
#1583=EDGE_CURVE('',#1954,#1954,#2227,.T.);
#1584=EDGE_CURVE('',#1955,#1955,#2228,.T.);
#1585=EDGE_CURVE('',#1956,#1956,#2229,.T.);
#1586=EDGE_CURVE('',#1957,#1957,#2230,.T.);
#1587=EDGE_CURVE('',#1958,#1958,#2231,.T.);
#1588=EDGE_CURVE('',#1959,#1959,#2232,.T.);
#1589=EDGE_CURVE('',#1960,#1960,#2233,.T.);
#1590=EDGE_CURVE('',#1961,#1961,#2234,.T.);
#1591=EDGE_CURVE('',#1962,#1962,#2235,.T.);
#1592=EDGE_CURVE('',#1963,#1963,#2236,.T.);
#1593=EDGE_CURVE('',#1964,#1964,#2237,.T.);
#1594=EDGE_CURVE('',#1965,#1966,#95,.T.);
#1595=EDGE_CURVE('',#1966,#1967,#96,.T.);
#1596=EDGE_CURVE('',#1967,#1968,#97,.T.);
#1597=EDGE_CURVE('',#1968,#1969,#98,.T.);
#1598=EDGE_CURVE('',#1969,#1970,#99,.T.);
#1599=EDGE_CURVE('',#1970,#1971,#100,.T.);
#1600=EDGE_CURVE('',#1971,#1972,#101,.T.);
#1601=EDGE_CURVE('',#1972,#1973,#102,.T.);
#1602=EDGE_CURVE('',#1973,#1974,#103,.T.);
#1603=EDGE_CURVE('',#1974,#1975,#104,.T.);
#1604=EDGE_CURVE('',#1975,#1976,#105,.T.);
#1605=EDGE_CURVE('',#1976,#1977,#106,.T.);
#1606=EDGE_CURVE('',#1977,#1978,#107,.T.);
#1607=EDGE_CURVE('',#1978,#1979,#108,.T.);
#1608=EDGE_CURVE('',#1979,#1980,#109,.T.);
#1609=EDGE_CURVE('',#1980,#1981,#110,.T.);
#1610=EDGE_CURVE('',#1981,#1982,#111,.T.);
#1611=EDGE_CURVE('',#1982,#1983,#112,.T.);
#1612=EDGE_CURVE('',#1983,#1984,#113,.T.);
#1613=EDGE_CURVE('',#1984,#1985,#114,.T.);
#1614=EDGE_CURVE('',#1985,#1986,#115,.T.);
#1615=EDGE_CURVE('',#1986,#1987,#116,.T.);
#1616=EDGE_CURVE('',#1987,#1988,#117,.T.);
#1617=EDGE_CURVE('',#1988,#1989,#118,.T.);
#1618=EDGE_CURVE('',#1989,#1990,#119,.T.);
#1619=EDGE_CURVE('',#1990,#1991,#120,.T.);
#1620=EDGE_CURVE('',#1991,#1992,#121,.T.);
#1621=EDGE_CURVE('',#1992,#1993,#122,.T.);
#1622=EDGE_CURVE('',#1993,#1994,#123,.T.);
#1623=EDGE_CURVE('',#1994,#1995,#124,.T.);
#1624=EDGE_CURVE('',#1995,#1996,#125,.T.);
#1625=EDGE_CURVE('',#1996,#1997,#126,.T.);
#1626=EDGE_CURVE('',#1997,#1998,#127,.T.);
#1627=EDGE_CURVE('',#1998,#1999,#128,.T.);
#1628=EDGE_CURVE('',#1999,#2000,#129,.T.);
#1629=EDGE_CURVE('',#2000,#2001,#130,.T.);
#1630=EDGE_CURVE('',#2001,#2002,#131,.T.);
#1631=EDGE_CURVE('',#2002,#2003,#132,.T.);
#1632=EDGE_CURVE('',#2003,#2004,#133,.T.);
#1633=EDGE_CURVE('',#2004,#2005,#134,.T.);
#1634=EDGE_CURVE('',#2005,#2006,#135,.T.);
#1635=EDGE_CURVE('',#2006,#2007,#136,.T.);
#1636=EDGE_CURVE('',#2007,#2008,#137,.T.);
#1637=EDGE_CURVE('',#2008,#2009,#138,.T.);
#1638=EDGE_CURVE('',#2009,#2010,#139,.T.);
#1639=EDGE_CURVE('',#2010,#2011,#140,.T.);
#1640=EDGE_CURVE('',#2011,#2012,#141,.T.);
#1641=EDGE_CURVE('',#2012,#2013,#142,.T.);
#1642=EDGE_CURVE('',#2013,#2014,#143,.T.);
#1643=EDGE_CURVE('',#2014,#2015,#144,.T.);
#1644=EDGE_CURVE('',#2015,#2016,#145,.T.);
#1645=EDGE_CURVE('',#2016,#2017,#146,.T.);
#1646=EDGE_CURVE('',#2017,#2018,#147,.T.);
#1647=EDGE_CURVE('',#2018,#2019,#148,.T.);
#1648=EDGE_CURVE('',#2019,#2020,#149,.T.);
#1649=EDGE_CURVE('',#2020,#2021,#150,.T.);
#1650=EDGE_CURVE('',#2021,#2022,#151,.T.);
#1651=EDGE_CURVE('',#2022,#2023,#152,.T.);
#1652=EDGE_CURVE('',#2023,#2024,#153,.T.);
#1653=EDGE_CURVE('',#2024,#2025,#154,.T.);
#1654=EDGE_CURVE('',#2025,#2026,#155,.T.);
#1655=EDGE_CURVE('',#2026,#2027,#156,.T.);
#1656=EDGE_CURVE('',#2027,#2028,#157,.T.);
#1657=EDGE_CURVE('',#2028,#2029,#158,.T.);
#1658=EDGE_CURVE('',#2029,#2030,#159,.T.);
#1659=EDGE_CURVE('',#2030,#2031,#160,.T.);
#1660=EDGE_CURVE('',#2031,#2032,#161,.T.);
#1661=EDGE_CURVE('',#2032,#2033,#162,.T.);
#1662=EDGE_CURVE('',#2033,#2034,#163,.T.);
#1663=EDGE_CURVE('',#2034,#2035,#164,.T.);
#1664=EDGE_CURVE('',#2035,#2036,#165,.T.);
#1665=EDGE_CURVE('',#2036,#2037,#166,.T.);
#1666=EDGE_CURVE('',#2037,#2038,#167,.T.);
#1667=EDGE_CURVE('',#2038,#2039,#168,.T.);
#1668=EDGE_CURVE('',#2039,#2040,#169,.T.);
#1669=EDGE_CURVE('',#2040,#2041,#170,.T.);
#1670=EDGE_CURVE('',#2041,#2042,#171,.T.);
#1671=EDGE_CURVE('',#2042,#2043,#172,.T.);
#1672=EDGE_CURVE('',#2043,#2044,#173,.T.);
#1673=EDGE_CURVE('',#2044,#2045,#174,.T.);
#1674=EDGE_CURVE('',#2045,#2046,#175,.T.);
#1675=EDGE_CURVE('',#2046,#2047,#176,.T.);
#1676=EDGE_CURVE('',#2047,#2048,#177,.T.);
#1677=EDGE_CURVE('',#2048,#2049,#178,.T.);
#1678=EDGE_CURVE('',#2049,#2050,#179,.T.);
#1679=EDGE_CURVE('',#2050,#2051,#180,.T.);
#1680=EDGE_CURVE('',#2051,#2052,#181,.T.);
#1681=EDGE_CURVE('',#2052,#2053,#182,.T.);
#1682=EDGE_CURVE('',#2053,#2054,#183,.T.);
#1683=EDGE_CURVE('',#2054,#2055,#184,.T.);
#1684=EDGE_CURVE('',#2055,#2056,#185,.T.);
#1685=EDGE_CURVE('',#2056,#2057,#186,.T.);
#1686=EDGE_CURVE('',#2057,#2058,#187,.T.);
#1687=EDGE_CURVE('',#2058,#2059,#188,.T.);
#1688=EDGE_CURVE('',#2059,#2060,#189,.T.);
#1689=EDGE_CURVE('',#2060,#2061,#190,.T.);
#1690=EDGE_CURVE('',#2061,#2062,#191,.T.);
#1691=EDGE_CURVE('',#2062,#1965,#192,.T.);
#1692=EDGE_CURVE('',#2063,#2064,#193,.T.);
#1693=EDGE_CURVE('',#2065,#2063,#194,.T.);
#1694=EDGE_CURVE('',#2066,#2065,#195,.T.);
#1695=EDGE_CURVE('',#2067,#2066,#196,.T.);
#1696=EDGE_CURVE('',#2068,#2067,#197,.T.);
#1697=EDGE_CURVE('',#2069,#2068,#198,.T.);
#1698=EDGE_CURVE('',#2070,#2069,#199,.T.);
#1699=EDGE_CURVE('',#2071,#2070,#200,.T.);
#1700=EDGE_CURVE('',#2072,#2071,#201,.T.);
#1701=EDGE_CURVE('',#2073,#2072,#202,.T.);
#1702=EDGE_CURVE('',#2074,#2073,#203,.T.);
#1703=EDGE_CURVE('',#2075,#2074,#204,.T.);
#1704=EDGE_CURVE('',#2076,#2075,#205,.T.);
#1705=EDGE_CURVE('',#2077,#2076,#206,.T.);
#1706=EDGE_CURVE('',#2078,#2077,#207,.T.);
#1707=EDGE_CURVE('',#2079,#2078,#208,.T.);
#1708=EDGE_CURVE('',#2080,#2079,#209,.T.);
#1709=EDGE_CURVE('',#2081,#2080,#210,.T.);
#1710=EDGE_CURVE('',#2082,#2081,#211,.T.);
#1711=EDGE_CURVE('',#2083,#2082,#212,.T.);
#1712=EDGE_CURVE('',#2084,#2083,#213,.T.);
#1713=EDGE_CURVE('',#2085,#2084,#214,.T.);
#1714=EDGE_CURVE('',#2086,#2085,#215,.T.);
#1715=EDGE_CURVE('',#2087,#2086,#216,.T.);
#1716=EDGE_CURVE('',#2088,#2087,#217,.T.);
#1717=EDGE_CURVE('',#2089,#2088,#218,.T.);
#1718=EDGE_CURVE('',#2090,#2089,#219,.T.);
#1719=EDGE_CURVE('',#2091,#2090,#220,.T.);
#1720=EDGE_CURVE('',#2092,#2091,#221,.T.);
#1721=EDGE_CURVE('',#2093,#2092,#222,.T.);
#1722=EDGE_CURVE('',#2094,#2093,#223,.T.);
#1723=EDGE_CURVE('',#2095,#2094,#224,.T.);
#1724=EDGE_CURVE('',#2096,#2095,#225,.T.);
#1725=EDGE_CURVE('',#2097,#2096,#226,.T.);
#1726=EDGE_CURVE('',#2098,#2097,#227,.T.);
#1727=EDGE_CURVE('',#2099,#2098,#228,.T.);
#1728=EDGE_CURVE('',#2100,#2099,#229,.T.);
#1729=EDGE_CURVE('',#2101,#2100,#230,.T.);
#1730=EDGE_CURVE('',#2102,#2101,#231,.T.);
#1731=EDGE_CURVE('',#2103,#2102,#232,.T.);
#1732=EDGE_CURVE('',#2104,#2103,#233,.T.);
#1733=EDGE_CURVE('',#2105,#2104,#234,.T.);
#1734=EDGE_CURVE('',#2106,#2105,#235,.T.);
#1735=EDGE_CURVE('',#2107,#2106,#236,.T.);
#1736=EDGE_CURVE('',#2108,#2107,#237,.T.);
#1737=EDGE_CURVE('',#2109,#2108,#238,.T.);
#1738=EDGE_CURVE('',#2110,#2109,#239,.T.);
#1739=EDGE_CURVE('',#2111,#2110,#240,.T.);
#1740=EDGE_CURVE('',#2112,#2111,#241,.T.);
#1741=EDGE_CURVE('',#2113,#2112,#242,.T.);
#1742=EDGE_CURVE('',#2114,#2113,#243,.T.);
#1743=EDGE_CURVE('',#2115,#2114,#244,.T.);
#1744=EDGE_CURVE('',#2116,#2115,#245,.T.);
#1745=EDGE_CURVE('',#2117,#2116,#246,.T.);
#1746=EDGE_CURVE('',#2118,#2117,#247,.T.);
#1747=EDGE_CURVE('',#2119,#2118,#248,.T.);
#1748=EDGE_CURVE('',#2120,#2119,#249,.T.);
#1749=EDGE_CURVE('',#2121,#2120,#250,.T.);
#1750=EDGE_CURVE('',#2122,#2121,#251,.T.);
#1751=EDGE_CURVE('',#2123,#2122,#252,.T.);
#1752=EDGE_CURVE('',#2124,#2123,#253,.T.);
#1753=EDGE_CURVE('',#2125,#2124,#254,.T.);
#1754=EDGE_CURVE('',#2126,#2125,#255,.T.);
#1755=EDGE_CURVE('',#2127,#2126,#256,.T.);
#1756=EDGE_CURVE('',#2128,#2127,#257,.T.);
#1757=EDGE_CURVE('',#2129,#2128,#258,.T.);
#1758=EDGE_CURVE('',#2130,#2129,#259,.T.);
#1759=EDGE_CURVE('',#2131,#2130,#260,.T.);
#1760=EDGE_CURVE('',#2132,#2131,#261,.T.);
#1761=EDGE_CURVE('',#2133,#2132,#262,.T.);
#1762=EDGE_CURVE('',#2134,#2133,#263,.T.);
#1763=EDGE_CURVE('',#2135,#2134,#264,.T.);
#1764=EDGE_CURVE('',#2136,#2135,#265,.T.);
#1765=EDGE_CURVE('',#2137,#2136,#266,.T.);
#1766=EDGE_CURVE('',#2138,#2137,#267,.T.);
#1767=EDGE_CURVE('',#2139,#2138,#268,.T.);
#1768=EDGE_CURVE('',#2140,#2139,#269,.T.);
#1769=EDGE_CURVE('',#2141,#2140,#270,.T.);
#1770=EDGE_CURVE('',#2142,#2141,#271,.T.);
#1771=EDGE_CURVE('',#2143,#2142,#272,.T.);
#1772=EDGE_CURVE('',#2144,#2143,#273,.T.);
#1773=EDGE_CURVE('',#2145,#2144,#274,.T.);
#1774=EDGE_CURVE('',#2146,#2145,#275,.T.);
#1775=EDGE_CURVE('',#2147,#2146,#276,.T.);
#1776=EDGE_CURVE('',#2148,#2147,#277,.T.);
#1777=EDGE_CURVE('',#2149,#2148,#278,.T.);
#1778=EDGE_CURVE('',#2150,#2149,#279,.T.);
#1779=EDGE_CURVE('',#2151,#2150,#280,.T.);
#1780=EDGE_CURVE('',#2152,#2151,#281,.T.);
#1781=EDGE_CURVE('',#2153,#2152,#282,.T.);
#1782=EDGE_CURVE('',#2154,#2153,#283,.T.);
#1783=EDGE_CURVE('',#2155,#2154,#284,.T.);
#1784=EDGE_CURVE('',#2156,#2155,#285,.T.);
#1785=EDGE_CURVE('',#2157,#2156,#286,.T.);
#1786=EDGE_CURVE('',#2158,#2157,#287,.T.);
#1787=EDGE_CURVE('',#2159,#2158,#288,.T.);
#1788=EDGE_CURVE('',#2160,#2159,#289,.T.);
#1789=EDGE_CURVE('',#2064,#2160,#290,.T.);
#1790=EDGE_CURVE('',#2012,#2116,#291,.T.);
#1791=EDGE_CURVE('',#2011,#2117,#292,.T.);
#1792=EDGE_CURVE('',#2013,#2115,#293,.T.);
#1793=EDGE_CURVE('',#2014,#2114,#294,.T.);
#1794=EDGE_CURVE('',#2015,#2113,#295,.T.);
#1795=EDGE_CURVE('',#2009,#2119,#296,.T.);
#1796=EDGE_CURVE('',#2008,#2120,#297,.T.);
#1797=EDGE_CURVE('',#2010,#2118,#298,.T.);
#1798=EDGE_CURVE('',#2016,#2112,#299,.T.);
#1799=EDGE_CURVE('',#2017,#2111,#300,.T.);
#1800=EDGE_CURVE('',#2018,#2110,#301,.T.);
#1801=EDGE_CURVE('',#2006,#2122,#302,.T.);
#1802=EDGE_CURVE('',#2005,#2123,#303,.T.);
#1803=EDGE_CURVE('',#2007,#2121,#304,.T.);
#1804=EDGE_CURVE('',#2019,#2109,#305,.T.);
#1805=EDGE_CURVE('',#2020,#2108,#306,.T.);
#1806=EDGE_CURVE('',#2021,#2107,#307,.T.);
#1807=EDGE_CURVE('',#2003,#2125,#308,.T.);
#1808=EDGE_CURVE('',#2002,#2126,#309,.T.);
#1809=EDGE_CURVE('',#2004,#2124,#310,.T.);
#1810=EDGE_CURVE('',#2022,#2106,#311,.T.);
#1811=EDGE_CURVE('',#2023,#2105,#312,.T.);
#1812=EDGE_CURVE('',#2024,#2104,#313,.T.);
#1813=EDGE_CURVE('',#2000,#2128,#314,.T.);
#1814=EDGE_CURVE('',#1999,#2129,#315,.T.);
#1815=EDGE_CURVE('',#2001,#2127,#316,.T.);
#1816=EDGE_CURVE('',#2025,#2103,#317,.T.);
#1817=EDGE_CURVE('',#2026,#2102,#318,.T.);
#1818=EDGE_CURVE('',#2027,#2101,#319,.T.);
#1819=EDGE_CURVE('',#1997,#2131,#320,.T.);
#1820=EDGE_CURVE('',#1996,#2132,#321,.T.);
#1821=EDGE_CURVE('',#1998,#2130,#322,.T.);
#1822=EDGE_CURVE('',#2028,#2100,#323,.T.);
#1823=EDGE_CURVE('',#2029,#2099,#324,.T.);
#1824=EDGE_CURVE('',#2030,#2098,#325,.T.);
#1825=EDGE_CURVE('',#1994,#2134,#326,.T.);
#1826=EDGE_CURVE('',#1993,#2135,#327,.T.);
#1827=EDGE_CURVE('',#1995,#2133,#328,.T.);
#1828=EDGE_CURVE('',#2031,#2097,#329,.T.);
#1829=EDGE_CURVE('',#2032,#2096,#330,.T.);
#1830=EDGE_CURVE('',#2033,#2095,#331,.T.);
#1831=EDGE_CURVE('',#1991,#2137,#332,.T.);
#1832=EDGE_CURVE('',#1990,#2138,#333,.T.);
#1833=EDGE_CURVE('',#1992,#2136,#334,.T.);
#1834=EDGE_CURVE('',#2034,#2094,#335,.T.);
#1835=EDGE_CURVE('',#2035,#2093,#336,.T.);
#1836=EDGE_CURVE('',#2036,#2092,#337,.T.);
#1837=EDGE_CURVE('',#1988,#2140,#338,.T.);
#1838=EDGE_CURVE('',#1987,#2141,#339,.T.);
#1839=EDGE_CURVE('',#1989,#2139,#340,.T.);
#1840=EDGE_CURVE('',#2037,#2091,#341,.T.);
#1841=EDGE_CURVE('',#2038,#2090,#342,.T.);
#1842=EDGE_CURVE('',#2039,#2089,#343,.T.);
#1843=EDGE_CURVE('',#1985,#2143,#344,.T.);
#1844=EDGE_CURVE('',#1984,#2144,#345,.T.);
#1845=EDGE_CURVE('',#1986,#2142,#346,.T.);
#1846=EDGE_CURVE('',#2040,#2088,#347,.T.);
#1847=EDGE_CURVE('',#2041,#2087,#348,.T.);
#1848=EDGE_CURVE('',#2042,#2086,#349,.T.);
#1849=EDGE_CURVE('',#1982,#2146,#350,.T.);
#1850=EDGE_CURVE('',#1981,#2147,#351,.T.);
#1851=EDGE_CURVE('',#1983,#2145,#352,.T.);
#1852=EDGE_CURVE('',#2043,#2085,#353,.T.);
#1853=EDGE_CURVE('',#2044,#2084,#354,.T.);
#1854=EDGE_CURVE('',#2045,#2083,#355,.T.);
#1855=EDGE_CURVE('',#1979,#2149,#356,.T.);
#1856=EDGE_CURVE('',#1978,#2150,#357,.T.);
#1857=EDGE_CURVE('',#1980,#2148,#358,.T.);
#1858=EDGE_CURVE('',#2046,#2082,#359,.T.);
#1859=EDGE_CURVE('',#2047,#2081,#360,.T.);
#1860=EDGE_CURVE('',#2048,#2080,#361,.T.);
#1861=EDGE_CURVE('',#1976,#2152,#362,.T.);
#1862=EDGE_CURVE('',#1975,#2153,#363,.T.);
#1863=EDGE_CURVE('',#1977,#2151,#364,.T.);
#1864=EDGE_CURVE('',#2049,#2079,#365,.T.);
#1865=EDGE_CURVE('',#2050,#2078,#366,.T.);
#1866=EDGE_CURVE('',#2051,#2077,#367,.T.);
#1867=EDGE_CURVE('',#1973,#2155,#368,.T.);
#1868=EDGE_CURVE('',#1972,#2156,#369,.T.);
#1869=EDGE_CURVE('',#1974,#2154,#370,.T.);
#1870=EDGE_CURVE('',#2052,#2076,#371,.T.);
#1871=EDGE_CURVE('',#2053,#2075,#372,.T.);
#1872=EDGE_CURVE('',#2054,#2074,#373,.T.);
#1873=EDGE_CURVE('',#1970,#2158,#374,.T.);
#1874=EDGE_CURVE('',#1969,#2159,#375,.T.);
#1875=EDGE_CURVE('',#1971,#2157,#376,.T.);
#1876=EDGE_CURVE('',#2055,#2073,#377,.T.);
#1877=EDGE_CURVE('',#2056,#2072,#378,.T.);
#1878=EDGE_CURVE('',#2057,#2071,#379,.T.);
#1879=EDGE_CURVE('',#1967,#2064,#380,.T.);
#1880=EDGE_CURVE('',#1966,#2063,#381,.T.);
#1881=EDGE_CURVE('',#1968,#2160,#382,.T.);
#1882=EDGE_CURVE('',#2058,#2070,#383,.T.);
#1883=EDGE_CURVE('',#2059,#2069,#384,.T.);
#1884=EDGE_CURVE('',#2060,#2068,#385,.T.);
#1885=EDGE_CURVE('',#2061,#2067,#386,.T.);
#1886=EDGE_CURVE('',#2062,#2066,#387,.T.);
#1887=EDGE_CURVE('',#1965,#2065,#388,.T.);
#1888=EDGE_CURVE('',#2161,#2161,#2238,.T.);
#1889=EDGE_CURVE('',#2162,#2162,#2239,.T.);
#1890=EDGE_CURVE('',#2163,#2163,#2240,.T.);
#1891=EDGE_CURVE('',#2164,#2164,#2241,.T.);
#1892=EDGE_CURVE('',#2165,#2165,#2242,.T.);
#1893=EDGE_CURVE('',#2166,#2166,#2243,.T.);
#1894=EDGE_CURVE('',#2167,#2167,#2244,.T.);
#1895=EDGE_CURVE('',#2168,#2168,#2245,.T.);
#1896=EDGE_CURVE('',#2169,#2169,#2246,.T.);
#1897=EDGE_CURVE('',#2170,#2170,#2247,.T.);
#1898=EDGE_CURVE('',#2171,#2171,#2248,.T.);
#1899=EDGE_CURVE('',#2172,#2172,#2249,.T.);
#1900=EDGE_CURVE('',#2173,#2173,#2250,.T.);
#1901=EDGE_CURVE('',#2174,#2174,#2251,.T.);
#1902=EDGE_CURVE('',#2175,#2175,#2252,.T.);
#1903=EDGE_CURVE('',#2176,#2176,#2253,.T.);
#1904=EDGE_CURVE('',#2177,#2177,#2254,.F.);
#1905=EDGE_CURVE('',#2178,#2178,#2255,.T.);
#1906=EDGE_CURVE('',#2179,#2179,#2256,.T.);
#1907=EDGE_CURVE('',#2180,#2180,#2257,.T.);
#1908=EDGE_CURVE('',#2181,#2181,#2258,.T.);
#1909=EDGE_CURVE('',#2182,#2182,#2259,.T.);
#1910=EDGE_CURVE('',#2183,#2183,#2260,.T.);
#1911=EDGE_CURVE('',#2184,#2184,#2261,.T.);
#1912=EDGE_CURVE('',#2185,#2185,#2262,.T.);
#1913=EDGE_CURVE('',#2186,#2186,#2263,.T.);
#1914=EDGE_CURVE('',#2187,#2187,#2264,.T.);
#1915=EDGE_CURVE('',#2188,#2188,#2265,.T.);
#1916=EDGE_CURVE('',#2189,#2189,#2266,.T.);
#1917=VERTEX_POINT('',#4067);
#1918=VERTEX_POINT('',#4069);
#1919=VERTEX_POINT('',#4072);
#1920=VERTEX_POINT('',#4074);
#1921=VERTEX_POINT('',#4077);
#1922=VERTEX_POINT('',#4079);
#1923=VERTEX_POINT('',#4082);
#1924=VERTEX_POINT('',#4084);
#1925=VERTEX_POINT('',#4087);
#1926=VERTEX_POINT('',#4089);
#1927=VERTEX_POINT('',#4092);
#1928=VERTEX_POINT('',#4094);
#1929=VERTEX_POINT('',#4097);
#1930=VERTEX_POINT('',#4099);
#1931=VERTEX_POINT('',#4102);
#1932=VERTEX_POINT('',#4104);
#1933=VERTEX_POINT('',#4107);
#1934=VERTEX_POINT('',#4109);
#1935=VERTEX_POINT('',#4112);
#1936=VERTEX_POINT('',#4114);
#1937=VERTEX_POINT('',#4117);
#1938=VERTEX_POINT('',#4119);
#1939=VERTEX_POINT('',#4122);
#1940=VERTEX_POINT('',#4124);
#1941=VERTEX_POINT('',#4127);
#1942=VERTEX_POINT('',#4129);
#1943=VERTEX_POINT('',#4132);
#1944=VERTEX_POINT('',#4134);
#1945=VERTEX_POINT('',#4137);
#1946=VERTEX_POINT('',#4139);
#1947=VERTEX_POINT('',#4142);
#1948=VERTEX_POINT('',#4144);
#1949=VERTEX_POINT('',#4147);
#1950=VERTEX_POINT('',#4149);
#1951=VERTEX_POINT('',#4151);
#1952=VERTEX_POINT('',#4153);
#1953=VERTEX_POINT('',#4155);
#1954=VERTEX_POINT('',#4157);
#1955=VERTEX_POINT('',#4159);
#1956=VERTEX_POINT('',#4161);
#1957=VERTEX_POINT('',#4163);
#1958=VERTEX_POINT('',#4165);
#1959=VERTEX_POINT('',#4167);
#1960=VERTEX_POINT('',#4169);
#1961=VERTEX_POINT('',#4171);
#1962=VERTEX_POINT('',#4173);
#1963=VERTEX_POINT('',#4175);
#1964=VERTEX_POINT('',#4177);
#1965=VERTEX_POINT('',#4179);
#1966=VERTEX_POINT('',#4180);
#1967=VERTEX_POINT('',#4182);
#1968=VERTEX_POINT('',#4184);
#1969=VERTEX_POINT('',#4186);
#1970=VERTEX_POINT('',#4188);
#1971=VERTEX_POINT('',#4190);
#1972=VERTEX_POINT('',#4192);
#1973=VERTEX_POINT('',#4194);
#1974=VERTEX_POINT('',#4196);
#1975=VERTEX_POINT('',#4198);
#1976=VERTEX_POINT('',#4200);
#1977=VERTEX_POINT('',#4202);
#1978=VERTEX_POINT('',#4204);
#1979=VERTEX_POINT('',#4206);
#1980=VERTEX_POINT('',#4208);
#1981=VERTEX_POINT('',#4210);
#1982=VERTEX_POINT('',#4212);
#1983=VERTEX_POINT('',#4214);
#1984=VERTEX_POINT('',#4216);
#1985=VERTEX_POINT('',#4218);
#1986=VERTEX_POINT('',#4220);
#1987=VERTEX_POINT('',#4222);
#1988=VERTEX_POINT('',#4224);
#1989=VERTEX_POINT('',#4226);
#1990=VERTEX_POINT('',#4228);
#1991=VERTEX_POINT('',#4230);
#1992=VERTEX_POINT('',#4232);
#1993=VERTEX_POINT('',#4234);
#1994=VERTEX_POINT('',#4236);
#1995=VERTEX_POINT('',#4238);
#1996=VERTEX_POINT('',#4240);
#1997=VERTEX_POINT('',#4242);
#1998=VERTEX_POINT('',#4244);
#1999=VERTEX_POINT('',#4246);
#2000=VERTEX_POINT('',#4248);
#2001=VERTEX_POINT('',#4250);
#2002=VERTEX_POINT('',#4252);
#2003=VERTEX_POINT('',#4254);
#2004=VERTEX_POINT('',#4256);
#2005=VERTEX_POINT('',#4258);
#2006=VERTEX_POINT('',#4260);
#2007=VERTEX_POINT('',#4262);
#2008=VERTEX_POINT('',#4264);
#2009=VERTEX_POINT('',#4266);
#2010=VERTEX_POINT('',#4268);
#2011=VERTEX_POINT('',#4270);
#2012=VERTEX_POINT('',#4272);
#2013=VERTEX_POINT('',#4274);
#2014=VERTEX_POINT('',#4276);
#2015=VERTEX_POINT('',#4278);
#2016=VERTEX_POINT('',#4280);
#2017=VERTEX_POINT('',#4282);
#2018=VERTEX_POINT('',#4284);
#2019=VERTEX_POINT('',#4286);
#2020=VERTEX_POINT('',#4288);
#2021=VERTEX_POINT('',#4290);
#2022=VERTEX_POINT('',#4292);
#2023=VERTEX_POINT('',#4294);
#2024=VERTEX_POINT('',#4296);
#2025=VERTEX_POINT('',#4298);
#2026=VERTEX_POINT('',#4300);
#2027=VERTEX_POINT('',#4302);
#2028=VERTEX_POINT('',#4304);
#2029=VERTEX_POINT('',#4306);
#2030=VERTEX_POINT('',#4308);
#2031=VERTEX_POINT('',#4310);
#2032=VERTEX_POINT('',#4312);
#2033=VERTEX_POINT('',#4314);
#2034=VERTEX_POINT('',#4316);
#2035=VERTEX_POINT('',#4318);
#2036=VERTEX_POINT('',#4320);
#2037=VERTEX_POINT('',#4322);
#2038=VERTEX_POINT('',#4324);
#2039=VERTEX_POINT('',#4326);
#2040=VERTEX_POINT('',#4328);
#2041=VERTEX_POINT('',#4330);
#2042=VERTEX_POINT('',#4332);
#2043=VERTEX_POINT('',#4334);
#2044=VERTEX_POINT('',#4336);
#2045=VERTEX_POINT('',#4338);
#2046=VERTEX_POINT('',#4340);
#2047=VERTEX_POINT('',#4342);
#2048=VERTEX_POINT('',#4344);
#2049=VERTEX_POINT('',#4346);
#2050=VERTEX_POINT('',#4348);
#2051=VERTEX_POINT('',#4350);
#2052=VERTEX_POINT('',#4352);
#2053=VERTEX_POINT('',#4354);
#2054=VERTEX_POINT('',#4356);
#2055=VERTEX_POINT('',#4358);
#2056=VERTEX_POINT('',#4360);
#2057=VERTEX_POINT('',#4362);
#2058=VERTEX_POINT('',#4364);
#2059=VERTEX_POINT('',#4366);
#2060=VERTEX_POINT('',#4368);
#2061=VERTEX_POINT('',#4370);
#2062=VERTEX_POINT('',#4372);
#2063=VERTEX_POINT('',#4376);
#2064=VERTEX_POINT('',#4377);
#2065=VERTEX_POINT('',#4379);
#2066=VERTEX_POINT('',#4381);
#2067=VERTEX_POINT('',#4383);
#2068=VERTEX_POINT('',#4385);
#2069=VERTEX_POINT('',#4387);
#2070=VERTEX_POINT('',#4389);
#2071=VERTEX_POINT('',#4391);
#2072=VERTEX_POINT('',#4393);
#2073=VERTEX_POINT('',#4395);
#2074=VERTEX_POINT('',#4397);
#2075=VERTEX_POINT('',#4399);
#2076=VERTEX_POINT('',#4401);
#2077=VERTEX_POINT('',#4403);
#2078=VERTEX_POINT('',#4405);
#2079=VERTEX_POINT('',#4407);
#2080=VERTEX_POINT('',#4409);
#2081=VERTEX_POINT('',#4411);
#2082=VERTEX_POINT('',#4413);
#2083=VERTEX_POINT('',#4415);
#2084=VERTEX_POINT('',#4417);
#2085=VERTEX_POINT('',#4419);
#2086=VERTEX_POINT('',#4421);
#2087=VERTEX_POINT('',#4423);
#2088=VERTEX_POINT('',#4425);
#2089=VERTEX_POINT('',#4427);
#2090=VERTEX_POINT('',#4429);
#2091=VERTEX_POINT('',#4431);
#2092=VERTEX_POINT('',#4433);
#2093=VERTEX_POINT('',#4435);
#2094=VERTEX_POINT('',#4437);
#2095=VERTEX_POINT('',#4439);
#2096=VERTEX_POINT('',#4441);
#2097=VERTEX_POINT('',#4443);
#2098=VERTEX_POINT('',#4445);
#2099=VERTEX_POINT('',#4447);
#2100=VERTEX_POINT('',#4449);
#2101=VERTEX_POINT('',#4451);
#2102=VERTEX_POINT('',#4453);
#2103=VERTEX_POINT('',#4455);
#2104=VERTEX_POINT('',#4457);
#2105=VERTEX_POINT('',#4459);
#2106=VERTEX_POINT('',#4461);
#2107=VERTEX_POINT('',#4463);
#2108=VERTEX_POINT('',#4465);
#2109=VERTEX_POINT('',#4467);
#2110=VERTEX_POINT('',#4469);
#2111=VERTEX_POINT('',#4471);
#2112=VERTEX_POINT('',#4473);
#2113=VERTEX_POINT('',#4475);
#2114=VERTEX_POINT('',#4477);
#2115=VERTEX_POINT('',#4479);
#2116=VERTEX_POINT('',#4481);
#2117=VERTEX_POINT('',#4483);
#2118=VERTEX_POINT('',#4485);
#2119=VERTEX_POINT('',#4487);
#2120=VERTEX_POINT('',#4489);
#2121=VERTEX_POINT('',#4491);
#2122=VERTEX_POINT('',#4493);
#2123=VERTEX_POINT('',#4495);
#2124=VERTEX_POINT('',#4497);
#2125=VERTEX_POINT('',#4499);
#2126=VERTEX_POINT('',#4501);
#2127=VERTEX_POINT('',#4503);
#2128=VERTEX_POINT('',#4505);
#2129=VERTEX_POINT('',#4507);
#2130=VERTEX_POINT('',#4509);
#2131=VERTEX_POINT('',#4511);
#2132=VERTEX_POINT('',#4513);
#2133=VERTEX_POINT('',#4515);
#2134=VERTEX_POINT('',#4517);
#2135=VERTEX_POINT('',#4519);
#2136=VERTEX_POINT('',#4521);
#2137=VERTEX_POINT('',#4523);
#2138=VERTEX_POINT('',#4525);
#2139=VERTEX_POINT('',#4527);
#2140=VERTEX_POINT('',#4529);
#2141=VERTEX_POINT('',#4531);
#2142=VERTEX_POINT('',#4533);
#2143=VERTEX_POINT('',#4535);
#2144=VERTEX_POINT('',#4537);
#2145=VERTEX_POINT('',#4539);
#2146=VERTEX_POINT('',#4541);
#2147=VERTEX_POINT('',#4543);
#2148=VERTEX_POINT('',#4545);
#2149=VERTEX_POINT('',#4547);
#2150=VERTEX_POINT('',#4549);
#2151=VERTEX_POINT('',#4551);
#2152=VERTEX_POINT('',#4553);
#2153=VERTEX_POINT('',#4555);
#2154=VERTEX_POINT('',#4557);
#2155=VERTEX_POINT('',#4559);
#2156=VERTEX_POINT('',#4561);
#2157=VERTEX_POINT('',#4563);
#2158=VERTEX_POINT('',#4565);
#2159=VERTEX_POINT('',#4567);
#2160=VERTEX_POINT('',#4569);
#2161=VERTEX_POINT('',#4769);
#2162=VERTEX_POINT('',#4773);
#2163=VERTEX_POINT('',#4777);
#2164=VERTEX_POINT('',#4781);
#2165=VERTEX_POINT('',#4785);
#2166=VERTEX_POINT('',#4789);
#2167=VERTEX_POINT('',#4793);
#2168=VERTEX_POINT('',#4797);
#2169=VERTEX_POINT('',#4801);
#2170=VERTEX_POINT('',#4805);
#2171=VERTEX_POINT('',#4809);
#2172=VERTEX_POINT('',#4813);
#2173=VERTEX_POINT('',#4817);
#2174=VERTEX_POINT('',#4821);
#2175=VERTEX_POINT('',#4825);
#2176=VERTEX_POINT('',#4829);
#2177=VERTEX_POINT('',#4834);
#2178=VERTEX_POINT('',#4836);
#2179=VERTEX_POINT('',#4839);
#2180=VERTEX_POINT('',#4841);
#2181=VERTEX_POINT('',#4844);
#2182=VERTEX_POINT('',#4847);
#2183=VERTEX_POINT('',#4850);
#2184=VERTEX_POINT('',#4853);
#2185=VERTEX_POINT('',#4856);
#2186=VERTEX_POINT('',#4860);
#2187=VERTEX_POINT('',#4863);
#2188=VERTEX_POINT('',#4867);
#2189=VERTEX_POINT('',#4870);
#2190=CIRCLE('',#3001,0.026);
#2191=CIRCLE('',#3002,0.026);
#2192=CIRCLE('',#3004,0.026);
#2193=CIRCLE('',#3005,0.026);
#2194=CIRCLE('',#3007,0.026);
#2195=CIRCLE('',#3008,0.026);
#2196=CIRCLE('',#3010,0.026);
#2197=CIRCLE('',#3011,0.026);
#2198=CIRCLE('',#3013,0.026);
#2199=CIRCLE('',#3014,0.026);
#2200=CIRCLE('',#3016,0.026);
#2201=CIRCLE('',#3017,0.026);
#2202=CIRCLE('',#3019,0.026);
#2203=CIRCLE('',#3020,0.026);
#2204=CIRCLE('',#3022,0.026);
#2205=CIRCLE('',#3023,0.026);
#2206=CIRCLE('',#3025,0.026);
#2207=CIRCLE('',#3026,0.026);
#2208=CIRCLE('',#3028,0.026);
#2209=CIRCLE('',#3029,0.026);
#2210=CIRCLE('',#3031,0.026);
#2211=CIRCLE('',#3032,0.026);
#2212=CIRCLE('',#3034,0.026);
#2213=CIRCLE('',#3035,0.026);
#2214=CIRCLE('',#3037,0.026);
#2215=CIRCLE('',#3038,0.026);
#2216=CIRCLE('',#3040,0.026);
#2217=CIRCLE('',#3041,0.026);
#2218=CIRCLE('',#3043,0.026);
#2219=CIRCLE('',#3044,0.026);
#2220=CIRCLE('',#3046,0.026);
#2221=CIRCLE('',#3047,0.026);
#2222=CIRCLE('',#3049,0.035);
#2223=CIRCLE('',#3050,0.035);
#2224=CIRCLE('',#3051,0.035);
#2225=CIRCLE('',#3052,0.035);
#2226=CIRCLE('',#3053,0.035);
#2227=CIRCLE('',#3054,0.035);
#2228=CIRCLE('',#3055,0.035);
#2229=CIRCLE('',#3056,0.035);
#2230=CIRCLE('',#3057,0.035);
#2231=CIRCLE('',#3058,0.035);
#2232=CIRCLE('',#3059,0.035);
#2233=CIRCLE('',#3060,0.035);
#2234=CIRCLE('',#3061,0.035);
#2235=CIRCLE('',#3062,0.035);
#2236=CIRCLE('',#3063,0.035);
#2237=CIRCLE('',#3064,0.035);
#2238=CIRCLE('',#3165,0.035);
#2239=CIRCLE('',#3168,0.035);
#2240=CIRCLE('',#3171,0.035);
#2241=CIRCLE('',#3174,0.035);
#2242=CIRCLE('',#3177,0.035);
#2243=CIRCLE('',#3180,0.035);
#2244=CIRCLE('',#3183,0.035);
#2245=CIRCLE('',#3186,0.035);
#2246=CIRCLE('',#3189,0.035);
#2247=CIRCLE('',#3192,0.035);
#2248=CIRCLE('',#3195,0.035);
#2249=CIRCLE('',#3198,0.035);
#2250=CIRCLE('',#3201,0.035);
#2251=CIRCLE('',#3204,0.035);
#2252=CIRCLE('',#3207,0.035);
#2253=CIRCLE('',#3210,0.035);
#2254=CIRCLE('',#3214,0.009);
#2255=CIRCLE('',#3215,0.026);
#2256=CIRCLE('',#3217,0.035);
#2257=CIRCLE('',#3218,0.0125);
#2258=CIRCLE('',#3220,0.035);
#2259=CIRCLE('',#3222,0.026);
#2260=CIRCLE('',#3224,0.026);
#2261=CIRCLE('',#3226,0.0305);
#2262=CIRCLE('',#3228,0.026);
#2263=CIRCLE('',#3231,0.002);
#2264=CIRCLE('',#3233,0.0125);
#2265=CIRCLE('',#3236,0.009);
#2266=CIRCLE('',#3238,0.002);
#2267=EDGE_LOOP('',(#804));
#2268=EDGE_LOOP('',(#805));
#2269=EDGE_LOOP('',(#806));
#2270=EDGE_LOOP('',(#807));
#2271=EDGE_LOOP('',(#808));
#2272=EDGE_LOOP('',(#809));
#2273=EDGE_LOOP('',(#810));
#2274=EDGE_LOOP('',(#811));
#2275=EDGE_LOOP('',(#812));
#2276=EDGE_LOOP('',(#813));
#2277=EDGE_LOOP('',(#814));
#2278=EDGE_LOOP('',(#815));
#2279=EDGE_LOOP('',(#816));
#2280=EDGE_LOOP('',(#817));
#2281=EDGE_LOOP('',(#818));
#2282=EDGE_LOOP('',(#819));
#2283=EDGE_LOOP('',(#820));
#2284=EDGE_LOOP('',(#821));
#2285=EDGE_LOOP('',(#822));
#2286=EDGE_LOOP('',(#823));
#2287=EDGE_LOOP('',(#824));
#2288=EDGE_LOOP('',(#825));
#2289=EDGE_LOOP('',(#826));
#2290=EDGE_LOOP('',(#827));
#2291=EDGE_LOOP('',(#828));
#2292=EDGE_LOOP('',(#829));
#2293=EDGE_LOOP('',(#830));
#2294=EDGE_LOOP('',(#831));
#2295=EDGE_LOOP('',(#832));
#2296=EDGE_LOOP('',(#833));
#2297=EDGE_LOOP('',(#834));
#2298=EDGE_LOOP('',(#835));
#2299=EDGE_LOOP('',(#836));
#2300=EDGE_LOOP('',(#837));
#2301=EDGE_LOOP('',(#838));
#2302=EDGE_LOOP('',(#839));
#2303=EDGE_LOOP('',(#840));
#2304=EDGE_LOOP('',(#841));
#2305=EDGE_LOOP('',(#842));
#2306=EDGE_LOOP('',(#843));
#2307=EDGE_LOOP('',(#844));
#2308=EDGE_LOOP('',(#845));
#2309=EDGE_LOOP('',(#846));
#2310=EDGE_LOOP('',(#847));
#2311=EDGE_LOOP('',(#848));
#2312=EDGE_LOOP('',(#849));
#2313=EDGE_LOOP('',(#850));
#2314=EDGE_LOOP('',(#851));
#2315=EDGE_LOOP('',(#852,#853,#854,#855,#856,#857,#858,#859,#860,#861,#862,
#863,#864,#865,#866,#867,#868,#869,#870,#871,#872,#873,#874,#875,#876,#877,
#878,#879,#880,#881,#882,#883,#884,#885,#886,#887,#888,#889,#890,#891,#892,
#893,#894,#895,#896,#897,#898,#899,#900,#901,#902,#903,#904,#905,#906,#907,
#908,#909,#910,#911,#912,#913,#914,#915,#916,#917,#918,#919,#920,#921,#922,
#923,#924,#925,#926,#927,#928,#929,#930,#931,#932,#933,#934,#935,#936,#937,
#938,#939,#940,#941,#942,#943,#944,#945,#946,#947,#948,#949));
#2316=EDGE_LOOP('',(#950));
#2317=EDGE_LOOP('',(#951));
#2318=EDGE_LOOP('',(#952));
#2319=EDGE_LOOP('',(#953));
#2320=EDGE_LOOP('',(#954));
#2321=EDGE_LOOP('',(#955));
#2322=EDGE_LOOP('',(#956));
#2323=EDGE_LOOP('',(#957));
#2324=EDGE_LOOP('',(#958));
#2325=EDGE_LOOP('',(#959));
#2326=EDGE_LOOP('',(#960));
#2327=EDGE_LOOP('',(#961));
#2328=EDGE_LOOP('',(#962));
#2329=EDGE_LOOP('',(#963));
#2330=EDGE_LOOP('',(#964));
#2331=EDGE_LOOP('',(#965));
#2332=EDGE_LOOP('',(#966,#967,#968,#969,#970,#971,#972,#973,#974,#975,#976,
#977,#978,#979,#980,#981,#982,#983,#984,#985,#986,#987,#988,#989,#990,#991,
#992,#993,#994,#995,#996,#997,#998,#999,#1000,#1001,#1002,#1003,#1004,#1005,
#1006,#1007,#1008,#1009,#1010,#1011,#1012,#1013,#1014,#1015,#1016,#1017,
#1018,#1019,#1020,#1021,#1022,#1023,#1024,#1025,#1026,#1027,#1028,#1029,
#1030,#1031,#1032,#1033,#1034,#1035,#1036,#1037,#1038,#1039,#1040,#1041,
#1042,#1043,#1044,#1045,#1046,#1047,#1048,#1049,#1050,#1051,#1052,#1053,
#1054,#1055,#1056,#1057,#1058,#1059,#1060,#1061,#1062,#1063));
#2333=EDGE_LOOP('',(#1064,#1065,#1066,#1067));
#2334=EDGE_LOOP('',(#1068,#1069,#1070,#1071));
#2335=EDGE_LOOP('',(#1072,#1073,#1074,#1075));
#2336=EDGE_LOOP('',(#1076,#1077,#1078,#1079));
#2337=EDGE_LOOP('',(#1080,#1081,#1082,#1083));
#2338=EDGE_LOOP('',(#1084,#1085,#1086,#1087));
#2339=EDGE_LOOP('',(#1088,#1089,#1090,#1091));
#2340=EDGE_LOOP('',(#1092,#1093,#1094,#1095));
#2341=EDGE_LOOP('',(#1096,#1097,#1098,#1099));
#2342=EDGE_LOOP('',(#1100,#1101,#1102,#1103));
#2343=EDGE_LOOP('',(#1104,#1105,#1106,#1107));
#2344=EDGE_LOOP('',(#1108,#1109,#1110,#1111));
#2345=EDGE_LOOP('',(#1112,#1113,#1114,#1115));
#2346=EDGE_LOOP('',(#1116,#1117,#1118,#1119));
#2347=EDGE_LOOP('',(#1120,#1121,#1122,#1123));
#2348=EDGE_LOOP('',(#1124,#1125,#1126,#1127));
#2349=EDGE_LOOP('',(#1128,#1129,#1130,#1131));
#2350=EDGE_LOOP('',(#1132,#1133,#1134,#1135));
#2351=EDGE_LOOP('',(#1136,#1137,#1138,#1139));
#2352=EDGE_LOOP('',(#1140,#1141,#1142,#1143));
#2353=EDGE_LOOP('',(#1144,#1145,#1146,#1147));
#2354=EDGE_LOOP('',(#1148,#1149,#1150,#1151));
#2355=EDGE_LOOP('',(#1152,#1153,#1154,#1155));
#2356=EDGE_LOOP('',(#1156,#1157,#1158,#1159));
#2357=EDGE_LOOP('',(#1160,#1161,#1162,#1163));
#2358=EDGE_LOOP('',(#1164,#1165,#1166,#1167));
#2359=EDGE_LOOP('',(#1168,#1169,#1170,#1171));
#2360=EDGE_LOOP('',(#1172,#1173,#1174,#1175));
#2361=EDGE_LOOP('',(#1176,#1177,#1178,#1179));
#2362=EDGE_LOOP('',(#1180,#1181,#1182,#1183));
#2363=EDGE_LOOP('',(#1184,#1185,#1186,#1187));
#2364=EDGE_LOOP('',(#1188,#1189,#1190,#1191));
#2365=EDGE_LOOP('',(#1192,#1193,#1194,#1195));
#2366=EDGE_LOOP('',(#1196,#1197,#1198,#1199));
#2367=EDGE_LOOP('',(#1200,#1201,#1202,#1203));
#2368=EDGE_LOOP('',(#1204,#1205,#1206,#1207));
#2369=EDGE_LOOP('',(#1208,#1209,#1210,#1211));
#2370=EDGE_LOOP('',(#1212,#1213,#1214,#1215));
#2371=EDGE_LOOP('',(#1216,#1217,#1218,#1219));
#2372=EDGE_LOOP('',(#1220,#1221,#1222,#1223));
#2373=EDGE_LOOP('',(#1224,#1225,#1226,#1227));
#2374=EDGE_LOOP('',(#1228,#1229,#1230,#1231));
#2375=EDGE_LOOP('',(#1232,#1233,#1234,#1235));
#2376=EDGE_LOOP('',(#1236,#1237,#1238,#1239));
#2377=EDGE_LOOP('',(#1240,#1241,#1242,#1243));
#2378=EDGE_LOOP('',(#1244,#1245,#1246,#1247));
#2379=EDGE_LOOP('',(#1248,#1249,#1250,#1251));
#2380=EDGE_LOOP('',(#1252,#1253,#1254,#1255));
#2381=EDGE_LOOP('',(#1256,#1257,#1258,#1259));
#2382=EDGE_LOOP('',(#1260,#1261,#1262,#1263));
#2383=EDGE_LOOP('',(#1264,#1265,#1266,#1267));
#2384=EDGE_LOOP('',(#1268,#1269,#1270,#1271));
#2385=EDGE_LOOP('',(#1272,#1273,#1274,#1275));
#2386=EDGE_LOOP('',(#1276,#1277,#1278,#1279));
#2387=EDGE_LOOP('',(#1280,#1281,#1282,#1283));
#2388=EDGE_LOOP('',(#1284,#1285,#1286,#1287));
#2389=EDGE_LOOP('',(#1288,#1289,#1290,#1291));
#2390=EDGE_LOOP('',(#1292,#1293,#1294,#1295));
#2391=EDGE_LOOP('',(#1296,#1297,#1298,#1299));
#2392=EDGE_LOOP('',(#1300,#1301,#1302,#1303));
#2393=EDGE_LOOP('',(#1304,#1305,#1306,#1307));
#2394=EDGE_LOOP('',(#1308,#1309,#1310,#1311));
#2395=EDGE_LOOP('',(#1312,#1313,#1314,#1315));
#2396=EDGE_LOOP('',(#1316,#1317,#1318,#1319));
#2397=EDGE_LOOP('',(#1320,#1321,#1322,#1323));
#2398=EDGE_LOOP('',(#1324,#1325,#1326,#1327));
#2399=EDGE_LOOP('',(#1328,#1329,#1330,#1331));
#2400=EDGE_LOOP('',(#1332,#1333,#1334,#1335));
#2401=EDGE_LOOP('',(#1336,#1337,#1338,#1339));
#2402=EDGE_LOOP('',(#1340,#1341,#1342,#1343));
#2403=EDGE_LOOP('',(#1344,#1345,#1346,#1347));
#2404=EDGE_LOOP('',(#1348,#1349,#1350,#1351));
#2405=EDGE_LOOP('',(#1352,#1353,#1354,#1355));
#2406=EDGE_LOOP('',(#1356,#1357,#1358,#1359));
#2407=EDGE_LOOP('',(#1360,#1361,#1362,#1363));
#2408=EDGE_LOOP('',(#1364,#1365,#1366,#1367));
#2409=EDGE_LOOP('',(#1368,#1369,#1370,#1371));
#2410=EDGE_LOOP('',(#1372,#1373,#1374,#1375));
#2411=EDGE_LOOP('',(#1376,#1377,#1378,#1379));
#2412=EDGE_LOOP('',(#1380,#1381,#1382,#1383));
#2413=EDGE_LOOP('',(#1384,#1385,#1386,#1387));
#2414=EDGE_LOOP('',(#1388,#1389,#1390,#1391));
#2415=EDGE_LOOP('',(#1392,#1393,#1394,#1395));
#2416=EDGE_LOOP('',(#1396,#1397,#1398,#1399));
#2417=EDGE_LOOP('',(#1400,#1401,#1402,#1403));
#2418=EDGE_LOOP('',(#1404,#1405,#1406,#1407));
#2419=EDGE_LOOP('',(#1408,#1409,#1410,#1411));
#2420=EDGE_LOOP('',(#1412,#1413,#1414,#1415));
#2421=EDGE_LOOP('',(#1416,#1417,#1418,#1419));
#2422=EDGE_LOOP('',(#1420,#1421,#1422,#1423));
#2423=EDGE_LOOP('',(#1424,#1425,#1426,#1427));
#2424=EDGE_LOOP('',(#1428,#1429,#1430,#1431));
#2425=EDGE_LOOP('',(#1432,#1433,#1434,#1435));
#2426=EDGE_LOOP('',(#1436,#1437,#1438,#1439));
#2427=EDGE_LOOP('',(#1440,#1441,#1442,#1443));
#2428=EDGE_LOOP('',(#1444,#1445,#1446,#1447));
#2429=EDGE_LOOP('',(#1448,#1449,#1450,#1451));
#2430=EDGE_LOOP('',(#1452,#1453,#1454,#1455));
#2431=EDGE_LOOP('',(#1456));
#2432=EDGE_LOOP('',(#1457));
#2433=EDGE_LOOP('',(#1458));
#2434=EDGE_LOOP('',(#1459));
#2435=EDGE_LOOP('',(#1460));
#2436=EDGE_LOOP('',(#1461));
#2437=EDGE_LOOP('',(#1462));
#2438=EDGE_LOOP('',(#1463));
#2439=EDGE_LOOP('',(#1464));
#2440=EDGE_LOOP('',(#1465));
#2441=EDGE_LOOP('',(#1466));
#2442=EDGE_LOOP('',(#1467));
#2443=EDGE_LOOP('',(#1468));
#2444=EDGE_LOOP('',(#1469));
#2445=EDGE_LOOP('',(#1470));
#2446=EDGE_LOOP('',(#1471));
#2447=EDGE_LOOP('',(#1472));
#2448=EDGE_LOOP('',(#1473));
#2449=EDGE_LOOP('',(#1474));
#2450=EDGE_LOOP('',(#1475));
#2451=EDGE_LOOP('',(#1476));
#2452=EDGE_LOOP('',(#1477));
#2453=EDGE_LOOP('',(#1478));
#2454=EDGE_LOOP('',(#1479));
#2455=EDGE_LOOP('',(#1480));
#2456=EDGE_LOOP('',(#1481));
#2457=EDGE_LOOP('',(#1482));
#2458=EDGE_LOOP('',(#1483));
#2459=EDGE_LOOP('',(#1484));
#2460=EDGE_LOOP('',(#1485));
#2461=EDGE_LOOP('',(#1486));
#2462=EDGE_LOOP('',(#1487));
#2463=EDGE_LOOP('',(#1488));
#2464=EDGE_LOOP('',(#1489));
#2465=EDGE_LOOP('',(#1490));
#2466=EDGE_LOOP('',(#1491));
#2467=EDGE_LOOP('',(#1492));
#2468=EDGE_LOOP('',(#1493));
#2469=EDGE_LOOP('',(#1494));
#2470=EDGE_LOOP('',(#1495));
#2471=EDGE_LOOP('',(#1496));
#2472=EDGE_LOOP('',(#1497));
#2473=EDGE_LOOP('',(#1498));
#2474=EDGE_LOOP('',(#1499));
#2475=EDGE_LOOP('',(#1500));
#2476=EDGE_LOOP('',(#1501));
#2477=EDGE_LOOP('',(#1502));
#2478=EDGE_LOOP('',(#1503));
#2479=EDGE_LOOP('',(#1504));
#2480=EDGE_LOOP('',(#1505));
#2481=EDGE_LOOP('',(#1506));
#2482=EDGE_LOOP('',(#1507));
#2483=EDGE_LOOP('',(#1508));
#2484=EDGE_LOOP('',(#1509));
#2485=EDGE_LOOP('',(#1510));
#2486=EDGE_LOOP('',(#1511));
#2487=EDGE_LOOP('',(#1512));
#2488=EDGE_LOOP('',(#1513));
#2489=EDGE_LOOP('',(#1514));
#2490=EDGE_LOOP('',(#1515));
#2491=EDGE_LOOP('',(#1516));
#2492=EDGE_LOOP('',(#1517));
#2493=EDGE_LOOP('',(#1518));
#2494=EDGE_LOOP('',(#1519));
#2495=EDGE_LOOP('',(#1520));
#2496=EDGE_LOOP('',(#1521));
#2497=EDGE_LOOP('',(#1522));
#2498=EDGE_LOOP('',(#1523));
#2499=EDGE_LOOP('',(#1524));
#2500=EDGE_LOOP('',(#1525));
#2501=EDGE_LOOP('',(#1526));
#2502=EDGE_LOOP('',(#1527));
#2503=EDGE_LOOP('',(#1528));
#2504=EDGE_LOOP('',(#1529));
#2505=EDGE_LOOP('',(#1530));
#2506=EDGE_LOOP('',(#1531));
#2507=EDGE_LOOP('',(#1532));
#2508=EDGE_LOOP('',(#1533));
#2509=EDGE_LOOP('',(#1534));
#2510=EDGE_LOOP('',(#1535));
#2511=EDGE_LOOP('',(#1536));
#2512=EDGE_LOOP('',(#1537));
#2513=EDGE_LOOP('',(#1538));
#2514=EDGE_LOOP('',(#1539));
#2515=EDGE_LOOP('',(#1540));
#2516=EDGE_LOOP('',(#1541));
#2517=EDGE_LOOP('',(#1542));
#2518=EDGE_LOOP('',(#1543));
#2519=EDGE_LOOP('',(#1544));
#2520=EDGE_LOOP('',(#1545));
#2521=FACE_BOUND('',#2267,.T.);
#2522=FACE_BOUND('',#2268,.T.);
#2523=FACE_BOUND('',#2269,.T.);
#2524=FACE_BOUND('',#2270,.T.);
#2525=FACE_BOUND('',#2271,.T.);
#2526=FACE_BOUND('',#2272,.T.);
#2527=FACE_BOUND('',#2273,.T.);
#2528=FACE_BOUND('',#2274,.T.);
#2529=FACE_BOUND('',#2275,.T.);
#2530=FACE_BOUND('',#2276,.T.);
#2531=FACE_BOUND('',#2277,.T.);
#2532=FACE_BOUND('',#2278,.T.);
#2533=FACE_BOUND('',#2279,.T.);
#2534=FACE_BOUND('',#2280,.T.);
#2535=FACE_BOUND('',#2281,.T.);
#2536=FACE_BOUND('',#2282,.T.);
#2537=FACE_BOUND('',#2283,.T.);
#2538=FACE_BOUND('',#2284,.T.);
#2539=FACE_BOUND('',#2285,.T.);
#2540=FACE_BOUND('',#2286,.T.);
#2541=FACE_BOUND('',#2287,.T.);
#2542=FACE_BOUND('',#2288,.T.);
#2543=FACE_BOUND('',#2289,.T.);
#2544=FACE_BOUND('',#2290,.T.);
#2545=FACE_BOUND('',#2291,.T.);
#2546=FACE_BOUND('',#2292,.T.);
#2547=FACE_BOUND('',#2293,.T.);
#2548=FACE_BOUND('',#2294,.T.);
#2549=FACE_BOUND('',#2295,.T.);
#2550=FACE_BOUND('',#2296,.T.);
#2551=FACE_BOUND('',#2297,.T.);
#2552=FACE_BOUND('',#2298,.T.);
#2553=FACE_BOUND('',#2299,.T.);
#2554=FACE_BOUND('',#2300,.T.);
#2555=FACE_BOUND('',#2301,.T.);
#2556=FACE_BOUND('',#2302,.T.);
#2557=FACE_BOUND('',#2303,.T.);
#2558=FACE_BOUND('',#2304,.T.);
#2559=FACE_BOUND('',#2305,.T.);
#2560=FACE_BOUND('',#2306,.T.);
#2561=FACE_BOUND('',#2307,.T.);
#2562=FACE_BOUND('',#2308,.T.);
#2563=FACE_BOUND('',#2309,.T.);
#2564=FACE_BOUND('',#2310,.T.);
#2565=FACE_BOUND('',#2311,.T.);
#2566=FACE_BOUND('',#2312,.T.);
#2567=FACE_BOUND('',#2313,.T.);
#2568=FACE_BOUND('',#2314,.T.);
#2569=FACE_BOUND('',#2315,.T.);
#2570=FACE_BOUND('',#2316,.T.);
#2571=FACE_BOUND('',#2317,.T.);
#2572=FACE_BOUND('',#2318,.T.);
#2573=FACE_BOUND('',#2319,.T.);
#2574=FACE_BOUND('',#2320,.T.);
#2575=FACE_BOUND('',#2321,.T.);
#2576=FACE_BOUND('',#2322,.T.);
#2577=FACE_BOUND('',#2323,.T.);
#2578=FACE_BOUND('',#2324,.T.);
#2579=FACE_BOUND('',#2325,.T.);
#2580=FACE_BOUND('',#2326,.T.);
#2581=FACE_BOUND('',#2327,.T.);
#2582=FACE_BOUND('',#2328,.T.);
#2583=FACE_BOUND('',#2329,.T.);
#2584=FACE_BOUND('',#2330,.T.);
#2585=FACE_BOUND('',#2331,.T.);
#2586=FACE_BOUND('',#2332,.T.);
#2587=FACE_BOUND('',#2333,.T.);
#2588=FACE_BOUND('',#2334,.T.);
#2589=FACE_BOUND('',#2335,.T.);
#2590=FACE_BOUND('',#2336,.T.);
#2591=FACE_BOUND('',#2337,.T.);
#2592=FACE_BOUND('',#2338,.T.);
#2593=FACE_BOUND('',#2339,.T.);
#2594=FACE_BOUND('',#2340,.T.);
#2595=FACE_BOUND('',#2341,.T.);
#2596=FACE_BOUND('',#2342,.T.);
#2597=FACE_BOUND('',#2343,.T.);
#2598=FACE_BOUND('',#2344,.T.);
#2599=FACE_BOUND('',#2345,.T.);
#2600=FACE_BOUND('',#2346,.T.);
#2601=FACE_BOUND('',#2347,.T.);
#2602=FACE_BOUND('',#2348,.T.);
#2603=FACE_BOUND('',#2349,.T.);
#2604=FACE_BOUND('',#2350,.T.);
#2605=FACE_BOUND('',#2351,.T.);
#2606=FACE_BOUND('',#2352,.T.);
#2607=FACE_BOUND('',#2353,.T.);
#2608=FACE_BOUND('',#2354,.T.);
#2609=FACE_BOUND('',#2355,.T.);
#2610=FACE_BOUND('',#2356,.T.);
#2611=FACE_BOUND('',#2357,.T.);
#2612=FACE_BOUND('',#2358,.T.);
#2613=FACE_BOUND('',#2359,.T.);
#2614=FACE_BOUND('',#2360,.T.);
#2615=FACE_BOUND('',#2361,.T.);
#2616=FACE_BOUND('',#2362,.T.);
#2617=FACE_BOUND('',#2363,.T.);
#2618=FACE_BOUND('',#2364,.T.);
#2619=FACE_BOUND('',#2365,.T.);
#2620=FACE_BOUND('',#2366,.T.);
#2621=FACE_BOUND('',#2367,.T.);
#2622=FACE_BOUND('',#2368,.T.);
#2623=FACE_BOUND('',#2369,.T.);
#2624=FACE_BOUND('',#2370,.T.);
#2625=FACE_BOUND('',#2371,.T.);
#2626=FACE_BOUND('',#2372,.T.);
#2627=FACE_BOUND('',#2373,.T.);
#2628=FACE_BOUND('',#2374,.T.);
#2629=FACE_BOUND('',#2375,.T.);
#2630=FACE_BOUND('',#2376,.T.);
#2631=FACE_BOUND('',#2377,.T.);
#2632=FACE_BOUND('',#2378,.T.);
#2633=FACE_BOUND('',#2379,.T.);
#2634=FACE_BOUND('',#2380,.T.);
#2635=FACE_BOUND('',#2381,.T.);
#2636=FACE_BOUND('',#2382,.T.);
#2637=FACE_BOUND('',#2383,.T.);
#2638=FACE_BOUND('',#2384,.T.);
#2639=FACE_BOUND('',#2385,.T.);
#2640=FACE_BOUND('',#2386,.T.);
#2641=FACE_BOUND('',#2387,.T.);
#2642=FACE_BOUND('',#2388,.T.);
#2643=FACE_BOUND('',#2389,.T.);
#2644=FACE_BOUND('',#2390,.T.);
#2645=FACE_BOUND('',#2391,.T.);
#2646=FACE_BOUND('',#2392,.T.);
#2647=FACE_BOUND('',#2393,.T.);
#2648=FACE_BOUND('',#2394,.T.);
#2649=FACE_BOUND('',#2395,.T.);
#2650=FACE_BOUND('',#2396,.T.);
#2651=FACE_BOUND('',#2397,.T.);
#2652=FACE_BOUND('',#2398,.T.);
#2653=FACE_BOUND('',#2399,.T.);
#2654=FACE_BOUND('',#2400,.T.);
#2655=FACE_BOUND('',#2401,.T.);
#2656=FACE_BOUND('',#2402,.T.);
#2657=FACE_BOUND('',#2403,.T.);
#2658=FACE_BOUND('',#2404,.T.);
#2659=FACE_BOUND('',#2405,.T.);
#2660=FACE_BOUND('',#2406,.T.);
#2661=FACE_BOUND('',#2407,.T.);
#2662=FACE_BOUND('',#2408,.T.);
#2663=FACE_BOUND('',#2409,.T.);
#2664=FACE_BOUND('',#2410,.T.);
#2665=FACE_BOUND('',#2411,.T.);
#2666=FACE_BOUND('',#2412,.T.);
#2667=FACE_BOUND('',#2413,.T.);
#2668=FACE_BOUND('',#2414,.T.);
#2669=FACE_BOUND('',#2415,.T.);
#2670=FACE_BOUND('',#2416,.T.);
#2671=FACE_BOUND('',#2417,.T.);
#2672=FACE_BOUND('',#2418,.T.);
#2673=FACE_BOUND('',#2419,.T.);
#2674=FACE_BOUND('',#2420,.T.);
#2675=FACE_BOUND('',#2421,.T.);
#2676=FACE_BOUND('',#2422,.T.);
#2677=FACE_BOUND('',#2423,.T.);
#2678=FACE_BOUND('',#2424,.T.);
#2679=FACE_BOUND('',#2425,.T.);
#2680=FACE_BOUND('',#2426,.T.);
#2681=FACE_BOUND('',#2427,.T.);
#2682=FACE_BOUND('',#2428,.T.);
#2683=FACE_BOUND('',#2429,.T.);
#2684=FACE_BOUND('',#2430,.T.);
#2685=FACE_BOUND('',#2431,.T.);
#2686=FACE_BOUND('',#2432,.T.);
#2687=FACE_BOUND('',#2433,.T.);
#2688=FACE_BOUND('',#2434,.T.);
#2689=FACE_BOUND('',#2435,.T.);
#2690=FACE_BOUND('',#2436,.T.);
#2691=FACE_BOUND('',#2437,.T.);
#2692=FACE_BOUND('',#2438,.T.);
#2693=FACE_BOUND('',#2439,.T.);
#2694=FACE_BOUND('',#2440,.T.);
#2695=FACE_BOUND('',#2441,.T.);
#2696=FACE_BOUND('',#2442,.T.);
#2697=FACE_BOUND('',#2443,.T.);
#2698=FACE_BOUND('',#2444,.T.);
#2699=FACE_BOUND('',#2445,.T.);
#2700=FACE_BOUND('',#2446,.T.);
#2701=FACE_BOUND('',#2447,.T.);
#2702=FACE_BOUND('',#2448,.T.);
#2703=FACE_BOUND('',#2449,.T.);
#2704=FACE_BOUND('',#2450,.T.);
#2705=FACE_BOUND('',#2451,.T.);
#2706=FACE_BOUND('',#2452,.T.);
#2707=FACE_BOUND('',#2453,.T.);
#2708=FACE_BOUND('',#2454,.T.);
#2709=FACE_BOUND('',#2455,.T.);
#2710=FACE_BOUND('',#2456,.T.);
#2711=FACE_BOUND('',#2457,.T.);
#2712=FACE_BOUND('',#2458,.T.);
#2713=FACE_BOUND('',#2459,.T.);
#2714=FACE_BOUND('',#2460,.T.);
#2715=FACE_BOUND('',#2461,.T.);
#2716=FACE_BOUND('',#2462,.T.);
#2717=FACE_BOUND('',#2463,.T.);
#2718=FACE_BOUND('',#2464,.T.);
#2719=FACE_BOUND('',#2465,.T.);
#2720=FACE_BOUND('',#2466,.T.);
#2721=FACE_BOUND('',#2467,.T.);
#2722=FACE_BOUND('',#2468,.T.);
#2723=FACE_BOUND('',#2469,.T.);
#2724=FACE_BOUND('',#2470,.T.);
#2725=FACE_BOUND('',#2471,.T.);
#2726=FACE_BOUND('',#2472,.T.);
#2727=FACE_BOUND('',#2473,.T.);
#2728=FACE_BOUND('',#2474,.T.);
#2729=FACE_BOUND('',#2475,.T.);
#2730=FACE_BOUND('',#2476,.T.);
#2731=FACE_BOUND('',#2477,.T.);
#2732=FACE_BOUND('',#2478,.T.);
#2733=FACE_BOUND('',#2479,.T.);
#2734=FACE_BOUND('',#2480,.T.);
#2735=FACE_BOUND('',#2481,.T.);
#2736=FACE_BOUND('',#2482,.T.);
#2737=FACE_BOUND('',#2483,.T.);
#2738=FACE_BOUND('',#2484,.T.);
#2739=FACE_BOUND('',#2485,.T.);
#2740=FACE_BOUND('',#2486,.T.);
#2741=FACE_BOUND('',#2487,.T.);
#2742=FACE_BOUND('',#2488,.T.);
#2743=FACE_BOUND('',#2489,.T.);
#2744=FACE_BOUND('',#2490,.T.);
#2745=FACE_BOUND('',#2491,.T.);
#2746=FACE_BOUND('',#2492,.T.);
#2747=FACE_BOUND('',#2493,.T.);
#2748=FACE_BOUND('',#2494,.T.);
#2749=FACE_BOUND('',#2495,.T.);
#2750=FACE_BOUND('',#2496,.T.);
#2751=FACE_BOUND('',#2497,.T.);
#2752=FACE_BOUND('',#2498,.T.);
#2753=FACE_BOUND('',#2499,.T.);
#2754=FACE_BOUND('',#2500,.T.);
#2755=FACE_BOUND('',#2501,.T.);
#2756=FACE_BOUND('',#2502,.T.);
#2757=FACE_BOUND('',#2503,.T.);
#2758=FACE_BOUND('',#2504,.T.);
#2759=FACE_BOUND('',#2505,.T.);
#2760=FACE_BOUND('',#2506,.T.);
#2761=FACE_BOUND('',#2507,.T.);
#2762=FACE_BOUND('',#2508,.T.);
#2763=FACE_BOUND('',#2509,.T.);
#2764=FACE_BOUND('',#2510,.T.);
#2765=FACE_BOUND('',#2511,.T.);
#2766=FACE_BOUND('',#2512,.T.);
#2767=FACE_BOUND('',#2513,.T.);
#2768=FACE_BOUND('',#2514,.T.);
#2769=FACE_BOUND('',#2515,.T.);
#2770=FACE_BOUND('',#2516,.T.);
#2771=FACE_BOUND('',#2517,.T.);
#2772=FACE_BOUND('',#2518,.T.);
#2773=FACE_BOUND('',#2519,.T.);
#2774=FACE_BOUND('',#2520,.T.);
#2775=CYLINDRICAL_SURFACE('',#3000,0.026);
#2776=CYLINDRICAL_SURFACE('',#3003,0.026);
#2777=CYLINDRICAL_SURFACE('',#3006,0.026);
#2778=CYLINDRICAL_SURFACE('',#3009,0.026);
#2779=CYLINDRICAL_SURFACE('',#3012,0.026);
#2780=CYLINDRICAL_SURFACE('',#3015,0.026);
#2781=CYLINDRICAL_SURFACE('',#3018,0.026);
#2782=CYLINDRICAL_SURFACE('',#3021,0.026);
#2783=CYLINDRICAL_SURFACE('',#3024,0.026);
#2784=CYLINDRICAL_SURFACE('',#3027,0.026);
#2785=CYLINDRICAL_SURFACE('',#3030,0.026);
#2786=CYLINDRICAL_SURFACE('',#3033,0.026);
#2787=CYLINDRICAL_SURFACE('',#3036,0.026);
#2788=CYLINDRICAL_SURFACE('',#3039,0.026);
#2789=CYLINDRICAL_SURFACE('',#3042,0.026);
#2790=CYLINDRICAL_SURFACE('',#3045,0.026);
#2791=CYLINDRICAL_SURFACE('',#3164,0.035);
#2792=CYLINDRICAL_SURFACE('',#3167,0.035);
#2793=CYLINDRICAL_SURFACE('',#3170,0.035);
#2794=CYLINDRICAL_SURFACE('',#3173,0.035);
#2795=CYLINDRICAL_SURFACE('',#3176,0.035);
#2796=CYLINDRICAL_SURFACE('',#3179,0.035);
#2797=CYLINDRICAL_SURFACE('',#3182,0.035);
#2798=CYLINDRICAL_SURFACE('',#3185,0.035);
#2799=CYLINDRICAL_SURFACE('',#3188,0.035);
#2800=CYLINDRICAL_SURFACE('',#3191,0.035);
#2801=CYLINDRICAL_SURFACE('',#3194,0.035);
#2802=CYLINDRICAL_SURFACE('',#3197,0.035);
#2803=CYLINDRICAL_SURFACE('',#3200,0.035);
#2804=CYLINDRICAL_SURFACE('',#3203,0.035);
#2805=CYLINDRICAL_SURFACE('',#3206,0.035);
#2806=CYLINDRICAL_SURFACE('',#3209,0.035);
#2807=CYLINDRICAL_SURFACE('',#3219,0.035);
#2808=CYLINDRICAL_SURFACE('',#3223,0.026);
#2809=CYLINDRICAL_SURFACE('',#3229,0.026);
#2810=CYLINDRICAL_SURFACE('',#3234,0.0125);
#2811=CYLINDRICAL_SURFACE('',#3235,0.009);
#2812=ADVANCED_FACE('',(#2521,#2522),#2775,.F.);
#2813=ADVANCED_FACE('',(#2523,#2524),#2776,.F.);
#2814=ADVANCED_FACE('',(#2525,#2526),#2777,.F.);
#2815=ADVANCED_FACE('',(#2527,#2528),#2778,.F.);
#2816=ADVANCED_FACE('',(#2529,#2530),#2779,.F.);
#2817=ADVANCED_FACE('',(#2531,#2532),#2780,.F.);
#2818=ADVANCED_FACE('',(#2533,#2534),#2781,.F.);
#2819=ADVANCED_FACE('',(#2535,#2536),#2782,.F.);
#2820=ADVANCED_FACE('',(#2537,#2538),#2783,.F.);
#2821=ADVANCED_FACE('',(#2539,#2540),#2784,.F.);
#2822=ADVANCED_FACE('',(#2541,#2542),#2785,.F.);
#2823=ADVANCED_FACE('',(#2543,#2544),#2786,.F.);
#2824=ADVANCED_FACE('',(#2545,#2546),#2787,.F.);
#2825=ADVANCED_FACE('',(#2547,#2548),#2788,.F.);
#2826=ADVANCED_FACE('',(#2549,#2550),#2789,.F.);
#2827=ADVANCED_FACE('',(#2551,#2552),#2790,.F.);
#2828=ADVANCED_FACE('',(#2553,#2554,#2555,#2556,#2557,#2558,#2559,#2560,
#2561,#2562,#2563,#2564,#2565,#2566,#2567,#2568,#2569),#683,.T.);
#2829=ADVANCED_FACE('',(#2570,#2571,#2572,#2573,#2574,#2575,#2576,#2577,
#2578,#2579,#2580,#2581,#2582,#2583,#2584,#2585,#2586),#684,.F.);
#2830=ADVANCED_FACE('',(#2587),#685,.F.);
#2831=ADVANCED_FACE('',(#2588),#686,.F.);
#2832=ADVANCED_FACE('',(#2589),#687,.F.);
#2833=ADVANCED_FACE('',(#2590),#688,.F.);
#2834=ADVANCED_FACE('',(#2591),#689,.F.);
#2835=ADVANCED_FACE('',(#2592),#690,.F.);
#2836=ADVANCED_FACE('',(#2593),#691,.F.);
#2837=ADVANCED_FACE('',(#2594),#692,.F.);
#2838=ADVANCED_FACE('',(#2595),#693,.F.);
#2839=ADVANCED_FACE('',(#2596),#694,.F.);
#2840=ADVANCED_FACE('',(#2597),#695,.F.);
#2841=ADVANCED_FACE('',(#2598),#696,.F.);
#2842=ADVANCED_FACE('',(#2599),#697,.F.);
#2843=ADVANCED_FACE('',(#2600),#698,.F.);
#2844=ADVANCED_FACE('',(#2601),#699,.F.);
#2845=ADVANCED_FACE('',(#2602),#700,.F.);
#2846=ADVANCED_FACE('',(#2603),#701,.F.);
#2847=ADVANCED_FACE('',(#2604),#702,.F.);
#2848=ADVANCED_FACE('',(#2605),#703,.F.);
#2849=ADVANCED_FACE('',(#2606),#704,.F.);
#2850=ADVANCED_FACE('',(#2607),#705,.F.);
#2851=ADVANCED_FACE('',(#2608),#706,.F.);
#2852=ADVANCED_FACE('',(#2609),#707,.F.);
#2853=ADVANCED_FACE('',(#2610),#708,.F.);
#2854=ADVANCED_FACE('',(#2611),#709,.F.);
#2855=ADVANCED_FACE('',(#2612),#710,.F.);
#2856=ADVANCED_FACE('',(#2613),#711,.F.);
#2857=ADVANCED_FACE('',(#2614),#712,.F.);
#2858=ADVANCED_FACE('',(#2615),#713,.F.);
#2859=ADVANCED_FACE('',(#2616),#714,.F.);
#2860=ADVANCED_FACE('',(#2617),#715,.F.);
#2861=ADVANCED_FACE('',(#2618),#716,.F.);
#2862=ADVANCED_FACE('',(#2619),#717,.F.);
#2863=ADVANCED_FACE('',(#2620),#718,.F.);
#2864=ADVANCED_FACE('',(#2621),#719,.F.);
#2865=ADVANCED_FACE('',(#2622),#720,.F.);
#2866=ADVANCED_FACE('',(#2623),#721,.F.);
#2867=ADVANCED_FACE('',(#2624),#722,.F.);
#2868=ADVANCED_FACE('',(#2625),#723,.F.);
#2869=ADVANCED_FACE('',(#2626),#724,.F.);
#2870=ADVANCED_FACE('',(#2627),#725,.F.);
#2871=ADVANCED_FACE('',(#2628),#726,.F.);
#2872=ADVANCED_FACE('',(#2629),#727,.F.);
#2873=ADVANCED_FACE('',(#2630),#728,.F.);
#2874=ADVANCED_FACE('',(#2631),#729,.F.);
#2875=ADVANCED_FACE('',(#2632),#730,.F.);
#2876=ADVANCED_FACE('',(#2633),#731,.F.);
#2877=ADVANCED_FACE('',(#2634),#732,.F.);
#2878=ADVANCED_FACE('',(#2635),#733,.F.);
#2879=ADVANCED_FACE('',(#2636),#734,.F.);
#2880=ADVANCED_FACE('',(#2637),#735,.F.);
#2881=ADVANCED_FACE('',(#2638),#736,.F.);
#2882=ADVANCED_FACE('',(#2639),#737,.F.);
#2883=ADVANCED_FACE('',(#2640),#738,.F.);
#2884=ADVANCED_FACE('',(#2641),#739,.F.);
#2885=ADVANCED_FACE('',(#2642),#740,.F.);
#2886=ADVANCED_FACE('',(#2643),#741,.F.);
#2887=ADVANCED_FACE('',(#2644),#742,.F.);
#2888=ADVANCED_FACE('',(#2645),#743,.F.);
#2889=ADVANCED_FACE('',(#2646),#744,.F.);
#2890=ADVANCED_FACE('',(#2647),#745,.F.);
#2891=ADVANCED_FACE('',(#2648),#746,.F.);
#2892=ADVANCED_FACE('',(#2649),#747,.F.);
#2893=ADVANCED_FACE('',(#2650),#748,.F.);
#2894=ADVANCED_FACE('',(#2651),#749,.F.);
#2895=ADVANCED_FACE('',(#2652),#750,.F.);
#2896=ADVANCED_FACE('',(#2653),#751,.F.);
#2897=ADVANCED_FACE('',(#2654),#752,.F.);
#2898=ADVANCED_FACE('',(#2655),#753,.F.);
#2899=ADVANCED_FACE('',(#2656),#754,.F.);
#2900=ADVANCED_FACE('',(#2657),#755,.F.);
#2901=ADVANCED_FACE('',(#2658),#756,.F.);
#2902=ADVANCED_FACE('',(#2659),#757,.F.);
#2903=ADVANCED_FACE('',(#2660),#758,.F.);
#2904=ADVANCED_FACE('',(#2661),#759,.F.);
#2905=ADVANCED_FACE('',(#2662),#760,.F.);
#2906=ADVANCED_FACE('',(#2663),#761,.F.);
#2907=ADVANCED_FACE('',(#2664),#762,.F.);
#2908=ADVANCED_FACE('',(#2665),#763,.F.);
#2909=ADVANCED_FACE('',(#2666),#764,.F.);
#2910=ADVANCED_FACE('',(#2667),#765,.F.);
#2911=ADVANCED_FACE('',(#2668),#766,.F.);
#2912=ADVANCED_FACE('',(#2669),#767,.F.);
#2913=ADVANCED_FACE('',(#2670),#768,.F.);
#2914=ADVANCED_FACE('',(#2671),#769,.F.);
#2915=ADVANCED_FACE('',(#2672),#770,.F.);
#2916=ADVANCED_FACE('',(#2673),#771,.F.);
#2917=ADVANCED_FACE('',(#2674),#772,.F.);
#2918=ADVANCED_FACE('',(#2675),#773,.F.);
#2919=ADVANCED_FACE('',(#2676),#774,.F.);
#2920=ADVANCED_FACE('',(#2677),#775,.F.);
#2921=ADVANCED_FACE('',(#2678),#776,.F.);
#2922=ADVANCED_FACE('',(#2679),#777,.F.);
#2923=ADVANCED_FACE('',(#2680),#778,.F.);
#2924=ADVANCED_FACE('',(#2681),#779,.F.);
#2925=ADVANCED_FACE('',(#2682),#780,.F.);
#2926=ADVANCED_FACE('',(#2683),#781,.F.);
#2927=ADVANCED_FACE('',(#2684),#782,.F.);
#2928=ADVANCED_FACE('',(#2685,#2686),#2791,.F.);
#2929=ADVANCED_FACE('',(#2687,#2688),#783,.T.);
#2930=ADVANCED_FACE('',(#2689,#2690),#2792,.F.);
#2931=ADVANCED_FACE('',(#2691,#2692),#784,.T.);
#2932=ADVANCED_FACE('',(#2693,#2694),#2793,.F.);
#2933=ADVANCED_FACE('',(#2695,#2696),#785,.T.);
#2934=ADVANCED_FACE('',(#2697,#2698),#2794,.F.);
#2935=ADVANCED_FACE('',(#2699,#2700),#786,.T.);
#2936=ADVANCED_FACE('',(#2701,#2702),#2795,.F.);
#2937=ADVANCED_FACE('',(#2703,#2704),#787,.T.);
#2938=ADVANCED_FACE('',(#2705,#2706),#2796,.F.);
#2939=ADVANCED_FACE('',(#2707,#2708),#788,.T.);
#2940=ADVANCED_FACE('',(#2709,#2710),#2797,.F.);
#2941=ADVANCED_FACE('',(#2711,#2712),#789,.T.);
#2942=ADVANCED_FACE('',(#2713,#2714),#2798,.F.);
#2943=ADVANCED_FACE('',(#2715,#2716),#790,.T.);
#2944=ADVANCED_FACE('',(#2717,#2718),#2799,.F.);
#2945=ADVANCED_FACE('',(#2719,#2720),#791,.T.);
#2946=ADVANCED_FACE('',(#2721,#2722),#2800,.F.);
#2947=ADVANCED_FACE('',(#2723,#2724),#792,.T.);
#2948=ADVANCED_FACE('',(#2725,#2726),#2801,.F.);
#2949=ADVANCED_FACE('',(#2727,#2728),#793,.T.);
#2950=ADVANCED_FACE('',(#2729,#2730),#2802,.F.);
#2951=ADVANCED_FACE('',(#2731,#2732),#794,.T.);
#2952=ADVANCED_FACE('',(#2733,#2734),#2803,.F.);
#2953=ADVANCED_FACE('',(#2735,#2736),#795,.T.);
#2954=ADVANCED_FACE('',(#2737,#2738),#2804,.F.);
#2955=ADVANCED_FACE('',(#2739,#2740),#796,.T.);
#2956=ADVANCED_FACE('',(#2741,#2742),#2805,.F.);
#2957=ADVANCED_FACE('',(#2743,#2744),#797,.T.);
#2958=ADVANCED_FACE('',(#2745,#2746),#2806,.F.);
#2959=ADVANCED_FACE('',(#2747,#2748),#798,.T.);
#2960=ADVANCED_FACE('',(#2749,#2750),#20,.T.);
#2961=ADVANCED_FACE('',(#2751,#2752),#799,.F.);
#2962=ADVANCED_FACE('',(#2753,#2754),#2807,.T.);
#2963=ADVANCED_FACE('',(#2755,#2756),#800,.F.);
#2964=ADVANCED_FACE('',(#2757,#2758),#2808,.T.);
#2965=ADVANCED_FACE('',(#2759,#2760),#801,.F.);
#2966=ADVANCED_FACE('',(#2761,#2762),#21,.T.);
#2967=ADVANCED_FACE('',(#2763,#2764),#2809,.T.);
#2968=ADVANCED_FACE('',(#2765),#802,.F.);
#2969=ADVANCED_FACE('',(#2766,#2767),#18,.T.);
#2970=ADVANCED_FACE('',(#2768,#2769),#2810,.T.);
#2971=ADVANCED_FACE('',(#2770,#2771),#2811,.T.);
#2972=ADVANCED_FACE('',(#2772,#2773),#19,.T.);
#2973=ADVANCED_FACE('',(#2774),#803,.F.);
#2974=CLOSED_SHELL('',(#2812,#2813,#2814,#2815,#2816,#2817,#2818,#2819,
#2820,#2821,#2822,#2823,#2824,#2825,#2826,#2827,#2828,#2829,#2830,#2831,
#2832,#2833,#2834,#2835,#2836,#2837,#2838,#2839,#2840,#2841,#2842,#2843,
#2844,#2845,#2846,#2847,#2848,#2849,#2850,#2851,#2852,#2853,#2854,#2855,
#2856,#2857,#2858,#2859,#2860,#2861,#2862,#2863,#2864,#2865,#2866,#2867,
#2868,#2869,#2870,#2871,#2872,#2873,#2874,#2875,#2876,#2877,#2878,#2879,
#2880,#2881,#2882,#2883,#2884,#2885,#2886,#2887,#2888,#2889,#2890,#2891,
#2892,#2893,#2894,#2895,#2896,#2897,#2898,#2899,#2900,#2901,#2902,#2903,
#2904,#2905,#2906,#2907,#2908,#2909,#2910,#2911,#2912,#2913,#2914,#2915,
#2916,#2917,#2918,#2919,#2920,#2921,#2922,#2923,#2924,#2925,#2926,#2927,
#2928,#2929,#2930,#2931,#2932,#2933,#2934,#2935,#2936,#2937,#2938,#2939,
#2940,#2941,#2942,#2943,#2944,#2945,#2946,#2947,#2948,#2949,#2950,#2951,
#2952,#2953,#2954,#2955,#2956,#2957,#2958,#2959));
#2975=CLOSED_SHELL('',(#2960,#2961,#2962,#2963,#2964,#2965,#2966,#2967,
#2968,#2969,#2970,#2971,#2972,#2973));
#2976=STYLED_ITEM('',(#2978),#2991);
#2977=STYLED_ITEM('',(#2979),#2992);
#2978=PRESENTATION_STYLE_ASSIGNMENT((#2980));
#2979=PRESENTATION_STYLE_ASSIGNMENT((#2981));
#2980=SURFACE_STYLE_USAGE(.BOTH.,#2982);
#2981=SURFACE_STYLE_USAGE(.BOTH.,#2983);
#2982=SURFACE_SIDE_STYLE('',(#2984));
#2983=SURFACE_SIDE_STYLE('',(#2985));
#2984=SURFACE_STYLE_FILL_AREA(#2986);
#2985=SURFACE_STYLE_FILL_AREA(#2987);
#2986=FILL_AREA_STYLE('',(#2988));
#2987=FILL_AREA_STYLE('',(#2989));
#2988=FILL_AREA_STYLE_COLOUR('',#2990);
#2989=FILL_AREA_STYLE_COLOUR('',#22);
#2990=COLOUR_RGB('',0.5,0.5,0.5);
#2991=MANIFOLD_SOLID_BREP('TS-116-G-A_socket',#2974);
#2992=MANIFOLD_SOLID_BREP('-101-G-A_pins',#2975);
#2993=SHAPE_DEFINITION_REPRESENTATION(#4901,#2996);
#2994=SHAPE_DEFINITION_REPRESENTATION(#4902,#2997);
#2995=SHAPE_DEFINITION_REPRESENTATION(#4904,#2998);
#2996=SHAPE_REPRESENTATION('TS-116-G-A',(#2999,#3212,#3240,#3241,#3242,
#3243,#3244,#3245,#3246,#3247,#3248,#3249,#3250,#3251,#3252,#3253,#3254,
#3255),#4889);
#2997=SHAPE_REPRESENTATION('TS-116-G-A_socket',(#2999),#4890);
#2998=SHAPE_REPRESENTATION('-101-G-A_pins',(#2999),#4891);
#2999=AXIS2_PLACEMENT_3D('',#4064,#3256,#3257);
#3000=AXIS2_PLACEMENT_3D('',#4065,#3258,#3259);
#3001=AXIS2_PLACEMENT_3D('',#4066,#3260,#3261);
#3002=AXIS2_PLACEMENT_3D('',#4068,#3262,#3263);
#3003=AXIS2_PLACEMENT_3D('',#4070,#3264,#3265);
#3004=AXIS2_PLACEMENT_3D('',#4071,#3266,#3267);
#3005=AXIS2_PLACEMENT_3D('',#4073,#3268,#3269);
#3006=AXIS2_PLACEMENT_3D('',#4075,#3270,#3271);
#3007=AXIS2_PLACEMENT_3D('',#4076,#3272,#3273);
#3008=AXIS2_PLACEMENT_3D('',#4078,#3274,#3275);
#3009=AXIS2_PLACEMENT_3D('',#4080,#3276,#3277);
#3010=AXIS2_PLACEMENT_3D('',#4081,#3278,#3279);
#3011=AXIS2_PLACEMENT_3D('',#4083,#3280,#3281);
#3012=AXIS2_PLACEMENT_3D('',#4085,#3282,#3283);
#3013=AXIS2_PLACEMENT_3D('',#4086,#3284,#3285);
#3014=AXIS2_PLACEMENT_3D('',#4088,#3286,#3287);
#3015=AXIS2_PLACEMENT_3D('',#4090,#3288,#3289);
#3016=AXIS2_PLACEMENT_3D('',#4091,#3290,#3291);
#3017=AXIS2_PLACEMENT_3D('',#4093,#3292,#3293);
#3018=AXIS2_PLACEMENT_3D('',#4095,#3294,#3295);
#3019=AXIS2_PLACEMENT_3D('',#4096,#3296,#3297);
#3020=AXIS2_PLACEMENT_3D('',#4098,#3298,#3299);
#3021=AXIS2_PLACEMENT_3D('',#4100,#3300,#3301);
#3022=AXIS2_PLACEMENT_3D('',#4101,#3302,#3303);
#3023=AXIS2_PLACEMENT_3D('',#4103,#3304,#3305);
#3024=AXIS2_PLACEMENT_3D('',#4105,#3306,#3307);
#3025=AXIS2_PLACEMENT_3D('',#4106,#3308,#3309);
#3026=AXIS2_PLACEMENT_3D('',#4108,#3310,#3311);
#3027=AXIS2_PLACEMENT_3D('',#4110,#3312,#3313);
#3028=AXIS2_PLACEMENT_3D('',#4111,#3314,#3315);
#3029=AXIS2_PLACEMENT_3D('',#4113,#3316,#3317);
#3030=AXIS2_PLACEMENT_3D('',#4115,#3318,#3319);
#3031=AXIS2_PLACEMENT_3D('',#4116,#3320,#3321);
#3032=AXIS2_PLACEMENT_3D('',#4118,#3322,#3323);
#3033=AXIS2_PLACEMENT_3D('',#4120,#3324,#3325);
#3034=AXIS2_PLACEMENT_3D('',#4121,#3326,#3327);
#3035=AXIS2_PLACEMENT_3D('',#4123,#3328,#3329);
#3036=AXIS2_PLACEMENT_3D('',#4125,#3330,#3331);
#3037=AXIS2_PLACEMENT_3D('',#4126,#3332,#3333);
#3038=AXIS2_PLACEMENT_3D('',#4128,#3334,#3335);
#3039=AXIS2_PLACEMENT_3D('',#4130,#3336,#3337);
#3040=AXIS2_PLACEMENT_3D('',#4131,#3338,#3339);
#3041=AXIS2_PLACEMENT_3D('',#4133,#3340,#3341);
#3042=AXIS2_PLACEMENT_3D('',#4135,#3342,#3343);
#3043=AXIS2_PLACEMENT_3D('',#4136,#3344,#3345);
#3044=AXIS2_PLACEMENT_3D('',#4138,#3346,#3347);
#3045=AXIS2_PLACEMENT_3D('',#4140,#3348,#3349);
#3046=AXIS2_PLACEMENT_3D('',#4141,#3350,#3351);
#3047=AXIS2_PLACEMENT_3D('',#4143,#3352,#3353);
#3048=AXIS2_PLACEMENT_3D('',#4145,#3354,#3355);
#3049=AXIS2_PLACEMENT_3D('',#4146,#3356,#3357);
#3050=AXIS2_PLACEMENT_3D('',#4148,#3358,#3359);
#3051=AXIS2_PLACEMENT_3D('',#4150,#3360,#3361);
#3052=AXIS2_PLACEMENT_3D('',#4152,#3362,#3363);
#3053=AXIS2_PLACEMENT_3D('',#4154,#3364,#3365);
#3054=AXIS2_PLACEMENT_3D('',#4156,#3366,#3367);
#3055=AXIS2_PLACEMENT_3D('',#4158,#3368,#3369);
#3056=AXIS2_PLACEMENT_3D('',#4160,#3370,#3371);
#3057=AXIS2_PLACEMENT_3D('',#4162,#3372,#3373);
#3058=AXIS2_PLACEMENT_3D('',#4164,#3374,#3375);
#3059=AXIS2_PLACEMENT_3D('',#4166,#3376,#3377);
#3060=AXIS2_PLACEMENT_3D('',#4168,#3378,#3379);
#3061=AXIS2_PLACEMENT_3D('',#4170,#3380,#3381);
#3062=AXIS2_PLACEMENT_3D('',#4172,#3382,#3383);
#3063=AXIS2_PLACEMENT_3D('',#4174,#3384,#3385);
#3064=AXIS2_PLACEMENT_3D('',#4176,#3386,#3387);
#3065=AXIS2_PLACEMENT_3D('',#4374,#3486,#3487);
#3066=AXIS2_PLACEMENT_3D('',#4571,#3586,#3587);
#3067=AXIS2_PLACEMENT_3D('',#4574,#3590,#3591);
#3068=AXIS2_PLACEMENT_3D('',#4576,#3593,#3594);
#3069=AXIS2_PLACEMENT_3D('',#4578,#3596,#3597);
#3070=AXIS2_PLACEMENT_3D('',#4580,#3599,#3600);
#3071=AXIS2_PLACEMENT_3D('',#4583,#3603,#3604);
#3072=AXIS2_PLACEMENT_3D('',#4585,#3606,#3607);
#3073=AXIS2_PLACEMENT_3D('',#4586,#3608,#3609);
#3074=AXIS2_PLACEMENT_3D('',#4588,#3611,#3612);
#3075=AXIS2_PLACEMENT_3D('',#4590,#3614,#3615);
#3076=AXIS2_PLACEMENT_3D('',#4592,#3617,#3618);
#3077=AXIS2_PLACEMENT_3D('',#4595,#3621,#3622);
#3078=AXIS2_PLACEMENT_3D('',#4597,#3624,#3625);
#3079=AXIS2_PLACEMENT_3D('',#4598,#3626,#3627);
#3080=AXIS2_PLACEMENT_3D('',#4600,#3629,#3630);
#3081=AXIS2_PLACEMENT_3D('',#4602,#3632,#3633);
#3082=AXIS2_PLACEMENT_3D('',#4604,#3635,#3636);
#3083=AXIS2_PLACEMENT_3D('',#4607,#3639,#3640);
#3084=AXIS2_PLACEMENT_3D('',#4609,#3642,#3643);
#3085=AXIS2_PLACEMENT_3D('',#4610,#3644,#3645);
#3086=AXIS2_PLACEMENT_3D('',#4612,#3647,#3648);
#3087=AXIS2_PLACEMENT_3D('',#4614,#3650,#3651);
#3088=AXIS2_PLACEMENT_3D('',#4616,#3653,#3654);
#3089=AXIS2_PLACEMENT_3D('',#4619,#3657,#3658);
#3090=AXIS2_PLACEMENT_3D('',#4621,#3660,#3661);
#3091=AXIS2_PLACEMENT_3D('',#4622,#3662,#3663);
#3092=AXIS2_PLACEMENT_3D('',#4624,#3665,#3666);
#3093=AXIS2_PLACEMENT_3D('',#4626,#3668,#3669);
#3094=AXIS2_PLACEMENT_3D('',#4628,#3671,#3672);
#3095=AXIS2_PLACEMENT_3D('',#4631,#3675,#3676);
#3096=AXIS2_PLACEMENT_3D('',#4633,#3678,#3679);
#3097=AXIS2_PLACEMENT_3D('',#4634,#3680,#3681);
#3098=AXIS2_PLACEMENT_3D('',#4636,#3683,#3684);
#3099=AXIS2_PLACEMENT_3D('',#4638,#3686,#3687);
#3100=AXIS2_PLACEMENT_3D('',#4640,#3689,#3690);
#3101=AXIS2_PLACEMENT_3D('',#4643,#3693,#3694);
#3102=AXIS2_PLACEMENT_3D('',#4645,#3696,#3697);
#3103=AXIS2_PLACEMENT_3D('',#4646,#3698,#3699);
#3104=AXIS2_PLACEMENT_3D('',#4648,#3701,#3702);
#3105=AXIS2_PLACEMENT_3D('',#4650,#3704,#3705);
#3106=AXIS2_PLACEMENT_3D('',#4652,#3707,#3708);
#3107=AXIS2_PLACEMENT_3D('',#4655,#3711,#3712);
#3108=AXIS2_PLACEMENT_3D('',#4657,#3714,#3715);
#3109=AXIS2_PLACEMENT_3D('',#4658,#3716,#3717);
#3110=AXIS2_PLACEMENT_3D('',#4660,#3719,#3720);
#3111=AXIS2_PLACEMENT_3D('',#4662,#3722,#3723);
#3112=AXIS2_PLACEMENT_3D('',#4664,#3725,#3726);
#3113=AXIS2_PLACEMENT_3D('',#4667,#3729,#3730);
#3114=AXIS2_PLACEMENT_3D('',#4669,#3732,#3733);
#3115=AXIS2_PLACEMENT_3D('',#4670,#3734,#3735);
#3116=AXIS2_PLACEMENT_3D('',#4672,#3737,#3738);
#3117=AXIS2_PLACEMENT_3D('',#4674,#3740,#3741);
#3118=AXIS2_PLACEMENT_3D('',#4676,#3743,#3744);
#3119=AXIS2_PLACEMENT_3D('',#4679,#3747,#3748);
#3120=AXIS2_PLACEMENT_3D('',#4681,#3750,#3751);
#3121=AXIS2_PLACEMENT_3D('',#4682,#3752,#3753);
#3122=AXIS2_PLACEMENT_3D('',#4684,#3755,#3756);
#3123=AXIS2_PLACEMENT_3D('',#4686,#3758,#3759);
#3124=AXIS2_PLACEMENT_3D('',#4688,#3761,#3762);
#3125=AXIS2_PLACEMENT_3D('',#4691,#3765,#3766);
#3126=AXIS2_PLACEMENT_3D('',#4693,#3768,#3769);
#3127=AXIS2_PLACEMENT_3D('',#4694,#3770,#3771);
#3128=AXIS2_PLACEMENT_3D('',#4696,#3773,#3774);
#3129=AXIS2_PLACEMENT_3D('',#4698,#3776,#3777);
#3130=AXIS2_PLACEMENT_3D('',#4700,#3779,#3780);
#3131=AXIS2_PLACEMENT_3D('',#4703,#3783,#3784);
#3132=AXIS2_PLACEMENT_3D('',#4705,#3786,#3787);
#3133=AXIS2_PLACEMENT_3D('',#4706,#3788,#3789);
#3134=AXIS2_PLACEMENT_3D('',#4708,#3791,#3792);
#3135=AXIS2_PLACEMENT_3D('',#4710,#3794,#3795);
#3136=AXIS2_PLACEMENT_3D('',#4712,#3797,#3798);
#3137=AXIS2_PLACEMENT_3D('',#4715,#3801,#3802);
#3138=AXIS2_PLACEMENT_3D('',#4717,#3804,#3805);
#3139=AXIS2_PLACEMENT_3D('',#4718,#3806,#3807);
#3140=AXIS2_PLACEMENT_3D('',#4720,#3809,#3810);
#3141=AXIS2_PLACEMENT_3D('',#4722,#3812,#3813);
#3142=AXIS2_PLACEMENT_3D('',#4724,#3815,#3816);
#3143=AXIS2_PLACEMENT_3D('',#4727,#3819,#3820);
#3144=AXIS2_PLACEMENT_3D('',#4729,#3822,#3823);
#3145=AXIS2_PLACEMENT_3D('',#4730,#3824,#3825);
#3146=AXIS2_PLACEMENT_3D('',#4732,#3827,#3828);
#3147=AXIS2_PLACEMENT_3D('',#4734,#3830,#3831);
#3148=AXIS2_PLACEMENT_3D('',#4736,#3833,#3834);
#3149=AXIS2_PLACEMENT_3D('',#4739,#3837,#3838);
#3150=AXIS2_PLACEMENT_3D('',#4741,#3840,#3841);
#3151=AXIS2_PLACEMENT_3D('',#4742,#3842,#3843);
#3152=AXIS2_PLACEMENT_3D('',#4744,#3845,#3846);
#3153=AXIS2_PLACEMENT_3D('',#4746,#3848,#3849);
#3154=AXIS2_PLACEMENT_3D('',#4748,#3851,#3852);
#3155=AXIS2_PLACEMENT_3D('',#4751,#3855,#3856);
#3156=AXIS2_PLACEMENT_3D('',#4753,#3858,#3859);
#3157=AXIS2_PLACEMENT_3D('',#4754,#3860,#3861);
#3158=AXIS2_PLACEMENT_3D('',#4756,#3863,#3864);
#3159=AXIS2_PLACEMENT_3D('',#4758,#3866,#3867);
#3160=AXIS2_PLACEMENT_3D('',#4760,#3869,#3870);
#3161=AXIS2_PLACEMENT_3D('',#4762,#3872,#3873);
#3162=AXIS2_PLACEMENT_3D('',#4764,#3875,#3876);
#3163=AXIS2_PLACEMENT_3D('',#4766,#3878,#3879);
#3164=AXIS2_PLACEMENT_3D('',#4767,#3880,#3881);
#3165=AXIS2_PLACEMENT_3D('',#4768,#3882,#3883);
#3166=AXIS2_PLACEMENT_3D('',#4770,#3884,#3885);
#3167=AXIS2_PLACEMENT_3D('',#4771,#3886,#3887);
#3168=AXIS2_PLACEMENT_3D('',#4772,#3888,#3889);
#3169=AXIS2_PLACEMENT_3D('',#4774,#3890,#3891);
#3170=AXIS2_PLACEMENT_3D('',#4775,#3892,#3893);
#3171=AXIS2_PLACEMENT_3D('',#4776,#3894,#3895);
#3172=AXIS2_PLACEMENT_3D('',#4778,#3896,#3897);
#3173=AXIS2_PLACEMENT_3D('',#4779,#3898,#3899);
#3174=AXIS2_PLACEMENT_3D('',#4780,#3900,#3901);
#3175=AXIS2_PLACEMENT_3D('',#4782,#3902,#3903);
#3176=AXIS2_PLACEMENT_3D('',#4783,#3904,#3905);
#3177=AXIS2_PLACEMENT_3D('',#4784,#3906,#3907);
#3178=AXIS2_PLACEMENT_3D('',#4786,#3908,#3909);
#3179=AXIS2_PLACEMENT_3D('',#4787,#3910,#3911);
#3180=AXIS2_PLACEMENT_3D('',#4788,#3912,#3913);
#3181=AXIS2_PLACEMENT_3D('',#4790,#3914,#3915);
#3182=AXIS2_PLACEMENT_3D('',#4791,#3916,#3917);
#3183=AXIS2_PLACEMENT_3D('',#4792,#3918,#3919);
#3184=AXIS2_PLACEMENT_3D('',#4794,#3920,#3921);
#3185=AXIS2_PLACEMENT_3D('',#4795,#3922,#3923);
#3186=AXIS2_PLACEMENT_3D('',#4796,#3924,#3925);
#3187=AXIS2_PLACEMENT_3D('',#4798,#3926,#3927);
#3188=AXIS2_PLACEMENT_3D('',#4799,#3928,#3929);
#3189=AXIS2_PLACEMENT_3D('',#4800,#3930,#3931);
#3190=AXIS2_PLACEMENT_3D('',#4802,#3932,#3933);
#3191=AXIS2_PLACEMENT_3D('',#4803,#3934,#3935);
#3192=AXIS2_PLACEMENT_3D('',#4804,#3936,#3937);
#3193=AXIS2_PLACEMENT_3D('',#4806,#3938,#3939);
#3194=AXIS2_PLACEMENT_3D('',#4807,#3940,#3941);
#3195=AXIS2_PLACEMENT_3D('',#4808,#3942,#3943);
#3196=AXIS2_PLACEMENT_3D('',#4810,#3944,#3945);
#3197=AXIS2_PLACEMENT_3D('',#4811,#3946,#3947);
#3198=AXIS2_PLACEMENT_3D('',#4812,#3948,#3949);
#3199=AXIS2_PLACEMENT_3D('',#4814,#3950,#3951);
#3200=AXIS2_PLACEMENT_3D('',#4815,#3952,#3953);
#3201=AXIS2_PLACEMENT_3D('',#4816,#3954,#3955);
#3202=AXIS2_PLACEMENT_3D('',#4818,#3956,#3957);
#3203=AXIS2_PLACEMENT_3D('',#4819,#3958,#3959);
#3204=AXIS2_PLACEMENT_3D('',#4820,#3960,#3961);
#3205=AXIS2_PLACEMENT_3D('',#4822,#3962,#3963);
#3206=AXIS2_PLACEMENT_3D('',#4823,#3964,#3965);
#3207=AXIS2_PLACEMENT_3D('',#4824,#3966,#3967);
#3208=AXIS2_PLACEMENT_3D('',#4826,#3968,#3969);
#3209=AXIS2_PLACEMENT_3D('',#4827,#3970,#3971);
#3210=AXIS2_PLACEMENT_3D('',#4828,#3972,#3973);
#3211=AXIS2_PLACEMENT_3D('',#4830,#3974,#3975);
#3212=AXIS2_PLACEMENT_3D('',#4831,#3976,#3977);
#3213=AXIS2_PLACEMENT_3D('',#4832,#3978,#3979);
#3214=AXIS2_PLACEMENT_3D('',#4833,#3980,#3981);
#3215=AXIS2_PLACEMENT_3D('',#4835,#3982,#3983);
#3216=AXIS2_PLACEMENT_3D('',#4837,#3984,#3985);
#3217=AXIS2_PLACEMENT_3D('',#4838,#3986,#3987);
#3218=AXIS2_PLACEMENT_3D('',#4840,#3988,#3989);
#3219=AXIS2_PLACEMENT_3D('',#4842,#3990,#3991);
#3220=AXIS2_PLACEMENT_3D('',#4843,#3992,#3993);
#3221=AXIS2_PLACEMENT_3D('',#4845,#3994,#3995);
#3222=AXIS2_PLACEMENT_3D('',#4846,#3996,#3997);
#3223=AXIS2_PLACEMENT_3D('',#4848,#3998,#3999);
#3224=AXIS2_PLACEMENT_3D('',#4849,#4000,#4001);
#3225=AXIS2_PLACEMENT_3D('',#4851,#4002,#4003);
#3226=AXIS2_PLACEMENT_3D('',#4852,#4004,#4005);
#3227=AXIS2_PLACEMENT_3D('',#4854,#4006,#4007);
#3228=AXIS2_PLACEMENT_3D('',#4855,#4008,#4009);
#3229=AXIS2_PLACEMENT_3D('',#4857,#4010,#4011);
#3230=AXIS2_PLACEMENT_3D('',#4858,#4012,#4013);
#3231=AXIS2_PLACEMENT_3D('',#4859,#4014,#4015);
#3232=AXIS2_PLACEMENT_3D('',#4861,#4016,#4017);
#3233=AXIS2_PLACEMENT_3D('',#4862,#4018,#4019);
#3234=AXIS2_PLACEMENT_3D('',#4864,#4020,#4021);
#3235=AXIS2_PLACEMENT_3D('',#4865,#4022,#4023);
#3236=AXIS2_PLACEMENT_3D('',#4866,#4024,#4025);
#3237=AXIS2_PLACEMENT_3D('',#4868,#4026,#4027);
#3238=AXIS2_PLACEMENT_3D('',#4869,#4028,#4029);
#3239=AXIS2_PLACEMENT_3D('',#4871,#4030,#4031);
#3240=AXIS2_PLACEMENT_3D('',#4872,#4032,#4033);
#3241=AXIS2_PLACEMENT_3D('',#4873,#4034,#4035);
#3242=AXIS2_PLACEMENT_3D('',#4874,#4036,#4037);
#3243=AXIS2_PLACEMENT_3D('',#4875,#4038,#4039);
#3244=AXIS2_PLACEMENT_3D('',#4876,#4040,#4041);
#3245=AXIS2_PLACEMENT_3D('',#4877,#4042,#4043);
#3246=AXIS2_PLACEMENT_3D('',#4878,#4044,#4045);
#3247=AXIS2_PLACEMENT_3D('',#4879,#4046,#4047);
#3248=AXIS2_PLACEMENT_3D('',#4880,#4048,#4049);
#3249=AXIS2_PLACEMENT_3D('',#4881,#4050,#4051);
#3250=AXIS2_PLACEMENT_3D('',#4882,#4052,#4053);
#3251=AXIS2_PLACEMENT_3D('',#4883,#4054,#4055);
#3252=AXIS2_PLACEMENT_3D('',#4884,#4056,#4057);
#3253=AXIS2_PLACEMENT_3D('',#4885,#4058,#4059);
#3254=AXIS2_PLACEMENT_3D('',#4886,#4060,#4061);
#3255=AXIS2_PLACEMENT_3D('',#4887,#4062,#4063);
#3256=DIRECTION('',(0.,0.,1.));
#3257=DIRECTION('',(1.,0.,0.));
#3258=DIRECTION('',(0.,-1.,0.));
#3259=DIRECTION('',(0.,0.,-1.));
#3260=DIRECTION('',(0.,1.,0.));
#3261=DIRECTION('',(1.,0.,0.));
#3262=DIRECTION('',(0.,1.,0.));
#3263=DIRECTION('',(0.,0.,1.));
#3264=DIRECTION('',(0.,-1.,0.));
#3265=DIRECTION('',(0.,0.,-1.));
#3266=DIRECTION('',(0.,1.,0.));
#3267=DIRECTION('',(1.,0.,0.));
#3268=DIRECTION('',(0.,1.,0.));
#3269=DIRECTION('',(0.,0.,1.));
#3270=DIRECTION('',(0.,-1.,0.));
#3271=DIRECTION('',(0.,0.,-1.));
#3272=DIRECTION('',(0.,1.,0.));
#3273=DIRECTION('',(1.,0.,0.));
#3274=DIRECTION('',(0.,1.,0.));
#3275=DIRECTION('',(0.,0.,1.));
#3276=DIRECTION('',(0.,-1.,0.));
#3277=DIRECTION('',(0.,0.,-1.));
#3278=DIRECTION('',(0.,1.,0.));
#3279=DIRECTION('',(1.,0.,0.));
#3280=DIRECTION('',(0.,1.,0.));
#3281=DIRECTION('',(0.,0.,1.));
#3282=DIRECTION('',(0.,-1.,0.));
#3283=DIRECTION('',(0.,0.,-1.));
#3284=DIRECTION('',(0.,1.,0.));
#3285=DIRECTION('',(1.,0.,0.));
#3286=DIRECTION('',(0.,1.,0.));
#3287=DIRECTION('',(0.,0.,1.));
#3288=DIRECTION('',(0.,-1.,0.));
#3289=DIRECTION('',(0.,0.,-1.));
#3290=DIRECTION('',(0.,1.,0.));
#3291=DIRECTION('',(1.,0.,0.));
#3292=DIRECTION('',(0.,1.,0.));
#3293=DIRECTION('',(0.,0.,1.));
#3294=DIRECTION('',(0.,-1.,0.));
#3295=DIRECTION('',(0.,0.,-1.));
#3296=DIRECTION('',(0.,1.,0.));
#3297=DIRECTION('',(1.,0.,0.));
#3298=DIRECTION('',(0.,1.,0.));
#3299=DIRECTION('',(0.,0.,1.));
#3300=DIRECTION('',(0.,-1.,0.));
#3301=DIRECTION('',(0.,0.,-1.));
#3302=DIRECTION('',(0.,1.,0.));
#3303=DIRECTION('',(1.,0.,0.));
#3304=DIRECTION('',(0.,1.,0.));
#3305=DIRECTION('',(0.,0.,1.));
#3306=DIRECTION('',(0.,-1.,0.));
#3307=DIRECTION('',(0.,0.,-1.));
#3308=DIRECTION('',(0.,1.,0.));
#3309=DIRECTION('',(1.,0.,0.));
#3310=DIRECTION('',(0.,1.,0.));
#3311=DIRECTION('',(0.,0.,1.));
#3312=DIRECTION('',(0.,-1.,0.));
#3313=DIRECTION('',(0.,0.,-1.));
#3314=DIRECTION('',(0.,1.,0.));
#3315=DIRECTION('',(1.,0.,0.));
#3316=DIRECTION('',(0.,1.,0.));
#3317=DIRECTION('',(0.,0.,1.));
#3318=DIRECTION('',(0.,-1.,0.));
#3319=DIRECTION('',(0.,0.,-1.));
#3320=DIRECTION('',(0.,1.,0.));
#3321=DIRECTION('',(1.,0.,0.));
#3322=DIRECTION('',(0.,1.,0.));
#3323=DIRECTION('',(0.,0.,1.));
#3324=DIRECTION('',(0.,-1.,0.));
#3325=DIRECTION('',(0.,0.,-1.));
#3326=DIRECTION('',(0.,1.,0.));
#3327=DIRECTION('',(1.,0.,0.));
#3328=DIRECTION('',(0.,1.,0.));
#3329=DIRECTION('',(0.,0.,1.));
#3330=DIRECTION('',(0.,-1.,0.));
#3331=DIRECTION('',(0.,0.,-1.));
#3332=DIRECTION('',(0.,1.,0.));
#3333=DIRECTION('',(1.,0.,0.));
#3334=DIRECTION('',(0.,1.,0.));
#3335=DIRECTION('',(0.,0.,1.));
#3336=DIRECTION('',(0.,-1.,0.));
#3337=DIRECTION('',(0.,0.,-1.));
#3338=DIRECTION('',(0.,1.,0.));
#3339=DIRECTION('',(1.,0.,0.));
#3340=DIRECTION('',(0.,1.,0.));
#3341=DIRECTION('',(0.,0.,1.));
#3342=DIRECTION('',(0.,-1.,0.));
#3343=DIRECTION('',(0.,0.,-1.));
#3344=DIRECTION('',(0.,1.,0.));
#3345=DIRECTION('',(1.,0.,0.));
#3346=DIRECTION('',(0.,1.,0.));
#3347=DIRECTION('',(0.,0.,1.));
#3348=DIRECTION('',(0.,-1.,0.));
#3349=DIRECTION('',(0.,0.,-1.));
#3350=DIRECTION('',(0.,1.,0.));
#3351=DIRECTION('',(1.,0.,0.));
#3352=DIRECTION('',(0.,1.,0.));
#3353=DIRECTION('',(0.,0.,1.));
#3354=DIRECTION('',(0.,1.,0.));
#3355=DIRECTION('',(0.,0.,1.));
#3356=DIRECTION('',(0.,1.,0.));
#3357=DIRECTION('',(1.,0.,0.));
#3358=DIRECTION('',(0.,1.,0.));
#3359=DIRECTION('',(1.,0.,0.));
#3360=DIRECTION('',(0.,1.,0.));
#3361=DIRECTION('',(1.,0.,0.));
#3362=DIRECTION('',(0.,1.,0.));
#3363=DIRECTION('',(1.,0.,0.));
#3364=DIRECTION('',(0.,1.,0.));
#3365=DIRECTION('',(1.,0.,0.));
#3366=DIRECTION('',(0.,1.,0.));
#3367=DIRECTION('',(1.,0.,0.));
#3368=DIRECTION('',(0.,1.,0.));
#3369=DIRECTION('',(1.,0.,0.));
#3370=DIRECTION('',(0.,1.,0.));
#3371=DIRECTION('',(1.,0.,0.));
#3372=DIRECTION('',(0.,1.,0.));
#3373=DIRECTION('',(1.,0.,0.));
#3374=DIRECTION('',(0.,1.,0.));
#3375=DIRECTION('',(1.,0.,0.));
#3376=DIRECTION('',(0.,1.,0.));
#3377=DIRECTION('',(1.,0.,0.));
#3378=DIRECTION('',(0.,1.,0.));
#3379=DIRECTION('',(1.,0.,0.));
#3380=DIRECTION('',(0.,1.,0.));
#3381=DIRECTION('',(1.,0.,0.));
#3382=DIRECTION('',(0.,1.,0.));
#3383=DIRECTION('',(1.,0.,0.));
#3384=DIRECTION('',(0.,1.,0.));
#3385=DIRECTION('',(1.,0.,0.));
#3386=DIRECTION('',(0.,1.,0.));
#3387=DIRECTION('',(1.,0.,0.));
#3388=DIRECTION('',(-0.258819045102521,0.,0.965925826289068));
#3389=DIRECTION('',(-0.258819045102521,0.,-0.965925826289068));
#3390=DIRECTION('',(-1.,0.,0.));
#3391=DIRECTION('',(-0.258819045102521,0.,0.965925826289068));
#3392=DIRECTION('',(-0.258819045102521,0.,-0.965925826289068));
#3393=DIRECTION('',(-1.,0.,0.));
#3394=DIRECTION('',(-0.258819045102521,0.,0.965925826289068));
#3395=DIRECTION('',(-0.258819045102521,0.,-0.965925826289068));
#3396=DIRECTION('',(-1.,0.,0.));
#3397=DIRECTION('',(-0.258819045102521,0.,0.965925826289068));
#3398=DIRECTION('',(-0.258819045102521,0.,-0.965925826289068));
#3399=DIRECTION('',(-1.,0.,0.));
#3400=DIRECTION('',(-0.258819045102521,0.,0.965925826289068));
#3401=DIRECTION('',(-0.258819045102521,0.,-0.965925826289068));
#3402=DIRECTION('',(-1.,0.,0.));
#3403=DIRECTION('',(-0.258819045102521,0.,0.965925826289068));
#3404=DIRECTION('',(-0.258819045102521,0.,-0.965925826289068));
#3405=DIRECTION('',(-1.,0.,0.));
#3406=DIRECTION('',(-0.258819045102521,0.,0.965925826289068));
#3407=DIRECTION('',(-0.258819045102521,0.,-0.965925826289068));
#3408=DIRECTION('',(-1.,0.,0.));
#3409=DIRECTION('',(-0.258819045102521,0.,0.965925826289068));
#3410=DIRECTION('',(-0.258819045102521,0.,-0.965925826289068));
#3411=DIRECTION('',(-1.,0.,0.));
#3412=DIRECTION('',(-0.258819045102521,0.,0.965925826289068));
#3413=DIRECTION('',(-0.258819045102521,0.,-0.965925826289068));
#3414=DIRECTION('',(-1.,0.,0.));
#3415=DIRECTION('',(-0.258819045102521,0.,0.965925826289068));
#3416=DIRECTION('',(-0.258819045102521,0.,-0.965925826289068));
#3417=DIRECTION('',(-1.,0.,0.));
#3418=DIRECTION('',(-0.258819045102521,0.,0.965925826289068));
#3419=DIRECTION('',(-0.258819045102521,0.,-0.965925826289068));
#3420=DIRECTION('',(-1.,0.,0.));
#3421=DIRECTION('',(-0.258819045102521,0.,0.965925826289068));
#3422=DIRECTION('',(-0.258819045102521,0.,-0.965925826289068));
#3423=DIRECTION('',(-1.,0.,0.));
#3424=DIRECTION('',(-0.258819045102521,0.,0.965925826289068));
#3425=DIRECTION('',(-0.258819045102521,0.,-0.965925826289068));
#3426=DIRECTION('',(-1.,0.,0.));
#3427=DIRECTION('',(-0.258819045102521,0.,0.965925826289068));
#3428=DIRECTION('',(-0.258819045102521,0.,-0.965925826289068));
#3429=DIRECTION('',(-1.,0.,0.));
#3430=DIRECTION('',(-0.258819045102521,0.,0.965925826289068));
#3431=DIRECTION('',(-0.258819045102521,0.,-0.965925826289068));
#3432=DIRECTION('',(-1.,0.,0.));
#3433=DIRECTION('',(-0.258819045102521,0.,0.965925826289068));
#3434=DIRECTION('',(0.,0.,1.));
#3435=DIRECTION('',(0.25881904510252,0.,0.965925826289068));
#3436=DIRECTION('',(1.,0.,0.));
#3437=DIRECTION('',(0.258819045102521,0.,-0.965925826289068));
#3438=DIRECTION('',(0.25881904510252,0.,0.965925826289068));
#3439=DIRECTION('',(1.,0.,0.));
#3440=DIRECTION('',(0.258819045102521,0.,-0.965925826289068));
#3441=DIRECTION('',(0.25881904510252,0.,0.965925826289068));
#3442=DIRECTION('',(1.,0.,0.));
#3443=DIRECTION('',(0.258819045102521,0.,-0.965925826289068));
#3444=DIRECTION('',(0.25881904510252,0.,0.965925826289068));
#3445=DIRECTION('',(1.,0.,0.));
#3446=DIRECTION('',(0.258819045102521,0.,-0.965925826289068));
#3447=DIRECTION('',(0.25881904510252,0.,0.965925826289068));
#3448=DIRECTION('',(1.,0.,0.));
#3449=DIRECTION('',(0.258819045102521,0.,-0.965925826289068));
#3450=DIRECTION('',(0.25881904510252,0.,0.965925826289068));
#3451=DIRECTION('',(1.,0.,0.));
#3452=DIRECTION('',(0.258819045102521,0.,-0.965925826289068));
#3453=DIRECTION('',(0.25881904510252,0.,0.965925826289068));
#3454=DIRECTION('',(1.,0.,0.));
#3455=DIRECTION('',(0.258819045102521,0.,-0.965925826289068));
#3456=DIRECTION('',(0.25881904510252,0.,0.965925826289068));
#3457=DIRECTION('',(1.,0.,0.));
#3458=DIRECTION('',(0.258819045102521,0.,-0.965925826289068));
#3459=DIRECTION('',(0.25881904510252,0.,0.965925826289068));
#3460=DIRECTION('',(1.,0.,0.));
#3461=DIRECTION('',(0.258819045102521,0.,-0.965925826289068));
#3462=DIRECTION('',(0.25881904510252,0.,0.965925826289068));
#3463=DIRECTION('',(1.,0.,0.));
#3464=DIRECTION('',(0.258819045102521,0.,-0.965925826289068));
#3465=DIRECTION('',(0.25881904510252,0.,0.965925826289068));
#3466=DIRECTION('',(1.,0.,0.));
#3467=DIRECTION('',(0.258819045102521,0.,-0.965925826289068));
#3468=DIRECTION('',(0.25881904510252,0.,0.965925826289068));
#3469=DIRECTION('',(1.,0.,0.));
#3470=DIRECTION('',(0.258819045102521,0.,-0.965925826289068));
#3471=DIRECTION('',(0.25881904510252,0.,0.965925826289068));
#3472=DIRECTION('',(1.,0.,0.));
#3473=DIRECTION('',(0.258819045102521,0.,-0.965925826289068));
#3474=DIRECTION('',(0.25881904510252,0.,0.965925826289068));
#3475=DIRECTION('',(1.,0.,0.));
#3476=DIRECTION('',(0.258819045102521,0.,-0.965925826289068));
#3477=DIRECTION('',(0.25881904510252,0.,0.965925826289068));
#3478=DIRECTION('',(1.,0.,0.));
#3479=DIRECTION('',(0.258819045102521,0.,-0.965925826289068));
#3480=DIRECTION('',(0.25881904510252,0.,0.965925826289068));
#3481=DIRECTION('',(1.,0.,0.));
#3482=DIRECTION('',(0.258819045102521,0.,-0.965925826289068));
#3483=DIRECTION('',(0.,0.,-1.));
#3484=DIRECTION('',(-0.258819045102521,0.,-0.965925826289068));
#3485=DIRECTION('',(-1.,0.,0.));
#3486=DIRECTION('',(0.,1.,0.));
#3487=DIRECTION('',(0.,0.,1.));
#3488=DIRECTION('',(-0.258819045102521,0.,-0.965925826289068));
#3489=DIRECTION('',(-0.258819045102521,0.,0.965925826289068));
#3490=DIRECTION('',(-1.,0.,0.));
#3491=DIRECTION('',(-0.258819045102521,0.,-0.965925826289068));
#3492=DIRECTION('',(0.,0.,-1.));
#3493=DIRECTION('',(0.258819045102521,0.,-0.965925826289068));
#3494=DIRECTION('',(1.,0.,0.));
#3495=DIRECTION('',(0.25881904510252,0.,0.965925826289068));
#3496=DIRECTION('',(0.258819045102521,0.,-0.965925826289068));
#3497=DIRECTION('',(1.,0.,0.));
#3498=DIRECTION('',(0.25881904510252,0.,0.965925826289068));
#3499=DIRECTION('',(0.258819045102521,0.,-0.965925826289068));
#3500=DIRECTION('',(1.,0.,0.));
#3501=DIRECTION('',(0.25881904510252,0.,0.965925826289068));
#3502=DIRECTION('',(0.258819045102521,0.,-0.965925826289068));
#3503=DIRECTION('',(1.,0.,0.));
#3504=DIRECTION('',(0.25881904510252,0.,0.965925826289068));
#3505=DIRECTION('',(0.258819045102521,0.,-0.965925826289068));
#3506=DIRECTION('',(1.,0.,0.));
#3507=DIRECTION('',(0.25881904510252,0.,0.965925826289068));
#3508=DIRECTION('',(0.258819045102521,0.,-0.965925826289068));
#3509=DIRECTION('',(1.,0.,0.));
#3510=DIRECTION('',(0.25881904510252,0.,0.965925826289068));
#3511=DIRECTION('',(0.258819045102521,0.,-0.965925826289068));
#3512=DIRECTION('',(1.,0.,0.));
#3513=DIRECTION('',(0.25881904510252,0.,0.965925826289068));
#3514=DIRECTION('',(0.258819045102521,0.,-0.965925826289068));
#3515=DIRECTION('',(1.,0.,0.));
#3516=DIRECTION('',(0.25881904510252,0.,0.965925826289068));
#3517=DIRECTION('',(0.258819045102521,0.,-0.965925826289068));
#3518=DIRECTION('',(1.,0.,0.));
#3519=DIRECTION('',(0.25881904510252,0.,0.965925826289068));
#3520=DIRECTION('',(0.258819045102521,0.,-0.965925826289068));
#3521=DIRECTION('',(1.,0.,0.));
#3522=DIRECTION('',(0.25881904510252,0.,0.965925826289068));
#3523=DIRECTION('',(0.258819045102521,0.,-0.965925826289068));
#3524=DIRECTION('',(1.,0.,0.));
#3525=DIRECTION('',(0.25881904510252,0.,0.965925826289068));
#3526=DIRECTION('',(0.258819045102521,0.,-0.965925826289068));
#3527=DIRECTION('',(1.,0.,0.));
#3528=DIRECTION('',(0.25881904510252,0.,0.965925826289068));
#3529=DIRECTION('',(0.258819045102521,0.,-0.965925826289068));
#3530=DIRECTION('',(1.,0.,0.));
#3531=DIRECTION('',(0.25881904510252,0.,0.965925826289068));
#3532=DIRECTION('',(0.258819045102521,0.,-0.965925826289068));
#3533=DIRECTION('',(1.,0.,0.));
#3534=DIRECTION('',(0.25881904510252,0.,0.965925826289068));
#3535=DIRECTION('',(0.258819045102521,0.,-0.965925826289068));
#3536=DIRECTION('',(1.,0.,0.));
#3537=DIRECTION('',(0.25881904510252,0.,0.965925826289068));
#3538=DIRECTION('',(0.258819045102521,0.,-0.965925826289068));
#3539=DIRECTION('',(1.,0.,0.));
#3540=DIRECTION('',(0.25881904510252,0.,0.965925826289068));
#3541=DIRECTION('',(0.,0.,1.));
#3542=DIRECTION('',(-0.258819045102521,0.,0.965925826289068));
#3543=DIRECTION('',(-1.,0.,0.));
#3544=DIRECTION('',(-0.258819045102521,0.,-0.965925826289068));
#3545=DIRECTION('',(-0.258819045102521,0.,0.965925826289068));
#3546=DIRECTION('',(-1.,0.,0.));
#3547=DIRECTION('',(-0.258819045102521,0.,-0.965925826289068));
#3548=DIRECTION('',(-0.258819045102521,0.,0.965925826289068));
#3549=DIRECTION('',(-1.,0.,0.));
#3550=DIRECTION('',(-0.258819045102521,0.,-0.965925826289068));
#3551=DIRECTION('',(-0.258819045102521,0.,0.965925826289068));
#3552=DIRECTION('',(-1.,0.,0.));
#3553=DIRECTION('',(-0.258819045102521,0.,-0.965925826289068));
#3554=DIRECTION('',(-0.258819045102521,0.,0.965925826289068));
#3555=DIRECTION('',(-1.,0.,0.));
#3556=DIRECTION('',(-0.258819045102521,0.,-0.965925826289068));
#3557=DIRECTION('',(-0.258819045102521,0.,0.965925826289068));
#3558=DIRECTION('',(-1.,0.,0.));
#3559=DIRECTION('',(-0.258819045102521,0.,-0.965925826289068));
#3560=DIRECTION('',(-0.258819045102521,0.,0.965925826289068));
#3561=DIRECTION('',(-1.,0.,0.));
#3562=DIRECTION('',(-0.258819045102521,0.,-0.965925826289068));
#3563=DIRECTION('',(-0.258819045102521,0.,0.965925826289068));
#3564=DIRECTION('',(-1.,0.,0.));
#3565=DIRECTION('',(-0.258819045102521,0.,-0.965925826289068));
#3566=DIRECTION('',(-0.258819045102521,0.,0.965925826289068));
#3567=DIRECTION('',(-1.,0.,0.));
#3568=DIRECTION('',(-0.258819045102521,0.,-0.965925826289068));
#3569=DIRECTION('',(-0.258819045102521,0.,0.965925826289068));
#3570=DIRECTION('',(-1.,0.,0.));
#3571=DIRECTION('',(-0.258819045102521,0.,-0.965925826289068));
#3572=DIRECTION('',(-0.258819045102521,0.,0.965925826289068));
#3573=DIRECTION('',(-1.,0.,0.));
#3574=DIRECTION('',(-0.258819045102521,0.,-0.965925826289068));
#3575=DIRECTION('',(-0.258819045102521,0.,0.965925826289068));
#3576=DIRECTION('',(-1.,0.,0.));
#3577=DIRECTION('',(-0.258819045102521,0.,-0.965925826289068));
#3578=DIRECTION('',(-0.258819045102521,0.,0.965925826289068));
#3579=DIRECTION('',(-1.,0.,0.));
#3580=DIRECTION('',(-0.258819045102521,0.,-0.965925826289068));
#3581=DIRECTION('',(-0.258819045102521,0.,0.965925826289068));
#3582=DIRECTION('',(-1.,0.,0.));
#3583=DIRECTION('',(-0.258819045102521,0.,-0.965925826289068));
#3584=DIRECTION('',(-0.258819045102521,0.,0.965925826289068));
#3585=DIRECTION('',(-1.,0.,0.));
#3586=DIRECTION('',(1.,0.,0.));
#3587=DIRECTION('',(0.,0.,-1.));
#3588=DIRECTION('',(0.,-1.,0.));
#3589=DIRECTION('',(0.,-1.,0.));
#3590=DIRECTION('',(0.965925826289068,0.,-0.25881904510252));
#3591=DIRECTION('',(-0.25881904510252,0.,-0.965925826289069));
#3592=DIRECTION('',(0.,-1.,0.));
#3593=DIRECTION('',(0.,0.,-1.));
#3594=DIRECTION('',(-1.,0.,0.));
#3595=DIRECTION('',(0.,-1.,0.));
#3596=DIRECTION('',(-0.965925826289068,0.,-0.258819045102521));
#3597=DIRECTION('',(-0.258819045102521,0.,0.965925826289068));
#3598=DIRECTION('',(0.,-1.,0.));
#3599=DIRECTION('',(-0.965925826289068,0.,0.258819045102521));
#3600=DIRECTION('',(0.258819045102521,0.,0.965925826289068));
#3601=DIRECTION('',(0.,-1.,0.));
#3602=DIRECTION('',(0.,-1.,0.));
#3603=DIRECTION('',(0.,0.,1.));
#3604=DIRECTION('',(1.,0.,0.));
#3605=DIRECTION('',(0.,-1.,0.));
#3606=DIRECTION('',(0.965925826289068,0.,0.258819045102521));
#3607=DIRECTION('',(0.258819045102521,0.,-0.965925826289068));
#3608=DIRECTION('',(0.965925826289068,0.,-0.25881904510252));
#3609=DIRECTION('',(-0.25881904510252,0.,-0.965925826289069));
#3610=DIRECTION('',(0.,-1.,0.));
#3611=DIRECTION('',(0.,0.,-1.));
#3612=DIRECTION('',(-1.,0.,0.));
#3613=DIRECTION('',(0.,-1.,0.));
#3614=DIRECTION('',(-0.965925826289068,0.,-0.258819045102521));
#3615=DIRECTION('',(-0.258819045102521,0.,0.965925826289068));
#3616=DIRECTION('',(0.,-1.,0.));
#3617=DIRECTION('',(-0.965925826289068,0.,0.258819045102521));
#3618=DIRECTION('',(0.258819045102521,0.,0.965925826289068));
#3619=DIRECTION('',(0.,-1.,0.));
#3620=DIRECTION('',(0.,-1.,0.));
#3621=DIRECTION('',(0.,0.,1.));
#3622=DIRECTION('',(1.,0.,0.));
#3623=DIRECTION('',(0.,-1.,0.));
#3624=DIRECTION('',(0.965925826289068,0.,0.258819045102521));
#3625=DIRECTION('',(0.258819045102521,0.,-0.965925826289068));
#3626=DIRECTION('',(0.965925826289068,0.,-0.25881904510252));
#3627=DIRECTION('',(-0.25881904510252,0.,-0.965925826289069));
#3628=DIRECTION('',(0.,-1.,0.));
#3629=DIRECTION('',(0.,0.,-1.));
#3630=DIRECTION('',(-1.,0.,0.));
#3631=DIRECTION('',(0.,-1.,0.));
#3632=DIRECTION('',(-0.965925826289068,0.,-0.258819045102521));
#3633=DIRECTION('',(-0.258819045102521,0.,0.965925826289068));
#3634=DIRECTION('',(0.,-1.,0.));
#3635=DIRECTION('',(-0.965925826289068,0.,0.258819045102521));
#3636=DIRECTION('',(0.258819045102521,0.,0.965925826289068));
#3637=DIRECTION('',(0.,-1.,0.));
#3638=DIRECTION('',(0.,-1.,0.));
#3639=DIRECTION('',(0.,0.,1.));
#3640=DIRECTION('',(1.,0.,0.));
#3641=DIRECTION('',(0.,-1.,0.));
#3642=DIRECTION('',(0.965925826289068,0.,0.258819045102521));
#3643=DIRECTION('',(0.258819045102521,0.,-0.965925826289068));
#3644=DIRECTION('',(0.965925826289068,0.,-0.25881904510252));
#3645=DIRECTION('',(-0.25881904510252,0.,-0.965925826289069));
#3646=DIRECTION('',(0.,-1.,0.));
#3647=DIRECTION('',(0.,0.,-1.));
#3648=DIRECTION('',(-1.,0.,0.));
#3649=DIRECTION('',(0.,-1.,0.));
#3650=DIRECTION('',(-0.965925826289068,0.,-0.258819045102521));
#3651=DIRECTION('',(-0.258819045102521,0.,0.965925826289068));
#3652=DIRECTION('',(0.,-1.,0.));
#3653=DIRECTION('',(-0.965925826289068,0.,0.258819045102521));
#3654=DIRECTION('',(0.258819045102521,0.,0.965925826289068));
#3655=DIRECTION('',(0.,-1.,0.));
#3656=DIRECTION('',(0.,-1.,0.));
#3657=DIRECTION('',(0.,0.,1.));
#3658=DIRECTION('',(1.,0.,0.));
#3659=DIRECTION('',(0.,-1.,0.));
#3660=DIRECTION('',(0.965925826289068,0.,0.258819045102521));
#3661=DIRECTION('',(0.258819045102521,0.,-0.965925826289068));
#3662=DIRECTION('',(0.965925826289068,0.,-0.25881904510252));
#3663=DIRECTION('',(-0.25881904510252,0.,-0.965925826289069));
#3664=DIRECTION('',(0.,-1.,0.));
#3665=DIRECTION('',(0.,0.,-1.));
#3666=DIRECTION('',(-1.,0.,0.));
#3667=DIRECTION('',(0.,-1.,0.));
#3668=DIRECTION('',(-0.965925826289068,0.,-0.258819045102521));
#3669=DIRECTION('',(-0.258819045102521,0.,0.965925826289068));
#3670=DIRECTION('',(0.,-1.,0.));
#3671=DIRECTION('',(-0.965925826289068,0.,0.258819045102521));
#3672=DIRECTION('',(0.258819045102521,0.,0.965925826289068));
#3673=DIRECTION('',(0.,-1.,0.));
#3674=DIRECTION('',(0.,-1.,0.));
#3675=DIRECTION('',(0.,0.,1.));
#3676=DIRECTION('',(1.,0.,0.));
#3677=DIRECTION('',(0.,-1.,0.));
#3678=DIRECTION('',(0.965925826289068,0.,0.258819045102521));
#3679=DIRECTION('',(0.258819045102521,0.,-0.965925826289068));
#3680=DIRECTION('',(0.965925826289068,0.,-0.25881904510252));
#3681=DIRECTION('',(-0.25881904510252,0.,-0.965925826289069));
#3682=DIRECTION('',(0.,-1.,0.));
#3683=DIRECTION('',(0.,0.,-1.));
#3684=DIRECTION('',(-1.,0.,0.));
#3685=DIRECTION('',(0.,-1.,0.));
#3686=DIRECTION('',(-0.965925826289068,0.,-0.258819045102521));
#3687=DIRECTION('',(-0.258819045102521,0.,0.965925826289068));
#3688=DIRECTION('',(0.,-1.,0.));
#3689=DIRECTION('',(-0.965925826289068,0.,0.258819045102521));
#3690=DIRECTION('',(0.258819045102521,0.,0.965925826289068));
#3691=DIRECTION('',(0.,-1.,0.));
#3692=DIRECTION('',(0.,-1.,0.));
#3693=DIRECTION('',(0.,0.,1.));
#3694=DIRECTION('',(1.,0.,0.));
#3695=DIRECTION('',(0.,-1.,0.));
#3696=DIRECTION('',(0.965925826289068,0.,0.258819045102521));
#3697=DIRECTION('',(0.258819045102521,0.,-0.965925826289068));
#3698=DIRECTION('',(0.965925826289068,0.,-0.25881904510252));
#3699=DIRECTION('',(-0.25881904510252,0.,-0.965925826289069));
#3700=DIRECTION('',(0.,-1.,0.));
#3701=DIRECTION('',(0.,0.,-1.));
#3702=DIRECTION('',(-1.,0.,0.));
#3703=DIRECTION('',(0.,-1.,0.));
#3704=DIRECTION('',(-0.965925826289068,0.,-0.258819045102521));
#3705=DIRECTION('',(-0.258819045102521,0.,0.965925826289068));
#3706=DIRECTION('',(0.,-1.,0.));
#3707=DIRECTION('',(-0.965925826289068,0.,0.258819045102521));
#3708=DIRECTION('',(0.258819045102521,0.,0.965925826289068));
#3709=DIRECTION('',(0.,-1.,0.));
#3710=DIRECTION('',(0.,-1.,0.));
#3711=DIRECTION('',(0.,0.,1.));
#3712=DIRECTION('',(1.,0.,0.));
#3713=DIRECTION('',(0.,-1.,0.));
#3714=DIRECTION('',(0.965925826289068,0.,0.258819045102521));
#3715=DIRECTION('',(0.258819045102521,0.,-0.965925826289068));
#3716=DIRECTION('',(0.965925826289068,0.,-0.25881904510252));
#3717=DIRECTION('',(-0.25881904510252,0.,-0.965925826289069));
#3718=DIRECTION('',(0.,-1.,0.));
#3719=DIRECTION('',(0.,0.,-1.));
#3720=DIRECTION('',(-1.,0.,0.));
#3721=DIRECTION('',(0.,-1.,0.));
#3722=DIRECTION('',(-0.965925826289068,0.,-0.258819045102521));
#3723=DIRECTION('',(-0.258819045102521,0.,0.965925826289068));
#3724=DIRECTION('',(0.,-1.,0.));
#3725=DIRECTION('',(-0.965925826289068,0.,0.258819045102521));
#3726=DIRECTION('',(0.258819045102521,0.,0.965925826289068));
#3727=DIRECTION('',(0.,-1.,0.));
#3728=DIRECTION('',(0.,-1.,0.));
#3729=DIRECTION('',(0.,0.,1.));
#3730=DIRECTION('',(1.,0.,0.));
#3731=DIRECTION('',(0.,-1.,0.));
#3732=DIRECTION('',(0.965925826289068,0.,0.258819045102521));
#3733=DIRECTION('',(0.258819045102521,0.,-0.965925826289068));
#3734=DIRECTION('',(0.965925826289068,0.,-0.25881904510252));
#3735=DIRECTION('',(-0.25881904510252,0.,-0.965925826289069));
#3736=DIRECTION('',(0.,-1.,0.));
#3737=DIRECTION('',(0.,0.,-1.));
#3738=DIRECTION('',(-1.,0.,0.));
#3739=DIRECTION('',(0.,-1.,0.));
#3740=DIRECTION('',(-0.965925826289068,0.,-0.258819045102521));
#3741=DIRECTION('',(-0.258819045102521,0.,0.965925826289068));
#3742=DIRECTION('',(0.,-1.,0.));
#3743=DIRECTION('',(-0.965925826289068,0.,0.258819045102521));
#3744=DIRECTION('',(0.258819045102521,0.,0.965925826289068));
#3745=DIRECTION('',(0.,-1.,0.));
#3746=DIRECTION('',(0.,-1.,0.));
#3747=DIRECTION('',(0.,0.,1.));
#3748=DIRECTION('',(1.,0.,0.));
#3749=DIRECTION('',(0.,-1.,0.));
#3750=DIRECTION('',(0.965925826289068,0.,0.258819045102521));
#3751=DIRECTION('',(0.258819045102521,0.,-0.965925826289068));
#3752=DIRECTION('',(0.965925826289068,0.,-0.25881904510252));
#3753=DIRECTION('',(-0.25881904510252,0.,-0.965925826289069));
#3754=DIRECTION('',(0.,-1.,0.));
#3755=DIRECTION('',(0.,0.,-1.));
#3756=DIRECTION('',(-1.,0.,0.));
#3757=DIRECTION('',(0.,-1.,0.));
#3758=DIRECTION('',(-0.965925826289068,0.,-0.258819045102521));
#3759=DIRECTION('',(-0.258819045102521,0.,0.965925826289068));
#3760=DIRECTION('',(0.,-1.,0.));
#3761=DIRECTION('',(-0.965925826289068,0.,0.258819045102521));
#3762=DIRECTION('',(0.258819045102521,0.,0.965925826289068));
#3763=DIRECTION('',(0.,-1.,0.));
#3764=DIRECTION('',(0.,-1.,0.));
#3765=DIRECTION('',(0.,0.,1.));
#3766=DIRECTION('',(1.,0.,0.));
#3767=DIRECTION('',(0.,-1.,0.));
#3768=DIRECTION('',(0.965925826289068,0.,0.258819045102521));
#3769=DIRECTION('',(0.258819045102521,0.,-0.965925826289068));
#3770=DIRECTION('',(0.965925826289068,0.,-0.25881904510252));
#3771=DIRECTION('',(-0.25881904510252,0.,-0.965925826289069));
#3772=DIRECTION('',(0.,-1.,0.));
#3773=DIRECTION('',(0.,0.,-1.));
#3774=DIRECTION('',(-1.,0.,0.));
#3775=DIRECTION('',(0.,-1.,0.));
#3776=DIRECTION('',(-0.965925826289068,0.,-0.258819045102521));
#3777=DIRECTION('',(-0.258819045102521,0.,0.965925826289068));
#3778=DIRECTION('',(0.,-1.,0.));
#3779=DIRECTION('',(-0.965925826289068,0.,0.258819045102521));
#3780=DIRECTION('',(0.258819045102521,0.,0.965925826289068));
#3781=DIRECTION('',(0.,-1.,0.));
#3782=DIRECTION('',(0.,-1.,0.));
#3783=DIRECTION('',(0.,0.,1.));
#3784=DIRECTION('',(1.,0.,0.));
#3785=DIRECTION('',(0.,-1.,0.));
#3786=DIRECTION('',(0.965925826289068,0.,0.258819045102521));
#3787=DIRECTION('',(0.258819045102521,0.,-0.965925826289068));
#3788=DIRECTION('',(0.965925826289068,0.,-0.25881904510252));
#3789=DIRECTION('',(-0.25881904510252,0.,-0.965925826289069));
#3790=DIRECTION('',(0.,-1.,0.));
#3791=DIRECTION('',(0.,0.,-1.));
#3792=DIRECTION('',(-1.,0.,0.));
#3793=DIRECTION('',(0.,-1.,0.));
#3794=DIRECTION('',(-0.965925826289068,0.,-0.258819045102521));
#3795=DIRECTION('',(-0.258819045102521,0.,0.965925826289068));
#3796=DIRECTION('',(0.,-1.,0.));
#3797=DIRECTION('',(-0.965925826289068,0.,0.258819045102521));
#3798=DIRECTION('',(0.258819045102521,0.,0.965925826289068));
#3799=DIRECTION('',(0.,-1.,0.));
#3800=DIRECTION('',(0.,-1.,0.));
#3801=DIRECTION('',(0.,0.,1.));
#3802=DIRECTION('',(1.,0.,0.));
#3803=DIRECTION('',(0.,-1.,0.));
#3804=DIRECTION('',(0.965925826289068,0.,0.258819045102521));
#3805=DIRECTION('',(0.258819045102521,0.,-0.965925826289068));
#3806=DIRECTION('',(0.965925826289068,0.,-0.25881904510252));
#3807=DIRECTION('',(-0.25881904510252,0.,-0.965925826289069));
#3808=DIRECTION('',(0.,-1.,0.));
#3809=DIRECTION('',(0.,0.,-1.));
#3810=DIRECTION('',(-1.,0.,0.));
#3811=DIRECTION('',(0.,-1.,0.));
#3812=DIRECTION('',(-0.965925826289068,0.,-0.258819045102521));
#3813=DIRECTION('',(-0.258819045102521,0.,0.965925826289068));
#3814=DIRECTION('',(0.,-1.,0.));
#3815=DIRECTION('',(-0.965925826289068,0.,0.258819045102521));
#3816=DIRECTION('',(0.258819045102521,0.,0.965925826289068));
#3817=DIRECTION('',(0.,-1.,0.));
#3818=DIRECTION('',(0.,-1.,0.));
#3819=DIRECTION('',(0.,0.,1.));
#3820=DIRECTION('',(1.,0.,0.));
#3821=DIRECTION('',(0.,-1.,0.));
#3822=DIRECTION('',(0.965925826289068,0.,0.258819045102521));
#3823=DIRECTION('',(0.258819045102521,0.,-0.965925826289068));
#3824=DIRECTION('',(0.965925826289068,0.,-0.25881904510252));
#3825=DIRECTION('',(-0.25881904510252,0.,-0.965925826289069));
#3826=DIRECTION('',(0.,-1.,0.));
#3827=DIRECTION('',(0.,0.,-1.));
#3828=DIRECTION('',(-1.,0.,0.));
#3829=DIRECTION('',(0.,-1.,0.));
#3830=DIRECTION('',(-0.965925826289068,0.,-0.258819045102521));
#3831=DIRECTION('',(-0.258819045102521,0.,0.965925826289068));
#3832=DIRECTION('',(0.,-1.,0.));
#3833=DIRECTION('',(-0.965925826289068,0.,0.258819045102521));
#3834=DIRECTION('',(0.258819045102521,0.,0.965925826289068));
#3835=DIRECTION('',(0.,-1.,0.));
#3836=DIRECTION('',(0.,-1.,0.));
#3837=DIRECTION('',(0.,0.,1.));
#3838=DIRECTION('',(1.,0.,0.));
#3839=DIRECTION('',(0.,-1.,0.));
#3840=DIRECTION('',(0.965925826289068,0.,0.258819045102521));
#3841=DIRECTION('',(0.258819045102521,0.,-0.965925826289068));
#3842=DIRECTION('',(0.965925826289068,0.,-0.25881904510252));
#3843=DIRECTION('',(-0.25881904510252,0.,-0.965925826289069));
#3844=DIRECTION('',(0.,-1.,0.));
#3845=DIRECTION('',(0.,0.,-1.));
#3846=DIRECTION('',(-1.,0.,0.));
#3847=DIRECTION('',(0.,-1.,0.));
#3848=DIRECTION('',(-0.965925826289068,0.,-0.258819045102521));
#3849=DIRECTION('',(-0.258819045102521,0.,0.965925826289068));
#3850=DIRECTION('',(0.,-1.,0.));
#3851=DIRECTION('',(-0.965925826289068,0.,0.258819045102521));
#3852=DIRECTION('',(0.258819045102521,0.,0.965925826289068));
#3853=DIRECTION('',(0.,-1.,0.));
#3854=DIRECTION('',(0.,-1.,0.));
#3855=DIRECTION('',(0.,0.,1.));
#3856=DIRECTION('',(1.,0.,0.));
#3857=DIRECTION('',(0.,-1.,0.));
#3858=DIRECTION('',(0.965925826289068,0.,0.258819045102521));
#3859=DIRECTION('',(0.258819045102521,0.,-0.965925826289068));
#3860=DIRECTION('',(0.965925826289068,0.,-0.25881904510252));
#3861=DIRECTION('',(-0.25881904510252,0.,-0.965925826289069));
#3862=DIRECTION('',(0.,-1.,0.));
#3863=DIRECTION('',(0.,0.,-1.));
#3864=DIRECTION('',(-1.,0.,0.));
#3865=DIRECTION('',(0.,-1.,0.));
#3866=DIRECTION('',(-0.965925826289068,0.,-0.258819045102521));
#3867=DIRECTION('',(-0.258819045102521,0.,0.965925826289068));
#3868=DIRECTION('',(0.,-1.,0.));
#3869=DIRECTION('',(-1.,0.,0.));
#3870=DIRECTION('',(0.,0.,1.));
#3871=DIRECTION('',(0.,-1.,0.));
#3872=DIRECTION('',(-0.965925826289068,0.,0.258819045102521));
#3873=DIRECTION('',(0.258819045102521,0.,0.965925826289068));
#3874=DIRECTION('',(0.,-1.,0.));
#3875=DIRECTION('',(0.,0.,1.));
#3876=DIRECTION('',(1.,0.,0.));
#3877=DIRECTION('',(0.,-1.,0.));
#3878=DIRECTION('',(0.965925826289068,0.,0.258819045102521));
#3879=DIRECTION('',(0.258819045102521,0.,-0.965925826289068));
#3880=DIRECTION('',(0.,1.,0.));
#3881=DIRECTION('',(0.,0.,1.));
#3882=DIRECTION('',(0.,1.,0.));
#3883=DIRECTION('',(1.,0.,0.));
#3884=DIRECTION('',(0.,1.,0.));
#3885=DIRECTION('',(0.,0.,1.));
#3886=DIRECTION('',(0.,1.,0.));
#3887=DIRECTION('',(0.,0.,1.));
#3888=DIRECTION('',(0.,1.,0.));
#3889=DIRECTION('',(1.,0.,0.));
#3890=DIRECTION('',(0.,1.,0.));
#3891=DIRECTION('',(0.,0.,1.));
#3892=DIRECTION('',(0.,1.,0.));
#3893=DIRECTION('',(0.,0.,1.));
#3894=DIRECTION('',(0.,1.,0.));
#3895=DIRECTION('',(1.,0.,0.));
#3896=DIRECTION('',(0.,1.,0.));
#3897=DIRECTION('',(0.,0.,1.));
#3898=DIRECTION('',(0.,1.,0.));
#3899=DIRECTION('',(0.,0.,1.));
#3900=DIRECTION('',(0.,1.,0.));
#3901=DIRECTION('',(1.,0.,0.));
#3902=DIRECTION('',(0.,1.,0.));
#3903=DIRECTION('',(0.,0.,1.));
#3904=DIRECTION('',(0.,1.,0.));
#3905=DIRECTION('',(0.,0.,1.));
#3906=DIRECTION('',(0.,1.,0.));
#3907=DIRECTION('',(1.,0.,0.));
#3908=DIRECTION('',(0.,1.,0.));
#3909=DIRECTION('',(0.,0.,1.));
#3910=DIRECTION('',(0.,1.,0.));
#3911=DIRECTION('',(0.,0.,1.));
#3912=DIRECTION('',(0.,1.,0.));
#3913=DIRECTION('',(1.,0.,0.));
#3914=DIRECTION('',(0.,1.,0.));
#3915=DIRECTION('',(0.,0.,1.));
#3916=DIRECTION('',(0.,1.,0.));
#3917=DIRECTION('',(0.,0.,1.));
#3918=DIRECTION('',(0.,1.,0.));
#3919=DIRECTION('',(1.,0.,0.));
#3920=DIRECTION('',(0.,1.,0.));
#3921=DIRECTION('',(0.,0.,1.));
#3922=DIRECTION('',(0.,1.,0.));
#3923=DIRECTION('',(0.,0.,1.));
#3924=DIRECTION('',(0.,1.,0.));
#3925=DIRECTION('',(1.,0.,0.));
#3926=DIRECTION('',(0.,1.,0.));
#3927=DIRECTION('',(0.,0.,1.));
#3928=DIRECTION('',(0.,1.,0.));
#3929=DIRECTION('',(0.,0.,1.));
#3930=DIRECTION('',(0.,1.,0.));
#3931=DIRECTION('',(1.,0.,0.));
#3932=DIRECTION('',(0.,1.,0.));
#3933=DIRECTION('',(0.,0.,1.));
#3934=DIRECTION('',(0.,1.,0.));
#3935=DIRECTION('',(0.,0.,1.));
#3936=DIRECTION('',(0.,1.,0.));
#3937=DIRECTION('',(1.,0.,0.));
#3938=DIRECTION('',(0.,1.,0.));
#3939=DIRECTION('',(0.,0.,1.));
#3940=DIRECTION('',(0.,1.,0.));
#3941=DIRECTION('',(0.,0.,1.));
#3942=DIRECTION('',(0.,1.,0.));
#3943=DIRECTION('',(1.,0.,0.));
#3944=DIRECTION('',(0.,1.,0.));
#3945=DIRECTION('',(0.,0.,1.));
#3946=DIRECTION('',(0.,1.,0.));
#3947=DIRECTION('',(0.,0.,1.));
#3948=DIRECTION('',(0.,1.,0.));
#3949=DIRECTION('',(1.,0.,0.));
#3950=DIRECTION('',(0.,1.,0.));
#3951=DIRECTION('',(0.,0.,1.));
#3952=DIRECTION('',(0.,1.,0.));
#3953=DIRECTION('',(0.,0.,1.));
#3954=DIRECTION('',(0.,1.,0.));
#3955=DIRECTION('',(1.,0.,0.));
#3956=DIRECTION('',(0.,1.,0.));
#3957=DIRECTION('',(0.,0.,1.));
#3958=DIRECTION('',(0.,1.,0.));
#3959=DIRECTION('',(0.,0.,1.));
#3960=DIRECTION('',(0.,1.,0.));
#3961=DIRECTION('',(1.,0.,0.));
#3962=DIRECTION('',(0.,1.,0.));
#3963=DIRECTION('',(0.,0.,1.));
#3964=DIRECTION('',(0.,1.,0.));
#3965=DIRECTION('',(0.,0.,1.));
#3966=DIRECTION('',(0.,1.,0.));
#3967=DIRECTION('',(1.,0.,0.));
#3968=DIRECTION('',(0.,1.,0.));
#3969=DIRECTION('',(0.,0.,1.));
#3970=DIRECTION('',(0.,1.,0.));
#3971=DIRECTION('',(0.,0.,1.));
#3972=DIRECTION('',(0.,1.,0.));
#3973=DIRECTION('',(1.,0.,0.));
#3974=DIRECTION('',(0.,1.,0.));
#3975=DIRECTION('',(0.,0.,1.));
#3976=DIRECTION('',(0.,0.,1.));
#3977=DIRECTION('',(1.,0.,0.));
#3978=DIRECTION('',(2.18249948587249E-17,1.,0.));
#3979=DIRECTION('',(-1.,2.18249948587249E-17,0.));
#3980=DIRECTION('',(2.18249948587249E-17,1.,0.));
#3981=DIRECTION('',(-1.,2.18249948587249E-17,0.));
#3982=DIRECTION('',(-2.18249948587249E-17,-1.,0.));
#3983=DIRECTION('',(1.,-2.18249948587249E-17,0.));
#3984=DIRECTION('',(-2.18249948587249E-17,-1.,0.));
#3985=DIRECTION('',(1.,-2.18249948587249E-17,0.));
#3986=DIRECTION('',(-2.18249948587249E-17,-1.,0.));
#3987=DIRECTION('',(1.,-2.18249948587249E-17,0.));
#3988=DIRECTION('',(0.,-1.,0.));
#3989=DIRECTION('',(0.,0.,-1.));
#3990=DIRECTION('',(-2.18249948587249E-17,-1.,0.));
#3991=DIRECTION('',(1.,-2.18249948587249E-17,0.));
#3992=DIRECTION('',(-2.18249948587249E-17,-1.,0.));
#3993=DIRECTION('',(1.,-2.18249948587249E-17,0.));
#3994=DIRECTION('',(2.18249948587249E-17,1.,0.));
#3995=DIRECTION('',(-1.,2.18249948587249E-17,0.));
#3996=DIRECTION('',(-2.18249948587249E-17,-1.,0.));
#3997=DIRECTION('',(1.,-2.18249948587249E-17,0.));
#3998=DIRECTION('',(-2.18249948587249E-17,-1.,0.));
#3999=DIRECTION('',(1.,-2.18249948587249E-17,0.));
#4000=DIRECTION('',(-2.18249948587249E-17,-1.,0.));
#4001=DIRECTION('',(1.,-2.18249948587249E-17,0.));
#4002=DIRECTION('',(-2.18249948587249E-17,-1.,0.));
#4003=DIRECTION('',(1.,-2.18249948587249E-17,0.));
#4004=DIRECTION('',(-2.18249948587249E-17,-1.,0.));
#4005=DIRECTION('',(1.,-2.18249948587249E-17,0.));
#4006=DIRECTION('',(2.18249948587249E-17,1.,0.));
#4007=DIRECTION('',(-1.,2.18249948587249E-17,0.));
#4008=DIRECTION('',(-2.18249948587249E-17,-1.,0.));
#4009=DIRECTION('',(1.,-2.18249948587249E-17,0.));
#4010=DIRECTION('',(-2.18249948587249E-17,-1.,0.));
#4011=DIRECTION('',(1.,-2.18249948587249E-17,0.));
#4012=DIRECTION('',(0.,-1.,0.));
#4013=DIRECTION('',(0.,0.,-1.));
#4014=DIRECTION('',(0.,-1.,0.));
#4015=DIRECTION('',(0.,0.,-1.));
#4016=DIRECTION('',(0.,-1.,0.));
#4017=DIRECTION('',(0.,0.,-1.));
#4018=DIRECTION('',(0.,-1.,0.));
#4019=DIRECTION('',(0.,0.,-1.));
#4020=DIRECTION('',(0.,-1.,0.));
#4021=DIRECTION('',(0.,0.,-1.));
#4022=DIRECTION('',(0.,-1.,0.));
#4023=DIRECTION('',(0.,0.,-1.));
#4024=DIRECTION('',(0.,-1.,0.));
#4025=DIRECTION('',(0.,0.,-1.));
#4026=DIRECTION('',(0.,-1.,0.));
#4027=DIRECTION('',(0.,0.,-1.));
#4028=DIRECTION('',(0.,-1.,0.));
#4029=DIRECTION('',(0.,0.,-1.));
#4030=DIRECTION('',(0.,1.,0.));
#4031=DIRECTION('',(0.,0.,1.));
#4032=DIRECTION('',(0.,0.,1.));
#4033=DIRECTION('',(1.,0.,0.));
#4034=DIRECTION('',(0.,0.,1.));
#4035=DIRECTION('',(1.,0.,0.));
#4036=DIRECTION('',(0.,0.,1.));
#4037=DIRECTION('',(1.,0.,0.));
#4038=DIRECTION('',(0.,0.,1.));
#4039=DIRECTION('',(1.,0.,0.));
#4040=DIRECTION('',(0.,0.,1.));
#4041=DIRECTION('',(1.,0.,0.));
#4042=DIRECTION('',(0.,0.,1.));
#4043=DIRECTION('',(1.,0.,0.));
#4044=DIRECTION('',(0.,0.,1.));
#4045=DIRECTION('',(1.,0.,0.));
#4046=DIRECTION('',(0.,0.,1.));
#4047=DIRECTION('',(1.,0.,0.));
#4048=DIRECTION('',(0.,0.,1.));
#4049=DIRECTION('',(1.,0.,0.));
#4050=DIRECTION('',(0.,0.,1.));
#4051=DIRECTION('',(1.,0.,0.));
#4052=DIRECTION('',(0.,0.,1.));
#4053=DIRECTION('',(1.,0.,0.));
#4054=DIRECTION('',(0.,0.,1.));
#4055=DIRECTION('',(1.,0.,0.));
#4056=DIRECTION('',(0.,0.,1.));
#4057=DIRECTION('',(1.,0.,0.));
#4058=DIRECTION('',(0.,0.,1.));
#4059=DIRECTION('',(1.,0.,0.));
#4060=DIRECTION('',(0.,0.,1.));
#4061=DIRECTION('',(1.,0.,0.));
#4062=DIRECTION('',(0.,0.,1.));
#4063=DIRECTION('',(1.,0.,0.));
#4064=CARTESIAN_POINT('',(0.,0.,0.));
#4065=CARTESIAN_POINT('',(1.554,0.1,0.));
#4066=CARTESIAN_POINT('',(1.554,0.,0.));
#4067=CARTESIAN_POINT('',(1.58,0.,0.));
#4068=CARTESIAN_POINT('',(1.554,0.07,0.));
#4069=CARTESIAN_POINT('',(1.554,0.07,0.026));
#4070=CARTESIAN_POINT('',(1.454,0.1,0.));
#4071=CARTESIAN_POINT('',(1.454,0.,0.));
#4072=CARTESIAN_POINT('',(1.48,0.,0.));
#4073=CARTESIAN_POINT('',(1.454,0.07,0.));
#4074=CARTESIAN_POINT('',(1.454,0.07,0.026));
#4075=CARTESIAN_POINT('',(1.354,0.1,0.));
#4076=CARTESIAN_POINT('',(1.354,0.,0.));
#4077=CARTESIAN_POINT('',(1.38,0.,0.));
#4078=CARTESIAN_POINT('',(1.354,0.07,0.));
#4079=CARTESIAN_POINT('',(1.354,0.07,0.026));
#4080=CARTESIAN_POINT('',(1.254,0.1,0.));
#4081=CARTESIAN_POINT('',(1.254,0.,0.));
#4082=CARTESIAN_POINT('',(1.28,0.,0.));
#4083=CARTESIAN_POINT('',(1.254,0.07,0.));
#4084=CARTESIAN_POINT('',(1.254,0.07,0.026));
#4085=CARTESIAN_POINT('',(1.154,0.1,0.));
#4086=CARTESIAN_POINT('',(1.154,0.,0.));
#4087=CARTESIAN_POINT('',(1.18,0.,0.));
#4088=CARTESIAN_POINT('',(1.154,0.07,0.));
#4089=CARTESIAN_POINT('',(1.154,0.07,0.026));
#4090=CARTESIAN_POINT('',(1.054,0.1,0.));
#4091=CARTESIAN_POINT('',(1.054,0.,0.));
#4092=CARTESIAN_POINT('',(1.08,0.,0.));
#4093=CARTESIAN_POINT('',(1.054,0.07,0.));
#4094=CARTESIAN_POINT('',(1.054,0.07,0.026));
#4095=CARTESIAN_POINT('',(0.954,0.1,0.));
#4096=CARTESIAN_POINT('',(0.954,0.,0.));
#4097=CARTESIAN_POINT('',(0.98,0.,0.));
#4098=CARTESIAN_POINT('',(0.954,0.07,0.));
#4099=CARTESIAN_POINT('',(0.954,0.07,0.026));
#4100=CARTESIAN_POINT('',(0.854,0.1,0.));
#4101=CARTESIAN_POINT('',(0.854,0.,0.));
#4102=CARTESIAN_POINT('',(0.88,0.,0.));
#4103=CARTESIAN_POINT('',(0.854,0.07,0.));
#4104=CARTESIAN_POINT('',(0.854,0.07,0.026));
#4105=CARTESIAN_POINT('',(0.754,0.1,0.));
#4106=CARTESIAN_POINT('',(0.754,0.,0.));
#4107=CARTESIAN_POINT('',(0.78,0.,0.));
#4108=CARTESIAN_POINT('',(0.754,0.07,0.));
#4109=CARTESIAN_POINT('',(0.754,0.07,0.026));
#4110=CARTESIAN_POINT('',(0.654,0.1,0.));
#4111=CARTESIAN_POINT('',(0.654,0.,0.));
#4112=CARTESIAN_POINT('',(0.68,0.,0.));
#4113=CARTESIAN_POINT('',(0.654,0.07,0.));
#4114=CARTESIAN_POINT('',(0.654,0.07,0.026));
#4115=CARTESIAN_POINT('',(0.554,0.1,0.));
#4116=CARTESIAN_POINT('',(0.554,0.,0.));
#4117=CARTESIAN_POINT('',(0.58,0.,0.));
#4118=CARTESIAN_POINT('',(0.554,0.07,0.));
#4119=CARTESIAN_POINT('',(0.554,0.07,0.026));
#4120=CARTESIAN_POINT('',(0.454,0.1,0.));
#4121=CARTESIAN_POINT('',(0.454,0.,0.));
#4122=CARTESIAN_POINT('',(0.48,0.,0.));
#4123=CARTESIAN_POINT('',(0.454,0.07,0.));
#4124=CARTESIAN_POINT('',(0.454,0.07,0.026));
#4125=CARTESIAN_POINT('',(0.354,0.1,0.));
#4126=CARTESIAN_POINT('',(0.354,0.,0.));
#4127=CARTESIAN_POINT('',(0.38,0.,0.));
#4128=CARTESIAN_POINT('',(0.354,0.07,0.));
#4129=CARTESIAN_POINT('',(0.354,0.07,0.026));
#4130=CARTESIAN_POINT('',(0.254,0.1,0.));
#4131=CARTESIAN_POINT('',(0.254,0.,0.));
#4132=CARTESIAN_POINT('',(0.28,0.,0.));
#4133=CARTESIAN_POINT('',(0.254,0.07,0.));
#4134=CARTESIAN_POINT('',(0.254,0.07,0.026));
#4135=CARTESIAN_POINT('',(0.154,0.1,0.));
#4136=CARTESIAN_POINT('',(0.154,0.,0.));
#4137=CARTESIAN_POINT('',(0.18,0.,0.));
#4138=CARTESIAN_POINT('',(0.154,0.07,0.));
#4139=CARTESIAN_POINT('',(0.154,0.07,0.026));
#4140=CARTESIAN_POINT('',(0.054,0.1,0.));
#4141=CARTESIAN_POINT('',(0.054,0.,0.));
#4142=CARTESIAN_POINT('',(0.0800000000000001,0.,0.));
#4143=CARTESIAN_POINT('',(0.054,0.07,0.));
#4144=CARTESIAN_POINT('',(0.054,0.07,0.026));
#4145=CARTESIAN_POINT('',(0.,0.1,0.));
#4146=CARTESIAN_POINT('',(0.154,0.1,0.));
#4147=CARTESIAN_POINT('',(0.189,0.1,0.));
#4148=CARTESIAN_POINT('',(0.254,0.1,0.));
#4149=CARTESIAN_POINT('',(0.289,0.1,0.));
#4150=CARTESIAN_POINT('',(0.354,0.1,0.));
#4151=CARTESIAN_POINT('',(0.389,0.1,0.));
#4152=CARTESIAN_POINT('',(0.454,0.1,0.));
#4153=CARTESIAN_POINT('',(0.489,0.1,0.));
#4154=CARTESIAN_POINT('',(0.554,0.1,0.));
#4155=CARTESIAN_POINT('',(0.589,0.1,0.));
#4156=CARTESIAN_POINT('',(0.654,0.1,0.));
#4157=CARTESIAN_POINT('',(0.689,0.1,0.));
#4158=CARTESIAN_POINT('',(0.754,0.1,0.));
#4159=CARTESIAN_POINT('',(0.789,0.1,0.));
#4160=CARTESIAN_POINT('',(0.854,0.1,0.));
#4161=CARTESIAN_POINT('',(0.889,0.1,0.));
#4162=CARTESIAN_POINT('',(0.954,0.1,0.));
#4163=CARTESIAN_POINT('',(0.989,0.1,0.));
#4164=CARTESIAN_POINT('',(1.054,0.1,0.));
#4165=CARTESIAN_POINT('',(1.089,0.1,0.));
#4166=CARTESIAN_POINT('',(1.154,0.1,0.));
#4167=CARTESIAN_POINT('',(1.189,0.1,0.));
#4168=CARTESIAN_POINT('',(1.254,0.1,0.));
#4169=CARTESIAN_POINT('',(1.289,0.1,0.));
#4170=CARTESIAN_POINT('',(1.354,0.1,0.));
#4171=CARTESIAN_POINT('',(1.389,0.1,0.));
#4172=CARTESIAN_POINT('',(1.454,0.1,0.));
#4173=CARTESIAN_POINT('',(1.489,0.1,0.));
#4174=CARTESIAN_POINT('',(1.554,0.1,0.));
#4175=CARTESIAN_POINT('',(1.589,0.1,0.));
#4176=CARTESIAN_POINT('',(0.054,0.1,0.));
#4177=CARTESIAN_POINT('',(0.0890000000000001,0.1,0.));
#4178=CARTESIAN_POINT('',(1.51419872981078,0.1,-0.05));
#4179=CARTESIAN_POINT('',(1.51419872981078,0.1,-0.05));
#4180=CARTESIAN_POINT('',(1.5075,0.1,-0.025));
#4181=CARTESIAN_POINT('',(1.5075,0.1,-0.025));
#4182=CARTESIAN_POINT('',(1.50080127018922,0.1,-0.05));
#4183=CARTESIAN_POINT('',(1.50080127018922,0.1,-0.05));
#4184=CARTESIAN_POINT('',(1.41369872981078,0.1,-0.05));
#4185=CARTESIAN_POINT('',(1.41369872981078,0.1,-0.05));
#4186=CARTESIAN_POINT('',(1.407,0.1,-0.025));
#4187=CARTESIAN_POINT('',(1.407,0.1,-0.025));
#4188=CARTESIAN_POINT('',(1.40030127018922,0.1,-0.05));
#4189=CARTESIAN_POINT('',(1.40030127018922,0.1,-0.05));
#4190=CARTESIAN_POINT('',(1.31319872981078,0.1,-0.05));
#4191=CARTESIAN_POINT('',(1.31319872981078,0.1,-0.05));
#4192=CARTESIAN_POINT('',(1.3065,0.1,-0.025));
#4193=CARTESIAN_POINT('',(1.3065,0.1,-0.025));
#4194=CARTESIAN_POINT('',(1.29980127018922,0.1,-0.05));
#4195=CARTESIAN_POINT('',(1.29980127018922,0.1,-0.05));
#4196=CARTESIAN_POINT('',(1.21269872981078,0.1,-0.05));
#4197=CARTESIAN_POINT('',(1.21269872981078,0.1,-0.05));
#4198=CARTESIAN_POINT('',(1.206,0.1,-0.025));
#4199=CARTESIAN_POINT('',(1.206,0.1,-0.025));
#4200=CARTESIAN_POINT('',(1.19930127018922,0.1,-0.05));
#4201=CARTESIAN_POINT('',(1.19930127018922,0.1,-0.05));
#4202=CARTESIAN_POINT('',(1.11219872981078,0.1,-0.05));
#4203=CARTESIAN_POINT('',(1.11219872981078,0.1,-0.05));
#4204=CARTESIAN_POINT('',(1.1055,0.1,-0.025));
#4205=CARTESIAN_POINT('',(1.1055,0.1,-0.025));
#4206=CARTESIAN_POINT('',(1.09880127018922,0.1,-0.05));
#4207=CARTESIAN_POINT('',(1.09880127018922,0.1,-0.05));
#4208=CARTESIAN_POINT('',(1.01169872981078,0.1,-0.05));
#4209=CARTESIAN_POINT('',(1.01169872981078,0.1,-0.05));
#4210=CARTESIAN_POINT('',(1.005,0.1,-0.025));
#4211=CARTESIAN_POINT('',(1.005,0.1,-0.025));
#4212=CARTESIAN_POINT('',(0.998301270189222,0.1,-0.05));
#4213=CARTESIAN_POINT('',(0.998301270189222,0.1,-0.05));
#4214=CARTESIAN_POINT('',(0.911198729810778,0.1,-0.05));
#4215=CARTESIAN_POINT('',(0.911198729810778,0.1,-0.05));
#4216=CARTESIAN_POINT('',(0.9045,0.1,-0.025));
#4217=CARTESIAN_POINT('',(0.9045,0.1,-0.025));
#4218=CARTESIAN_POINT('',(0.897801270189222,0.1,-0.05));
#4219=CARTESIAN_POINT('',(0.897801270189222,0.1,-0.05));
#4220=CARTESIAN_POINT('',(0.810698729810778,0.1,-0.05));
#4221=CARTESIAN_POINT('',(0.810698729810778,0.1,-0.05));
#4222=CARTESIAN_POINT('',(0.804,0.1,-0.025));
#4223=CARTESIAN_POINT('',(0.804,0.1,-0.025));
#4224=CARTESIAN_POINT('',(0.797301270189222,0.1,-0.05));
#4225=CARTESIAN_POINT('',(0.797301270189222,0.1,-0.05));
#4226=CARTESIAN_POINT('',(0.710198729810778,0.1,-0.05));
#4227=CARTESIAN_POINT('',(0.710198729810778,0.1,-0.05));
#4228=CARTESIAN_POINT('',(0.7035,0.1,-0.025));
#4229=CARTESIAN_POINT('',(0.7035,0.1,-0.025));
#4230=CARTESIAN_POINT('',(0.696801270189222,0.1,-0.05));
#4231=CARTESIAN_POINT('',(0.696801270189222,0.1,-0.05));
#4232=CARTESIAN_POINT('',(0.609698729810778,0.1,-0.05));
#4233=CARTESIAN_POINT('',(0.609698729810778,0.1,-0.05));
#4234=CARTESIAN_POINT('',(0.603,0.1,-0.025));
#4235=CARTESIAN_POINT('',(0.603,0.1,-0.025));
#4236=CARTESIAN_POINT('',(0.596301270189222,0.1,-0.05));
#4237=CARTESIAN_POINT('',(0.596301270189222,0.1,-0.05));
#4238=CARTESIAN_POINT('',(0.509198729810778,0.1,-0.05));
#4239=CARTESIAN_POINT('',(0.509198729810778,0.1,-0.05));
#4240=CARTESIAN_POINT('',(0.5025,0.1,-0.025));
#4241=CARTESIAN_POINT('',(0.5025,0.1,-0.025));
#4242=CARTESIAN_POINT('',(0.495801270189222,0.1,-0.05));
#4243=CARTESIAN_POINT('',(0.495801270189222,0.1,-0.05));
#4244=CARTESIAN_POINT('',(0.408698729810778,0.1,-0.05));
#4245=CARTESIAN_POINT('',(0.408698729810778,0.1,-0.05));
#4246=CARTESIAN_POINT('',(0.402,0.1,-0.025));
#4247=CARTESIAN_POINT('',(0.402,0.1,-0.025));
#4248=CARTESIAN_POINT('',(0.395301270189222,0.1,-0.05));
#4249=CARTESIAN_POINT('',(0.395301270189222,0.1,-0.05));
#4250=CARTESIAN_POINT('',(0.308198729810778,0.1,-0.05));
#4251=CARTESIAN_POINT('',(0.308198729810778,0.1,-0.05));
#4252=CARTESIAN_POINT('',(0.3015,0.1,-0.025));
#4253=CARTESIAN_POINT('',(0.3015,0.1,-0.025));
#4254=CARTESIAN_POINT('',(0.294801270189222,0.1,-0.05));
#4255=CARTESIAN_POINT('',(0.294801270189222,0.1,-0.05));
#4256=CARTESIAN_POINT('',(0.207698729810778,0.1,-0.05));
#4257=CARTESIAN_POINT('',(0.207698729810778,0.1,-0.05));
#4258=CARTESIAN_POINT('',(0.201,0.1,-0.025));
#4259=CARTESIAN_POINT('',(0.201,0.1,-0.025));
#4260=CARTESIAN_POINT('',(0.194301270189222,0.1,-0.05));
#4261=CARTESIAN_POINT('',(0.194301270189222,0.1,-0.05));
#4262=CARTESIAN_POINT('',(0.107198729810778,0.1,-0.05));
#4263=CARTESIAN_POINT('',(0.107198729810778,0.1,-0.05));
#4264=CARTESIAN_POINT('',(0.1005,0.1,-0.025));
#4265=CARTESIAN_POINT('',(0.1005,0.1,-0.025));
#4266=CARTESIAN_POINT('',(0.0938012701892219,0.1,-0.05));
#4267=CARTESIAN_POINT('',(0.0938012701892219,0.1,-0.05));
#4268=CARTESIAN_POINT('',(0.00669872981077808,0.1,-0.05));
#4269=CARTESIAN_POINT('',(0.00669872981077807,0.1,-0.05));
#4270=CARTESIAN_POINT('',(1.0671281225251E-18,0.1,-0.025));
#4271=CARTESIAN_POINT('',(0.,0.1,-0.025));
#4272=CARTESIAN_POINT('',(0.,0.1,0.025));
#4273=CARTESIAN_POINT('',(0.,0.1,0.025));
#4274=CARTESIAN_POINT('',(0.00669872981077805,0.1,0.05));
#4275=CARTESIAN_POINT('',(0.00669872981077806,0.1,0.05));
#4276=CARTESIAN_POINT('',(0.0938012701892219,0.1,0.05));
#4277=CARTESIAN_POINT('',(0.0938012701892219,0.1,0.05));
#4278=CARTESIAN_POINT('',(0.1005,0.1,0.025));
#4279=CARTESIAN_POINT('',(0.1005,0.1,0.025));
#4280=CARTESIAN_POINT('',(0.107198729810778,0.1,0.05));
#4281=CARTESIAN_POINT('',(0.107198729810778,0.1,0.05));
#4282=CARTESIAN_POINT('',(0.194301270189222,0.1,0.05));
#4283=CARTESIAN_POINT('',(0.194301270189222,0.1,0.05));
#4284=CARTESIAN_POINT('',(0.201,0.1,0.025));
#4285=CARTESIAN_POINT('',(0.201,0.1,0.025));
#4286=CARTESIAN_POINT('',(0.207698729810778,0.1,0.05));
#4287=CARTESIAN_POINT('',(0.207698729810778,0.1,0.05));
#4288=CARTESIAN_POINT('',(0.294801270189222,0.1,0.05));
#4289=CARTESIAN_POINT('',(0.294801270189222,0.1,0.05));
#4290=CARTESIAN_POINT('',(0.3015,0.1,0.025));
#4291=CARTESIAN_POINT('',(0.3015,0.1,0.025));
#4292=CARTESIAN_POINT('',(0.308198729810778,0.1,0.05));
#4293=CARTESIAN_POINT('',(0.308198729810778,0.1,0.05));
#4294=CARTESIAN_POINT('',(0.395301270189222,0.1,0.05));
#4295=CARTESIAN_POINT('',(0.395301270189222,0.1,0.05));
#4296=CARTESIAN_POINT('',(0.402,0.1,0.025));
#4297=CARTESIAN_POINT('',(0.402,0.1,0.025));
#4298=CARTESIAN_POINT('',(0.408698729810778,0.1,0.05));
#4299=CARTESIAN_POINT('',(0.408698729810778,0.1,0.05));
#4300=CARTESIAN_POINT('',(0.495801270189222,0.1,0.05));
#4301=CARTESIAN_POINT('',(0.495801270189222,0.1,0.05));
#4302=CARTESIAN_POINT('',(0.5025,0.1,0.025));
#4303=CARTESIAN_POINT('',(0.5025,0.1,0.025));
#4304=CARTESIAN_POINT('',(0.509198729810778,0.1,0.05));
#4305=CARTESIAN_POINT('',(0.509198729810778,0.1,0.05));
#4306=CARTESIAN_POINT('',(0.596301270189222,0.1,0.05));
#4307=CARTESIAN_POINT('',(0.596301270189222,0.1,0.05));
#4308=CARTESIAN_POINT('',(0.603,0.1,0.025));
#4309=CARTESIAN_POINT('',(0.603,0.1,0.025));
#4310=CARTESIAN_POINT('',(0.609698729810778,0.1,0.05));
#4311=CARTESIAN_POINT('',(0.609698729810778,0.1,0.05));
#4312=CARTESIAN_POINT('',(0.696801270189222,0.1,0.05));
#4313=CARTESIAN_POINT('',(0.696801270189222,0.1,0.05));
#4314=CARTESIAN_POINT('',(0.7035,0.1,0.025));
#4315=CARTESIAN_POINT('',(0.7035,0.1,0.025));
#4316=CARTESIAN_POINT('',(0.710198729810778,0.1,0.05));
#4317=CARTESIAN_POINT('',(0.710198729810778,0.1,0.05));
#4318=CARTESIAN_POINT('',(0.797301270189222,0.1,0.05));
#4319=CARTESIAN_POINT('',(0.797301270189222,0.1,0.05));
#4320=CARTESIAN_POINT('',(0.804,0.1,0.025));
#4321=CARTESIAN_POINT('',(0.804,0.1,0.025));
#4322=CARTESIAN_POINT('',(0.810698729810778,0.1,0.05));
#4323=CARTESIAN_POINT('',(0.810698729810778,0.1,0.05));
#4324=CARTESIAN_POINT('',(0.897801270189222,0.1,0.05));
#4325=CARTESIAN_POINT('',(0.897801270189222,0.1,0.05));
#4326=CARTESIAN_POINT('',(0.9045,0.1,0.025));
#4327=CARTESIAN_POINT('',(0.9045,0.1,0.025));
#4328=CARTESIAN_POINT('',(0.911198729810778,0.1,0.05));
#4329=CARTESIAN_POINT('',(0.911198729810778,0.1,0.05));
#4330=CARTESIAN_POINT('',(0.998301270189222,0.1,0.05));
#4331=CARTESIAN_POINT('',(0.998301270189222,0.1,0.05));
#4332=CARTESIAN_POINT('',(1.005,0.1,0.025));
#4333=CARTESIAN_POINT('',(1.005,0.1,0.025));
#4334=CARTESIAN_POINT('',(1.01169872981078,0.1,0.05));
#4335=CARTESIAN_POINT('',(1.01169872981078,0.1,0.05));
#4336=CARTESIAN_POINT('',(1.09880127018922,0.1,0.05));
#4337=CARTESIAN_POINT('',(1.09880127018922,0.1,0.05));
#4338=CARTESIAN_POINT('',(1.1055,0.1,0.025));
#4339=CARTESIAN_POINT('',(1.1055,0.1,0.025));
#4340=CARTESIAN_POINT('',(1.11219872981078,0.1,0.05));
#4341=CARTESIAN_POINT('',(1.11219872981078,0.1,0.05));
#4342=CARTESIAN_POINT('',(1.19930127018922,0.1,0.05));
#4343=CARTESIAN_POINT('',(1.19930127018922,0.1,0.05));
#4344=CARTESIAN_POINT('',(1.206,0.1,0.025));
#4345=CARTESIAN_POINT('',(1.206,0.1,0.025));
#4346=CARTESIAN_POINT('',(1.21269872981078,0.1,0.05));
#4347=CARTESIAN_POINT('',(1.21269872981078,0.1,0.05));
#4348=CARTESIAN_POINT('',(1.29980127018922,0.1,0.05));
#4349=CARTESIAN_POINT('',(1.29980127018922,0.1,0.05));
#4350=CARTESIAN_POINT('',(1.3065,0.1,0.025));
#4351=CARTESIAN_POINT('',(1.3065,0.1,0.025));
#4352=CARTESIAN_POINT('',(1.31319872981078,0.1,0.05));
#4353=CARTESIAN_POINT('',(1.31319872981078,0.1,0.05));
#4354=CARTESIAN_POINT('',(1.40030127018922,0.1,0.05));
#4355=CARTESIAN_POINT('',(1.40030127018922,0.1,0.05));
#4356=CARTESIAN_POINT('',(1.407,0.1,0.025));
#4357=CARTESIAN_POINT('',(1.407,0.1,0.025));
#4358=CARTESIAN_POINT('',(1.41369872981078,0.1,0.05));
#4359=CARTESIAN_POINT('',(1.41369872981078,0.1,0.05));
#4360=CARTESIAN_POINT('',(1.50080127018922,0.1,0.05));
#4361=CARTESIAN_POINT('',(1.50080127018922,0.1,0.05));
#4362=CARTESIAN_POINT('',(1.5075,0.1,0.025));
#4363=CARTESIAN_POINT('',(1.5075,0.1,0.025));
#4364=CARTESIAN_POINT('',(1.51419872981078,0.1,0.05));
#4365=CARTESIAN_POINT('',(1.51419872981078,0.1,0.05));
#4366=CARTESIAN_POINT('',(1.60130127018922,0.1,0.05));
#4367=CARTESIAN_POINT('',(1.60130127018922,0.1,0.05));
#4368=CARTESIAN_POINT('',(1.608,0.1,0.025));
#4369=CARTESIAN_POINT('',(1.608,0.1,0.025));
#4370=CARTESIAN_POINT('',(1.608,0.1,-0.025));
#4371=CARTESIAN_POINT('',(1.608,0.1,-0.025));
#4372=CARTESIAN_POINT('',(1.60130127018922,0.1,-0.05));
#4373=CARTESIAN_POINT('',(1.60130127018922,0.1,-0.05));
#4374=CARTESIAN_POINT('',(0.,0.,0.));
#4375=CARTESIAN_POINT('',(1.5075,0.,-0.025));
#4376=CARTESIAN_POINT('',(1.5075,0.,-0.025));
#4377=CARTESIAN_POINT('',(1.50080127018922,0.,-0.05));
#4378=CARTESIAN_POINT('',(1.51419872981078,0.,-0.05));
#4379=CARTESIAN_POINT('',(1.51419872981078,0.,-0.05));
#4380=CARTESIAN_POINT('',(1.60130127018922,0.,-0.05));
#4381=CARTESIAN_POINT('',(1.60130127018922,0.,-0.05));
#4382=CARTESIAN_POINT('',(1.608,0.,-0.025));
#4383=CARTESIAN_POINT('',(1.608,0.,-0.025));
#4384=CARTESIAN_POINT('',(1.608,0.,0.025));
#4385=CARTESIAN_POINT('',(1.608,0.,0.025));
#4386=CARTESIAN_POINT('',(1.60130127018922,0.,0.05));
#4387=CARTESIAN_POINT('',(1.60130127018922,0.,0.05));
#4388=CARTESIAN_POINT('',(1.51419872981078,0.,0.05));
#4389=CARTESIAN_POINT('',(1.51419872981078,0.,0.05));
#4390=CARTESIAN_POINT('',(1.5075,0.,0.025));
#4391=CARTESIAN_POINT('',(1.5075,0.,0.025));
#4392=CARTESIAN_POINT('',(1.50080127018922,0.,0.05));
#4393=CARTESIAN_POINT('',(1.50080127018922,0.,0.05));
#4394=CARTESIAN_POINT('',(1.41369872981078,0.,0.05));
#4395=CARTESIAN_POINT('',(1.41369872981078,0.,0.05));
#4396=CARTESIAN_POINT('',(1.407,0.,0.025));
#4397=CARTESIAN_POINT('',(1.407,0.,0.025));
#4398=CARTESIAN_POINT('',(1.40030127018922,0.,0.05));
#4399=CARTESIAN_POINT('',(1.40030127018922,0.,0.05));
#4400=CARTESIAN_POINT('',(1.31319872981078,0.,0.05));
#4401=CARTESIAN_POINT('',(1.31319872981078,0.,0.05));
#4402=CARTESIAN_POINT('',(1.3065,0.,0.025));
#4403=CARTESIAN_POINT('',(1.3065,0.,0.025));
#4404=CARTESIAN_POINT('',(1.29980127018922,0.,0.05));
#4405=CARTESIAN_POINT('',(1.29980127018922,0.,0.05));
#4406=CARTESIAN_POINT('',(1.21269872981078,0.,0.05));
#4407=CARTESIAN_POINT('',(1.21269872981078,0.,0.05));
#4408=CARTESIAN_POINT('',(1.206,0.,0.025));
#4409=CARTESIAN_POINT('',(1.206,0.,0.025));
#4410=CARTESIAN_POINT('',(1.19930127018922,0.,0.05));
#4411=CARTESIAN_POINT('',(1.19930127018922,0.,0.05));
#4412=CARTESIAN_POINT('',(1.11219872981078,0.,0.05));
#4413=CARTESIAN_POINT('',(1.11219872981078,0.,0.05));
#4414=CARTESIAN_POINT('',(1.1055,0.,0.025));
#4415=CARTESIAN_POINT('',(1.1055,0.,0.025));
#4416=CARTESIAN_POINT('',(1.09880127018922,0.,0.05));
#4417=CARTESIAN_POINT('',(1.09880127018922,0.,0.05));
#4418=CARTESIAN_POINT('',(1.01169872981078,0.,0.05));
#4419=CARTESIAN_POINT('',(1.01169872981078,0.,0.05));
#4420=CARTESIAN_POINT('',(1.005,0.,0.025));
#4421=CARTESIAN_POINT('',(1.005,0.,0.025));
#4422=CARTESIAN_POINT('',(0.998301270189222,0.,0.05));
#4423=CARTESIAN_POINT('',(0.998301270189222,0.,0.05));
#4424=CARTESIAN_POINT('',(0.911198729810778,0.,0.05));
#4425=CARTESIAN_POINT('',(0.911198729810778,0.,0.05));
#4426=CARTESIAN_POINT('',(0.9045,0.,0.025));
#4427=CARTESIAN_POINT('',(0.9045,0.,0.025));
#4428=CARTESIAN_POINT('',(0.897801270189222,0.,0.05));
#4429=CARTESIAN_POINT('',(0.897801270189222,0.,0.05));
#4430=CARTESIAN_POINT('',(0.810698729810778,0.,0.05));
#4431=CARTESIAN_POINT('',(0.810698729810778,0.,0.05));
#4432=CARTESIAN_POINT('',(0.804,0.,0.025));
#4433=CARTESIAN_POINT('',(0.804,0.,0.025));
#4434=CARTESIAN_POINT('',(0.797301270189222,0.,0.05));
#4435=CARTESIAN_POINT('',(0.797301270189222,0.,0.05));
#4436=CARTESIAN_POINT('',(0.710198729810778,0.,0.05));
#4437=CARTESIAN_POINT('',(0.710198729810778,0.,0.05));
#4438=CARTESIAN_POINT('',(0.7035,0.,0.025));
#4439=CARTESIAN_POINT('',(0.7035,0.,0.025));
#4440=CARTESIAN_POINT('',(0.696801270189222,0.,0.05));
#4441=CARTESIAN_POINT('',(0.696801270189222,0.,0.05));
#4442=CARTESIAN_POINT('',(0.609698729810778,0.,0.05));
#4443=CARTESIAN_POINT('',(0.609698729810778,0.,0.05));
#4444=CARTESIAN_POINT('',(0.603,0.,0.025));
#4445=CARTESIAN_POINT('',(0.603,0.,0.025));
#4446=CARTESIAN_POINT('',(0.596301270189222,0.,0.05));
#4447=CARTESIAN_POINT('',(0.596301270189222,0.,0.05));
#4448=CARTESIAN_POINT('',(0.509198729810778,0.,0.05));
#4449=CARTESIAN_POINT('',(0.509198729810778,0.,0.05));
#4450=CARTESIAN_POINT('',(0.5025,0.,0.025));
#4451=CARTESIAN_POINT('',(0.5025,0.,0.025));
#4452=CARTESIAN_POINT('',(0.495801270189222,0.,0.05));
#4453=CARTESIAN_POINT('',(0.495801270189222,0.,0.05));
#4454=CARTESIAN_POINT('',(0.408698729810778,0.,0.05));
#4455=CARTESIAN_POINT('',(0.408698729810778,0.,0.05));
#4456=CARTESIAN_POINT('',(0.402,0.,0.025));
#4457=CARTESIAN_POINT('',(0.402,0.,0.025));
#4458=CARTESIAN_POINT('',(0.395301270189222,0.,0.05));
#4459=CARTESIAN_POINT('',(0.395301270189222,0.,0.05));
#4460=CARTESIAN_POINT('',(0.308198729810778,0.,0.05));
#4461=CARTESIAN_POINT('',(0.308198729810778,0.,0.05));
#4462=CARTESIAN_POINT('',(0.3015,0.,0.025));
#4463=CARTESIAN_POINT('',(0.3015,0.,0.025));
#4464=CARTESIAN_POINT('',(0.294801270189222,0.,0.05));
#4465=CARTESIAN_POINT('',(0.294801270189222,0.,0.05));
#4466=CARTESIAN_POINT('',(0.207698729810778,0.,0.05));
#4467=CARTESIAN_POINT('',(0.207698729810778,0.,0.05));
#4468=CARTESIAN_POINT('',(0.201,0.,0.025));
#4469=CARTESIAN_POINT('',(0.201,0.,0.025));
#4470=CARTESIAN_POINT('',(0.194301270189222,0.,0.05));
#4471=CARTESIAN_POINT('',(0.194301270189222,0.,0.05));
#4472=CARTESIAN_POINT('',(0.107198729810778,0.,0.05));
#4473=CARTESIAN_POINT('',(0.107198729810778,0.,0.05));
#4474=CARTESIAN_POINT('',(0.1005,0.,0.025));
#4475=CARTESIAN_POINT('',(0.1005,0.,0.025));
#4476=CARTESIAN_POINT('',(0.0938012701892219,0.,0.05));
#4477=CARTESIAN_POINT('',(0.0938012701892219,0.,0.05));
#4478=CARTESIAN_POINT('',(0.00669872981077806,0.,0.05));
#4479=CARTESIAN_POINT('',(0.00669872981077805,0.,0.05));
#4480=CARTESIAN_POINT('',(0.,0.,0.025));
#4481=CARTESIAN_POINT('',(0.,0.,0.025));
#4482=CARTESIAN_POINT('',(0.,0.,-0.025));
#4483=CARTESIAN_POINT('',(1.0671281225251E-18,0.,-0.025));
#4484=CARTESIAN_POINT('',(0.00669872981077807,0.,-0.05));
#4485=CARTESIAN_POINT('',(0.00669872981077808,0.,-0.05));
#4486=CARTESIAN_POINT('',(0.0938012701892219,0.,-0.05));
#4487=CARTESIAN_POINT('',(0.0938012701892219,0.,-0.05));
#4488=CARTESIAN_POINT('',(0.1005,0.,-0.025));
#4489=CARTESIAN_POINT('',(0.1005,0.,-0.025));
#4490=CARTESIAN_POINT('',(0.107198729810778,0.,-0.05));
#4491=CARTESIAN_POINT('',(0.107198729810778,0.,-0.05));
#4492=CARTESIAN_POINT('',(0.194301270189222,0.,-0.05));
#4493=CARTESIAN_POINT('',(0.194301270189222,0.,-0.05));
#4494=CARTESIAN_POINT('',(0.201,0.,-0.025));
#4495=CARTESIAN_POINT('',(0.201,0.,-0.025));
#4496=CARTESIAN_POINT('',(0.207698729810778,0.,-0.05));
#4497=CARTESIAN_POINT('',(0.207698729810778,0.,-0.05));
#4498=CARTESIAN_POINT('',(0.294801270189222,0.,-0.05));
#4499=CARTESIAN_POINT('',(0.294801270189222,0.,-0.05));
#4500=CARTESIAN_POINT('',(0.3015,0.,-0.025));
#4501=CARTESIAN_POINT('',(0.3015,0.,-0.025));
#4502=CARTESIAN_POINT('',(0.308198729810778,0.,-0.05));
#4503=CARTESIAN_POINT('',(0.308198729810778,0.,-0.05));
#4504=CARTESIAN_POINT('',(0.395301270189222,0.,-0.05));
#4505=CARTESIAN_POINT('',(0.395301270189222,0.,-0.05));
#4506=CARTESIAN_POINT('',(0.402,0.,-0.025));
#4507=CARTESIAN_POINT('',(0.402,0.,-0.025));
#4508=CARTESIAN_POINT('',(0.408698729810778,0.,-0.05));
#4509=CARTESIAN_POINT('',(0.408698729810778,0.,-0.05));
#4510=CARTESIAN_POINT('',(0.495801270189222,0.,-0.05));
#4511=CARTESIAN_POINT('',(0.495801270189222,0.,-0.05));
#4512=CARTESIAN_POINT('',(0.5025,0.,-0.025));
#4513=CARTESIAN_POINT('',(0.5025,0.,-0.025));
#4514=CARTESIAN_POINT('',(0.509198729810778,0.,-0.05));
#4515=CARTESIAN_POINT('',(0.509198729810778,0.,-0.05));
#4516=CARTESIAN_POINT('',(0.596301270189222,0.,-0.05));
#4517=CARTESIAN_POINT('',(0.596301270189222,0.,-0.05));
#4518=CARTESIAN_POINT('',(0.603,0.,-0.025));
#4519=CARTESIAN_POINT('',(0.603,0.,-0.025));
#4520=CARTESIAN_POINT('',(0.609698729810778,0.,-0.05));
#4521=CARTESIAN_POINT('',(0.609698729810778,0.,-0.05));
#4522=CARTESIAN_POINT('',(0.696801270189222,0.,-0.05));
#4523=CARTESIAN_POINT('',(0.696801270189222,0.,-0.05));
#4524=CARTESIAN_POINT('',(0.7035,0.,-0.025));
#4525=CARTESIAN_POINT('',(0.7035,0.,-0.025));
#4526=CARTESIAN_POINT('',(0.710198729810778,0.,-0.05));
#4527=CARTESIAN_POINT('',(0.710198729810778,0.,-0.05));
#4528=CARTESIAN_POINT('',(0.797301270189222,0.,-0.05));
#4529=CARTESIAN_POINT('',(0.797301270189222,0.,-0.05));
#4530=CARTESIAN_POINT('',(0.804,0.,-0.025));
#4531=CARTESIAN_POINT('',(0.804,0.,-0.025));
#4532=CARTESIAN_POINT('',(0.810698729810778,0.,-0.05));
#4533=CARTESIAN_POINT('',(0.810698729810778,0.,-0.05));
#4534=CARTESIAN_POINT('',(0.897801270189222,0.,-0.05));
#4535=CARTESIAN_POINT('',(0.897801270189222,0.,-0.05));
#4536=CARTESIAN_POINT('',(0.9045,0.,-0.025));
#4537=CARTESIAN_POINT('',(0.9045,0.,-0.025));
#4538=CARTESIAN_POINT('',(0.911198729810778,0.,-0.05));
#4539=CARTESIAN_POINT('',(0.911198729810778,0.,-0.05));
#4540=CARTESIAN_POINT('',(0.998301270189222,0.,-0.05));
#4541=CARTESIAN_POINT('',(0.998301270189222,0.,-0.05));
#4542=CARTESIAN_POINT('',(1.005,0.,-0.025));
#4543=CARTESIAN_POINT('',(1.005,0.,-0.025));
#4544=CARTESIAN_POINT('',(1.01169872981078,0.,-0.05));
#4545=CARTESIAN_POINT('',(1.01169872981078,0.,-0.05));
#4546=CARTESIAN_POINT('',(1.09880127018922,0.,-0.05));
#4547=CARTESIAN_POINT('',(1.09880127018922,0.,-0.05));
#4548=CARTESIAN_POINT('',(1.1055,0.,-0.025));
#4549=CARTESIAN_POINT('',(1.1055,0.,-0.025));
#4550=CARTESIAN_POINT('',(1.11219872981078,0.,-0.05));
#4551=CARTESIAN_POINT('',(1.11219872981078,0.,-0.05));
#4552=CARTESIAN_POINT('',(1.19930127018922,0.,-0.05));
#4553=CARTESIAN_POINT('',(1.19930127018922,0.,-0.05));
#4554=CARTESIAN_POINT('',(1.206,0.,-0.025));
#4555=CARTESIAN_POINT('',(1.206,0.,-0.025));
#4556=CARTESIAN_POINT('',(1.21269872981078,0.,-0.05));
#4557=CARTESIAN_POINT('',(1.21269872981078,0.,-0.05));
#4558=CARTESIAN_POINT('',(1.29980127018922,0.,-0.05));
#4559=CARTESIAN_POINT('',(1.29980127018922,0.,-0.05));
#4560=CARTESIAN_POINT('',(1.3065,0.,-0.025));
#4561=CARTESIAN_POINT('',(1.3065,0.,-0.025));
#4562=CARTESIAN_POINT('',(1.31319872981078,0.,-0.05));
#4563=CARTESIAN_POINT('',(1.31319872981078,0.,-0.05));
#4564=CARTESIAN_POINT('',(1.40030127018922,0.,-0.05));
#4565=CARTESIAN_POINT('',(1.40030127018922,0.,-0.05));
#4566=CARTESIAN_POINT('',(1.407,0.,-0.025));
#4567=CARTESIAN_POINT('',(1.407,0.,-0.025));
#4568=CARTESIAN_POINT('',(1.41369872981078,0.,-0.05));
#4569=CARTESIAN_POINT('',(1.41369872981078,0.,-0.05));
#4570=CARTESIAN_POINT('',(1.50080127018922,0.,-0.05));
#4571=CARTESIAN_POINT('',(0.,0.1,-0.025));
#4572=CARTESIAN_POINT('',(0.,0.1,0.025));
#4573=CARTESIAN_POINT('',(1.0671281225251E-18,0.1,-0.025));
#4574=CARTESIAN_POINT('',(0.,0.1,0.025));
#4575=CARTESIAN_POINT('',(0.00669872981077805,0.1,0.05));
#4576=CARTESIAN_POINT('',(0.00669872981077806,0.1,0.05));
#4577=CARTESIAN_POINT('',(0.0938012701892219,0.1,0.05));
#4578=CARTESIAN_POINT('',(0.0938012701892219,0.1,0.05));
#4579=CARTESIAN_POINT('',(0.1005,0.1,0.025));
#4580=CARTESIAN_POINT('',(0.1005,0.1,-0.025));
#4581=CARTESIAN_POINT('',(0.0938012701892219,0.1,-0.05));
#4582=CARTESIAN_POINT('',(0.1005,0.1,-0.025));
#4583=CARTESIAN_POINT('',(0.0938012701892219,0.1,-0.05));
#4584=CARTESIAN_POINT('',(0.00669872981077808,0.1,-0.05));
#4585=CARTESIAN_POINT('',(0.00669872981077807,0.1,-0.05));
#4586=CARTESIAN_POINT('',(0.1005,0.1,0.025));
#4587=CARTESIAN_POINT('',(0.107198729810778,0.1,0.05));
#4588=CARTESIAN_POINT('',(0.107198729810778,0.1,0.05));
#4589=CARTESIAN_POINT('',(0.194301270189222,0.1,0.05));
#4590=CARTESIAN_POINT('',(0.194301270189222,0.1,0.05));
#4591=CARTESIAN_POINT('',(0.201,0.1,0.025));
#4592=CARTESIAN_POINT('',(0.201,0.1,-0.025));
#4593=CARTESIAN_POINT('',(0.194301270189222,0.1,-0.05));
#4594=CARTESIAN_POINT('',(0.201,0.1,-0.025));
#4595=CARTESIAN_POINT('',(0.194301270189222,0.1,-0.05));
#4596=CARTESIAN_POINT('',(0.107198729810778,0.1,-0.05));
#4597=CARTESIAN_POINT('',(0.107198729810778,0.1,-0.05));
#4598=CARTESIAN_POINT('',(0.201,0.1,0.025));
#4599=CARTESIAN_POINT('',(0.207698729810778,0.1,0.05));
#4600=CARTESIAN_POINT('',(0.207698729810778,0.1,0.05));
#4601=CARTESIAN_POINT('',(0.294801270189222,0.1,0.05));
#4602=CARTESIAN_POINT('',(0.294801270189222,0.1,0.05));
#4603=CARTESIAN_POINT('',(0.3015,0.1,0.025));
#4604=CARTESIAN_POINT('',(0.3015,0.1,-0.025));
#4605=CARTESIAN_POINT('',(0.294801270189222,0.1,-0.05));
#4606=CARTESIAN_POINT('',(0.3015,0.1,-0.025));
#4607=CARTESIAN_POINT('',(0.294801270189222,0.1,-0.05));
#4608=CARTESIAN_POINT('',(0.207698729810778,0.1,-0.05));
#4609=CARTESIAN_POINT('',(0.207698729810778,0.1,-0.05));
#4610=CARTESIAN_POINT('',(0.3015,0.1,0.025));
#4611=CARTESIAN_POINT('',(0.308198729810778,0.1,0.05));
#4612=CARTESIAN_POINT('',(0.308198729810778,0.1,0.05));
#4613=CARTESIAN_POINT('',(0.395301270189222,0.1,0.05));
#4614=CARTESIAN_POINT('',(0.395301270189222,0.1,0.05));
#4615=CARTESIAN_POINT('',(0.402,0.1,0.025));
#4616=CARTESIAN_POINT('',(0.402,0.1,-0.025));
#4617=CARTESIAN_POINT('',(0.395301270189222,0.1,-0.05));
#4618=CARTESIAN_POINT('',(0.402,0.1,-0.025));
#4619=CARTESIAN_POINT('',(0.395301270189222,0.1,-0.05));
#4620=CARTESIAN_POINT('',(0.308198729810778,0.1,-0.05));
#4621=CARTESIAN_POINT('',(0.308198729810778,0.1,-0.05));
#4622=CARTESIAN_POINT('',(0.402,0.1,0.025));
#4623=CARTESIAN_POINT('',(0.408698729810778,0.1,0.05));
#4624=CARTESIAN_POINT('',(0.408698729810778,0.1,0.05));
#4625=CARTESIAN_POINT('',(0.495801270189222,0.1,0.05));
#4626=CARTESIAN_POINT('',(0.495801270189222,0.1,0.05));
#4627=CARTESIAN_POINT('',(0.5025,0.1,0.025));
#4628=CARTESIAN_POINT('',(0.5025,0.1,-0.025));
#4629=CARTESIAN_POINT('',(0.495801270189222,0.1,-0.05));
#4630=CARTESIAN_POINT('',(0.5025,0.1,-0.025));
#4631=CARTESIAN_POINT('',(0.495801270189222,0.1,-0.05));
#4632=CARTESIAN_POINT('',(0.408698729810778,0.1,-0.05));
#4633=CARTESIAN_POINT('',(0.408698729810778,0.1,-0.05));
#4634=CARTESIAN_POINT('',(0.5025,0.1,0.025));
#4635=CARTESIAN_POINT('',(0.509198729810778,0.1,0.05));
#4636=CARTESIAN_POINT('',(0.509198729810778,0.1,0.05));
#4637=CARTESIAN_POINT('',(0.596301270189222,0.1,0.05));
#4638=CARTESIAN_POINT('',(0.596301270189222,0.1,0.05));
#4639=CARTESIAN_POINT('',(0.603,0.1,0.025));
#4640=CARTESIAN_POINT('',(0.603,0.1,-0.025));
#4641=CARTESIAN_POINT('',(0.596301270189222,0.1,-0.05));
#4642=CARTESIAN_POINT('',(0.603,0.1,-0.025));
#4643=CARTESIAN_POINT('',(0.596301270189222,0.1,-0.05));
#4644=CARTESIAN_POINT('',(0.509198729810778,0.1,-0.05));
#4645=CARTESIAN_POINT('',(0.509198729810778,0.1,-0.05));
#4646=CARTESIAN_POINT('',(0.603,0.1,0.025));
#4647=CARTESIAN_POINT('',(0.609698729810778,0.1,0.05));
#4648=CARTESIAN_POINT('',(0.609698729810778,0.1,0.05));
#4649=CARTESIAN_POINT('',(0.696801270189222,0.1,0.05));
#4650=CARTESIAN_POINT('',(0.696801270189222,0.1,0.05));
#4651=CARTESIAN_POINT('',(0.7035,0.1,0.025));
#4652=CARTESIAN_POINT('',(0.7035,0.1,-0.025));
#4653=CARTESIAN_POINT('',(0.696801270189222,0.1,-0.05));
#4654=CARTESIAN_POINT('',(0.7035,0.1,-0.025));
#4655=CARTESIAN_POINT('',(0.696801270189222,0.1,-0.05));
#4656=CARTESIAN_POINT('',(0.609698729810778,0.1,-0.05));
#4657=CARTESIAN_POINT('',(0.609698729810778,0.1,-0.05));
#4658=CARTESIAN_POINT('',(0.7035,0.1,0.025));
#4659=CARTESIAN_POINT('',(0.710198729810778,0.1,0.05));
#4660=CARTESIAN_POINT('',(0.710198729810778,0.1,0.05));
#4661=CARTESIAN_POINT('',(0.797301270189222,0.1,0.05));
#4662=CARTESIAN_POINT('',(0.797301270189222,0.1,0.05));
#4663=CARTESIAN_POINT('',(0.804,0.1,0.025));
#4664=CARTESIAN_POINT('',(0.804,0.1,-0.025));
#4665=CARTESIAN_POINT('',(0.797301270189222,0.1,-0.05));
#4666=CARTESIAN_POINT('',(0.804,0.1,-0.025));
#4667=CARTESIAN_POINT('',(0.797301270189222,0.1,-0.05));
#4668=CARTESIAN_POINT('',(0.710198729810778,0.1,-0.05));
#4669=CARTESIAN_POINT('',(0.710198729810778,0.1,-0.05));
#4670=CARTESIAN_POINT('',(0.804,0.1,0.025));
#4671=CARTESIAN_POINT('',(0.810698729810778,0.1,0.05));
#4672=CARTESIAN_POINT('',(0.810698729810778,0.1,0.05));
#4673=CARTESIAN_POINT('',(0.897801270189222,0.1,0.05));
#4674=CARTESIAN_POINT('',(0.897801270189222,0.1,0.05));
#4675=CARTESIAN_POINT('',(0.9045,0.1,0.025));
#4676=CARTESIAN_POINT('',(0.9045,0.1,-0.025));
#4677=CARTESIAN_POINT('',(0.897801270189222,0.1,-0.05));
#4678=CARTESIAN_POINT('',(0.9045,0.1,-0.025));
#4679=CARTESIAN_POINT('',(0.897801270189222,0.1,-0.05));
#4680=CARTESIAN_POINT('',(0.810698729810778,0.1,-0.05));
#4681=CARTESIAN_POINT('',(0.810698729810778,0.1,-0.05));
#4682=CARTESIAN_POINT('',(0.9045,0.1,0.025));
#4683=CARTESIAN_POINT('',(0.911198729810778,0.1,0.05));
#4684=CARTESIAN_POINT('',(0.911198729810778,0.1,0.05));
#4685=CARTESIAN_POINT('',(0.998301270189222,0.1,0.05));
#4686=CARTESIAN_POINT('',(0.998301270189222,0.1,0.05));
#4687=CARTESIAN_POINT('',(1.005,0.1,0.025));
#4688=CARTESIAN_POINT('',(1.005,0.1,-0.025));
#4689=CARTESIAN_POINT('',(0.998301270189222,0.1,-0.05));
#4690=CARTESIAN_POINT('',(1.005,0.1,-0.025));
#4691=CARTESIAN_POINT('',(0.998301270189222,0.1,-0.05));
#4692=CARTESIAN_POINT('',(0.911198729810778,0.1,-0.05));
#4693=CARTESIAN_POINT('',(0.911198729810778,0.1,-0.05));
#4694=CARTESIAN_POINT('',(1.005,0.1,0.025));
#4695=CARTESIAN_POINT('',(1.01169872981078,0.1,0.05));
#4696=CARTESIAN_POINT('',(1.01169872981078,0.1,0.05));
#4697=CARTESIAN_POINT('',(1.09880127018922,0.1,0.05));
#4698=CARTESIAN_POINT('',(1.09880127018922,0.1,0.05));
#4699=CARTESIAN_POINT('',(1.1055,0.1,0.025));
#4700=CARTESIAN_POINT('',(1.1055,0.1,-0.025));
#4701=CARTESIAN_POINT('',(1.09880127018922,0.1,-0.05));
#4702=CARTESIAN_POINT('',(1.1055,0.1,-0.025));
#4703=CARTESIAN_POINT('',(1.09880127018922,0.1,-0.05));
#4704=CARTESIAN_POINT('',(1.01169872981078,0.1,-0.05));
#4705=CARTESIAN_POINT('',(1.01169872981078,0.1,-0.05));
#4706=CARTESIAN_POINT('',(1.1055,0.1,0.025));
#4707=CARTESIAN_POINT('',(1.11219872981078,0.1,0.05));
#4708=CARTESIAN_POINT('',(1.11219872981078,0.1,0.05));
#4709=CARTESIAN_POINT('',(1.19930127018922,0.1,0.05));
#4710=CARTESIAN_POINT('',(1.19930127018922,0.1,0.05));
#4711=CARTESIAN_POINT('',(1.206,0.1,0.025));
#4712=CARTESIAN_POINT('',(1.206,0.1,-0.025));
#4713=CARTESIAN_POINT('',(1.19930127018922,0.1,-0.05));
#4714=CARTESIAN_POINT('',(1.206,0.1,-0.025));
#4715=CARTESIAN_POINT('',(1.19930127018922,0.1,-0.05));
#4716=CARTESIAN_POINT('',(1.11219872981078,0.1,-0.05));
#4717=CARTESIAN_POINT('',(1.11219872981078,0.1,-0.05));
#4718=CARTESIAN_POINT('',(1.206,0.1,0.025));
#4719=CARTESIAN_POINT('',(1.21269872981078,0.1,0.05));
#4720=CARTESIAN_POINT('',(1.21269872981078,0.1,0.05));
#4721=CARTESIAN_POINT('',(1.29980127018922,0.1,0.05));
#4722=CARTESIAN_POINT('',(1.29980127018922,0.1,0.05));
#4723=CARTESIAN_POINT('',(1.3065,0.1,0.025));
#4724=CARTESIAN_POINT('',(1.3065,0.1,-0.025));
#4725=CARTESIAN_POINT('',(1.29980127018922,0.1,-0.05));
#4726=CARTESIAN_POINT('',(1.3065,0.1,-0.025));
#4727=CARTESIAN_POINT('',(1.29980127018922,0.1,-0.05));
#4728=CARTESIAN_POINT('',(1.21269872981078,0.1,-0.05));
#4729=CARTESIAN_POINT('',(1.21269872981078,0.1,-0.05));
#4730=CARTESIAN_POINT('',(1.3065,0.1,0.025));
#4731=CARTESIAN_POINT('',(1.31319872981078,0.1,0.05));
#4732=CARTESIAN_POINT('',(1.31319872981078,0.1,0.05));
#4733=CARTESIAN_POINT('',(1.40030127018922,0.1,0.05));
#4734=CARTESIAN_POINT('',(1.40030127018922,0.1,0.05));
#4735=CARTESIAN_POINT('',(1.407,0.1,0.025));
#4736=CARTESIAN_POINT('',(1.407,0.1,-0.025));
#4737=CARTESIAN_POINT('',(1.40030127018922,0.1,-0.05));
#4738=CARTESIAN_POINT('',(1.407,0.1,-0.025));
#4739=CARTESIAN_POINT('',(1.40030127018922,0.1,-0.05));
#4740=CARTESIAN_POINT('',(1.31319872981078,0.1,-0.05));
#4741=CARTESIAN_POINT('',(1.31319872981078,0.1,-0.05));
#4742=CARTESIAN_POINT('',(1.407,0.1,0.025));
#4743=CARTESIAN_POINT('',(1.41369872981078,0.1,0.05));
#4744=CARTESIAN_POINT('',(1.41369872981078,0.1,0.05));
#4745=CARTESIAN_POINT('',(1.50080127018922,0.1,0.05));
#4746=CARTESIAN_POINT('',(1.50080127018922,0.1,0.05));
#4747=CARTESIAN_POINT('',(1.5075,0.1,0.025));
#4748=CARTESIAN_POINT('',(1.5075,0.1,-0.025));
#4749=CARTESIAN_POINT('',(1.50080127018922,0.1,-0.05));
#4750=CARTESIAN_POINT('',(1.5075,0.1,-0.025));
#4751=CARTESIAN_POINT('',(1.50080127018922,0.1,-0.05));
#4752=CARTESIAN_POINT('',(1.41369872981078,0.1,-0.05));
#4753=CARTESIAN_POINT('',(1.41369872981078,0.1,-0.05));
#4754=CARTESIAN_POINT('',(1.5075,0.1,0.025));
#4755=CARTESIAN_POINT('',(1.51419872981078,0.1,0.05));
#4756=CARTESIAN_POINT('',(1.51419872981078,0.1,0.05));
#4757=CARTESIAN_POINT('',(1.60130127018922,0.1,0.05));
#4758=CARTESIAN_POINT('',(1.60130127018922,0.1,0.05));
#4759=CARTESIAN_POINT('',(1.608,0.1,0.025));
#4760=CARTESIAN_POINT('',(1.608,0.1,0.025));
#4761=CARTESIAN_POINT('',(1.608,0.1,-0.025));
#4762=CARTESIAN_POINT('',(1.608,0.1,-0.025));
#4763=CARTESIAN_POINT('',(1.60130127018922,0.1,-0.05));
#4764=CARTESIAN_POINT('',(1.60130127018922,0.1,-0.05));
#4765=CARTESIAN_POINT('',(1.51419872981078,0.1,-0.05));
#4766=CARTESIAN_POINT('',(1.51419872981078,0.1,-0.05));
#4767=CARTESIAN_POINT('',(0.054,0.07,0.));
#4768=CARTESIAN_POINT('',(0.054,0.07,0.));
#4769=CARTESIAN_POINT('',(0.0890000000000001,0.07,0.));
#4770=CARTESIAN_POINT('',(0.054,0.07,0.));
#4771=CARTESIAN_POINT('',(0.154,0.07,0.));
#4772=CARTESIAN_POINT('',(0.154,0.07,0.));
#4773=CARTESIAN_POINT('',(0.189,0.07,0.));
#4774=CARTESIAN_POINT('',(0.154,0.07,0.));
#4775=CARTESIAN_POINT('',(0.254,0.07,0.));
#4776=CARTESIAN_POINT('',(0.254,0.07,0.));
#4777=CARTESIAN_POINT('',(0.289,0.07,0.));
#4778=CARTESIAN_POINT('',(0.254,0.07,0.));
#4779=CARTESIAN_POINT('',(0.354,0.07,0.));
#4780=CARTESIAN_POINT('',(0.354,0.07,0.));
#4781=CARTESIAN_POINT('',(0.389,0.07,0.));
#4782=CARTESIAN_POINT('',(0.354,0.07,0.));
#4783=CARTESIAN_POINT('',(0.454,0.07,0.));
#4784=CARTESIAN_POINT('',(0.454,0.07,0.));
#4785=CARTESIAN_POINT('',(0.489,0.07,0.));
#4786=CARTESIAN_POINT('',(0.454,0.07,0.));
#4787=CARTESIAN_POINT('',(0.554,0.07,0.));
#4788=CARTESIAN_POINT('',(0.554,0.07,0.));
#4789=CARTESIAN_POINT('',(0.589,0.07,0.));
#4790=CARTESIAN_POINT('',(0.554,0.07,0.));
#4791=CARTESIAN_POINT('',(0.654,0.07,0.));
#4792=CARTESIAN_POINT('',(0.654,0.07,0.));
#4793=CARTESIAN_POINT('',(0.689,0.07,0.));
#4794=CARTESIAN_POINT('',(0.654,0.07,0.));
#4795=CARTESIAN_POINT('',(0.754,0.07,0.));
#4796=CARTESIAN_POINT('',(0.754,0.07,0.));
#4797=CARTESIAN_POINT('',(0.789,0.07,0.));
#4798=CARTESIAN_POINT('',(0.754,0.07,0.));
#4799=CARTESIAN_POINT('',(0.854,0.07,0.));
#4800=CARTESIAN_POINT('',(0.854,0.07,0.));
#4801=CARTESIAN_POINT('',(0.889,0.07,0.));
#4802=CARTESIAN_POINT('',(0.854,0.07,0.));
#4803=CARTESIAN_POINT('',(0.954,0.07,0.));
#4804=CARTESIAN_POINT('',(0.954,0.07,0.));
#4805=CARTESIAN_POINT('',(0.989,0.07,0.));
#4806=CARTESIAN_POINT('',(0.954,0.07,0.));
#4807=CARTESIAN_POINT('',(1.054,0.07,0.));
#4808=CARTESIAN_POINT('',(1.054,0.07,0.));
#4809=CARTESIAN_POINT('',(1.089,0.07,0.));
#4810=CARTESIAN_POINT('',(1.054,0.07,0.));
#4811=CARTESIAN_POINT('',(1.154,0.07,0.));
#4812=CARTESIAN_POINT('',(1.154,0.07,0.));
#4813=CARTESIAN_POINT('',(1.189,0.07,0.));
#4814=CARTESIAN_POINT('',(1.154,0.07,0.));
#4815=CARTESIAN_POINT('',(1.254,0.07,0.));
#4816=CARTESIAN_POINT('',(1.254,0.07,0.));
#4817=CARTESIAN_POINT('',(1.289,0.07,0.));
#4818=CARTESIAN_POINT('',(1.254,0.07,0.));
#4819=CARTESIAN_POINT('',(1.354,0.07,0.));
#4820=CARTESIAN_POINT('',(1.354,0.07,0.));
#4821=CARTESIAN_POINT('',(1.389,0.07,0.));
#4822=CARTESIAN_POINT('',(1.354,0.07,0.));
#4823=CARTESIAN_POINT('',(1.454,0.07,0.));
#4824=CARTESIAN_POINT('',(1.454,0.07,0.));
#4825=CARTESIAN_POINT('',(1.489,0.07,0.));
#4826=CARTESIAN_POINT('',(1.454,0.07,0.));
#4827=CARTESIAN_POINT('',(1.554,0.07,0.));
#4828=CARTESIAN_POINT('',(1.554,0.07,0.));
#4829=CARTESIAN_POINT('',(1.589,0.07,0.));
#4830=CARTESIAN_POINT('',(1.554,0.07,0.));
#4831=CARTESIAN_POINT('',(-0.804,0.,0.));
#4832=CARTESIAN_POINT('',(-3.31739921852619E-18,-0.1,0.));
#4833=CARTESIAN_POINT('',(-3.41681504422874E-18,-0.104555136271329,0.));
#4834=CARTESIAN_POINT('',(-0.009,-0.104555136271329,0.));
#4835=CARTESIAN_POINT('',(-3.31739921852619E-18,-0.1,0.));
#4836=CARTESIAN_POINT('',(0.026,-0.1,0.));
#4837=CARTESIAN_POINT('',(8.33578201020896E-36,0.052,0.));
#4838=CARTESIAN_POINT('',(0.,0.052,0.));
#4839=CARTESIAN_POINT('',(0.035,0.052,0.));
#4840=CARTESIAN_POINT('',(0.,0.052,0.));
#4841=CARTESIAN_POINT('',(0.,0.052,-0.0125));
#4842=CARTESIAN_POINT('',(-3.46944695195361E-18,-0.106966679003209,0.));
#4843=CARTESIAN_POINT('',(-1.1348997326537E-18,0.,0.));
#4844=CARTESIAN_POINT('',(0.035,-7.63874820055372E-19,0.));
#4845=CARTESIAN_POINT('',(0.035,-9.82124768642622E-20,0.));
#4846=CARTESIAN_POINT('',(-1.1348997326537E-18,0.,0.));
#4847=CARTESIAN_POINT('',(0.026,-5.67449866326848E-19,0.));
#4848=CARTESIAN_POINT('',(-3.46944695195361E-18,-0.106966679003209,0.));
#4849=CARTESIAN_POINT('',(-1.52774964011074E-18,-0.018,0.));
#4850=CARTESIAN_POINT('',(0.026,-0.018,0.));
#4851=CARTESIAN_POINT('',(0.026,-0.018,0.));
#4852=CARTESIAN_POINT('',(-1.52774964011074E-18,-0.018,0.));
#4853=CARTESIAN_POINT('',(0.0305,-0.018,0.));
#4854=CARTESIAN_POINT('',(-1.52774964011074E-18,-0.018,0.));
#4855=CARTESIAN_POINT('',(-1.79758620260401E-18,-0.0303636483875458,0.));
#4856=CARTESIAN_POINT('',(0.026,-0.0303636483875458,0.));
#4857=CARTESIAN_POINT('',(-3.46944695195361E-18,-0.106966679003209,0.));
#4858=CARTESIAN_POINT('',(0.,0.218,0.));
#4859=CARTESIAN_POINT('',(0.,0.218,0.));
#4860=CARTESIAN_POINT('',(0.,0.218,-0.002));
#4861=CARTESIAN_POINT('',(0.,0.2075,0.));
#4862=CARTESIAN_POINT('',(0.,0.2075,0.));
#4863=CARTESIAN_POINT('',(0.,0.2075,-0.0125));
#4864=CARTESIAN_POINT('',(0.,0.052,0.));
#4865=CARTESIAN_POINT('',(0.,-0.259,0.));
#4866=CARTESIAN_POINT('',(0.,-0.252,0.));
#4867=CARTESIAN_POINT('',(0.,-0.252,-0.009));
#4868=CARTESIAN_POINT('',(0.,-0.252,0.));
#4869=CARTESIAN_POINT('',(0.,-0.259,0.));
#4870=CARTESIAN_POINT('',(0.,-0.259,-0.002));
#4871=CARTESIAN_POINT('',(0.002,-0.259,0.));
#4872=CARTESIAN_POINT('',(-0.75,0.108,0.));
#4873=CARTESIAN_POINT('',(-0.65,0.108,0.));
#4874=CARTESIAN_POINT('',(-0.55,0.108,0.));
#4875=CARTESIAN_POINT('',(-0.45,0.108,0.));
#4876=CARTESIAN_POINT('',(-0.35,0.108,0.));
#4877=CARTESIAN_POINT('',(-0.25,0.108,0.));
#4878=CARTESIAN_POINT('',(-0.15,0.108,0.));
#4879=CARTESIAN_POINT('',(-0.05,0.108,0.));
#4880=CARTESIAN_POINT('',(0.0499999999999999,0.108,0.));
#4881=CARTESIAN_POINT('',(0.15,0.108,0.));
#4882=CARTESIAN_POINT('',(0.25,0.108,0.));
#4883=CARTESIAN_POINT('',(0.35,0.108,0.));
#4884=CARTESIAN_POINT('',(0.45,0.108,0.));
#4885=CARTESIAN_POINT('',(0.55,0.108,0.));
#4886=CARTESIAN_POINT('',(0.65,0.108,0.));
#4887=CARTESIAN_POINT('',(0.75,0.108,0.));
#4888=MECHANICAL_DESIGN_GEOMETRIC_PRESENTATION_REPRESENTATION('',(#2976,
#2977),#4889);
#4889=(
GEOMETRIC_REPRESENTATION_CONTEXT(3)
GLOBAL_UNCERTAINTY_ASSIGNED_CONTEXT((#4892))
GLOBAL_UNIT_ASSIGNED_CONTEXT((#4897,#4896,#4895))
REPRESENTATION_CONTEXT('TS-116-G-A','TOP_LEVEL_ASSEMBLY_PART')
);
#4890=(
GEOMETRIC_REPRESENTATION_CONTEXT(3)
GLOBAL_UNCERTAINTY_ASSIGNED_CONTEXT((#4893))
GLOBAL_UNIT_ASSIGNED_CONTEXT((#4897,#4896,#4895))
REPRESENTATION_CONTEXT('TS-116-G-A_socket','COMPONENT_PART')
);
#4891=(
GEOMETRIC_REPRESENTATION_CONTEXT(3)
GLOBAL_UNCERTAINTY_ASSIGNED_CONTEXT((#4894))
GLOBAL_UNIT_ASSIGNED_CONTEXT((#4897,#4896,#4895))
REPRESENTATION_CONTEXT('-101-G-A_pins','COMPONENT_PART')
);
#4892=UNCERTAINTY_MEASURE_WITH_UNIT(LENGTH_MEASURE(3.93700787401575E-7),
#4897,'DISTANCE_ACCURACY_VALUE','Maximum Tolerance applied to model');
#4893=UNCERTAINTY_MEASURE_WITH_UNIT(LENGTH_MEASURE(3.93700787401575E-7),
#4897,'DISTANCE_ACCURACY_VALUE','Maximum Tolerance applied to model');
#4894=UNCERTAINTY_MEASURE_WITH_UNIT(LENGTH_MEASURE(3.93700787401575E-7),
#4897,'DISTANCE_ACCURACY_VALUE','Maximum Tolerance applied to model');
#4895=(
NAMED_UNIT(*)
SI_UNIT($,.STERADIAN.)
SOLID_ANGLE_UNIT()
);
#4896=(
NAMED_UNIT(*)
PLANE_ANGLE_UNIT()
SI_UNIT($,.RADIAN.)
);
#4897=(
CONVERSION_BASED_UNIT('INCH',#4899)
LENGTH_UNIT()
NAMED_UNIT(#4898)
);
#4898=DIMENSIONAL_EXPONENTS(1.,0.,0.,0.,0.,0.,0.);
#4899=LENGTH_MEASURE_WITH_UNIT(LENGTH_MEASURE(25.4),#4900);
#4900=(
LENGTH_UNIT()
NAMED_UNIT(*)
SI_UNIT(.MILLI.,.METRE.)
);
#4901=PRODUCT_DEFINITION_SHAPE('','',#4921);
#4902=PRODUCT_DEFINITION_SHAPE('','',#4922);
#4903=PRODUCT_DEFINITION_SHAPE(' ','NAUO PRDDFN',#40);
#4904=PRODUCT_DEFINITION_SHAPE('','',#4923);
#4905=PRODUCT_DEFINITION_SHAPE(' ','NAUO PRDDFN',#41);
#4906=PRODUCT_DEFINITION_SHAPE(' ','NAUO PRDDFN',#42);
#4907=PRODUCT_DEFINITION_SHAPE(' ','NAUO PRDDFN',#43);
#4908=PRODUCT_DEFINITION_SHAPE(' ','NAUO PRDDFN',#44);
#4909=PRODUCT_DEFINITION_SHAPE(' ','NAUO PRDDFN',#45);
#4910=PRODUCT_DEFINITION_SHAPE(' ','NAUO PRDDFN',#46);
#4911=PRODUCT_DEFINITION_SHAPE(' ','NAUO PRDDFN',#47);
#4912=PRODUCT_DEFINITION_SHAPE(' ','NAUO PRDDFN',#48);
#4913=PRODUCT_DEFINITION_SHAPE(' ','NAUO PRDDFN',#49);
#4914=PRODUCT_DEFINITION_SHAPE(' ','NAUO PRDDFN',#50);
#4915=PRODUCT_DEFINITION_SHAPE(' ','NAUO PRDDFN',#51);
#4916=PRODUCT_DEFINITION_SHAPE(' ','NAUO PRDDFN',#52);
#4917=PRODUCT_DEFINITION_SHAPE(' ','NAUO PRDDFN',#53);
#4918=PRODUCT_DEFINITION_SHAPE(' ','NAUO PRDDFN',#54);
#4919=PRODUCT_DEFINITION_SHAPE(' ','NAUO PRDDFN',#55);
#4920=PRODUCT_DEFINITION_SHAPE(' ','NAUO PRDDFN',#56);
#4921=PRODUCT_DEFINITION('','',#4927,#4924);
#4922=PRODUCT_DEFINITION('','',#4928,#4925);
#4923=PRODUCT_DEFINITION('','',#4929,#4926);
#4924=PRODUCT_DEFINITION_CONTEXT('',#4943,'design');
#4925=PRODUCT_DEFINITION_CONTEXT('',#4943,'design');
#4926=PRODUCT_DEFINITION_CONTEXT('',#4943,'design');
#4927=PRODUCT_DEFINITION_FORMATION_WITH_SPECIFIED_SOURCE('','',#4933,
 .NOT_KNOWN.);
#4928=PRODUCT_DEFINITION_FORMATION_WITH_SPECIFIED_SOURCE('','',#4934,
 .NOT_KNOWN.);
#4929=PRODUCT_DEFINITION_FORMATION_WITH_SPECIFIED_SOURCE('','',#4935,
 .NOT_KNOWN.);
#4930=PRODUCT_RELATED_PRODUCT_CATEGORY('','',(#4933));
#4931=PRODUCT_RELATED_PRODUCT_CATEGORY('','',(#4934));
#4932=PRODUCT_RELATED_PRODUCT_CATEGORY('','',(#4935));
#4933=PRODUCT('TS-116-G-A','TS-116-G-A','TS-116-G-A',(#4939));
#4934=PRODUCT('TS-116-G-A_socket','TS-116-G-A_socket',
'TS-116-G-A_socket',(#4940));
#4935=PRODUCT('-101-G-A_pins','-101-G-A_pins','-101-G-A_pins',(#4941));
#4936=PRODUCT_CATEGORY('','');
#4937=PRODUCT_CATEGORY('','');
#4938=PRODUCT_CATEGORY('','');
#4939=PRODUCT_CONTEXT('',#4943,'mechanical');
#4940=PRODUCT_CONTEXT('',#4943,'mechanical');
#4941=PRODUCT_CONTEXT('',#4943,'mechanical');
#4942=APPLICATION_PROTOCOL_DEFINITION('international standard',
'automotive_design',2010,#4943);
#4943=APPLICATION_CONTEXT(
'core data for automotive mechanical design processes');
ENDSEC;
END-ISO-10303-21;
